1,-55,-304,-177.7008
2,-55,-282,-164.3568
3,-55,-274,-151.7588
4,-48,-294,-138.5784
5,-43,-244,-129.8928
6,-35,-252,-121.2144
7,-33,-231,-114.696
8,-33,-205,-107.7436
9,-33,-203,-100.8312
10,-28,-179,-94.0676
11,-27,-190,-87.6008
12,-27,-166,-83.1432
13,-25,-164,-78.3376
14,-25,-150,-74.404
15,-25,-146,-69.9836
16,-25,-152,-66.168
17,-18,-122,-63.1656
18,-18,-119,-58.2656
19,-18,-119,-55.0828
20,-14,-109,-51.8028
21,-14,-114,-48.9828
22,-14,-114,-46.0252
23,-14,-101,-43.8948
24,-14,-110,-41.2584
25,-14,-104,-39.1536
26,-14,-110,-37.5396
27,-14,-96,-36.4928
28,-12,-95,-35.0852
29,-12,-92,-34.1244
30,-12,-99,-33.3068
31,-12,-95,-32.5132
32,-12,-104,-31.8472
33,-12,-90,-31.4632
34,-12,-92,-31.294
35,-12,-89,-30.6748
36,-12,-85,-30.1864
37,-12,-96,-29.4852
38,-12,-77,-29.2208
39,-12,-93,-28.212
40,-12,-85,-28.0624
41,-11,-79,-27.8628
42,-11,-80,-27.3456
43,-9,-82,-26.8228
44,-9,-74,-26.6524
45,-9,-95,-26.2604
46,-9,-82,-26.0088
47,-9,-90,-25.5672
48,-9,-83,-25.178
49,-9,-76,-24.7172
50,-9,-81,-24.2584
51,-9,-78,-23.9312
52,-9,-99,-23.5764
53,-9,-83,-23.3032
54,-9,-71,-22.9328
55,-9,-83,-21.8024
56,-9,-70,-21.612
57,-9,-89,-21.0824
58,-9,-82,-20.9532
59,-9,-83,-20.2952
60,-9,-73,-20.2388
61,-9,-83,-19.4604
62,-9,-67,-19.2828
63,-9,-74,-18.7576
64,-9,-66,-18.5408
65,-8,-65,-17.9384
66,-8,-75,-17.7312
67,-8,-74,-17.7892
68,-7,-87,-17.6072
69,-7,-68,-17.3228
70,-7,-67,-16.6856
71,-7,-91,-16.3776
72,-7,-72,-16.3816
73,-7,-70,-16.244
74,-7,-72,-16.0904
75,-7,-101,-15.9976
76,-7,-84,-16.314
77,-7,-72,-16.1652
78,-7,-90,-15.9764
79,-7,-77,-15.8908
80,-7,-70,-15.5656
81,-7,-71,-15.4756
82,-7,-86,-15.4644
83,-7,-82,-15.3588
84,-7,-66,-15.32
85,-7,-70,-14.9052
86,-7,-71,-15.048
87,-7,-82,-14.876
88,-7,-86,-14.904
89,-7,-64,-14.9132
90,-7,-62,-14.7032
91,-7,-70,-14.5368
92,-7,-79,-14.6844
93,-7,-63,-14.614
94,-7,-83,-14.4548
95,-7,-64,-14.6376
96,-7,-61,-14.3892
97,-7,-63,-14.2416
98,-7,-63,-13.846
99,-7,-69,-13.6388
100,-7,-75,-13.7392
101,-7,-80,-13.9104
102,-7,-67,-14.0592
103,-7,-60,-13.7044
104,-7,-58,-13.728
105,-7,-61,-13.4552
106,-7,-81,-13.4168
107,-7,-75,-13.318
108,-7,-81,-13.5536
109,-7,-85,-13.4836
110,-7,-92,-13.602
111,-6,-59,-13.538
112,-6,-58,-13.0096
113,-6,-68,-12.8632
114,-6,-63,-12.918
115,-6,-66,-12.9852
116,-6,-77,-12.7972
117,-6,-67,-12.9684
118,-6,-58,-12.7748
119,-6,-60,-12.6588
120,-6,-64,-12.5412
121,-6,-60,-12.698
122,-6,-60,-12.5628
123,-6,-70,-12.3144
124,-6,-59,-12.5072
125,-6,-67,-12.1496
126,-6,-77,-12.4664
127,-6,-74,-12.4628
128,-6,-65,-12.5916
129,-6,-66,-12.3828
130,-6,-65,-12.5788
131,-6,-78,-12.3352
132,-6,-57,-12.438
133,-6,-65,-11.9784
134,-6,-77,-12.1448
135,-6,-61,-12.3904
136,-6,-71,-11.9928
137,-6,-73,-12.022
138,-6,-71,-11.9864
139,-6,-59,-12.0992
140,-6,-69,-11.9624
141,-6,-70,-11.8584
142,-6,-59,-11.8896
143,-6,-67,-11.8648
144,-5,-87,-11.8416
145,-5,-76,-11.9892
146,-5,-87,-11.7828
147,-5,-75,-11.892
148,-5,-100,-11.8556
149,-5,-73,-12.0972
150,-4,-70,-11.9444
151,-4,-79,-11.6516
152,-4,-67,-11.6256
153,-4,-61,-11.5048
154,-4,-78,-11.3
155,-4,-76,-11.4608
156,-4,-78,-11.6096
157,-4,-63,-11.538
158,-4,-58,-11.4156
159,-4,-63,-11.482
160,-4,-87,-11.102
161,-4,-61,-11.2516
162,-4,-70,-10.9672
163,-4,-70,-11.332
164,-4,-79,-11.2016
165,-4,-88,-11.2416
166,-4,-54,-11.3824
167,-4,-74,-10.8948
168,-4,-64,-10.9812
169,-4,-67,-10.8504
170,-4,-66,-10.9808
171,-4,-100,-10.9564
172,-4,-70,-11.2112
173,-4,-60,-11.2384
174,-4,-56,-10.722
175,-4,-64,-10.498
176,-4,-64,-10.71
177,-4,-53,-10.8728
178,-4,-58,-10.634
179,-4,-64,-10.422
180,-4,-73,-10.4472
181,-4,-67,-10.6324
182,-3,-60,-10.5776
183,-3,-58,-10.3672
184,-3,-70,-10.3252
185,-3,-82,-10.4964
186,-3,-74,-10.7284
187,-3,-96,-10.816
188,-3,-77,-11.0808
189,-3,-74,-10.7744
190,-3,-68,-10.8308
191,-3,-72,-10.6248
192,-3,-85,-10.6828
193,-3,-79,-10.91
194,-3,-88,-10.9116
195,-3,-73,-11.0644
196,-3,-62,-11.1436
197,-3,-78,-10.6468
198,-3,-71,-10.6656
199,-3,-57,-10.5572
200,-3,-79,-9.944
201,-3,-63,-10.206
202,-3,-64,-10.2256
203,-3,-75,-10.2364
204,-3,-58,-10.3204
205,-3,-55,-10.0904
206,-3,-56,-10.0388
207,-3,-60,-9.8808
208,-3,-64,-10.0456
209,-3,-69,-9.7444
210,-3,-56,-9.7156
211,-3,-61,-9.6392
212,-3,-73,-9.7412
213,-3,-63,-9.8948
214,-3,-64,-9.7944
215,-3,-60,-9.978
216,-3,-78,-9.922
217,-3,-84,-10.1596
218,-3,-73,-10.2476
219,-3,-60,-10.0116
220,-3,-65,-9.6444
221,-3,-65,-9.638
222,-3,-62,-9.8272
223,-3,-61,-9.8776
224,-3,-88,-9.6732
225,-3,-59,-9.846
226,-3,-67,-9.7392
227,-3,-63,-9.7124
228,-3,-59,-9.4972
229,-3,-73,-9.4688
230,-3,-60,-9.564
231,-3,-62,-9.5524
232,-3,-84,-9.4404
233,-3,-64,-9.7252
234,-3,-57,-9.5036
235,-3,-70,-9.1976
236,-3,-75,-9.2756
237,-3,-61,-9.4332
238,-3,-77,-9.2328
239,-3,-79,-9.4264
240,-3,-61,-9.3944
241,-3,-65,-9.154
242,-3,-65,-9.1064
243,-3,-61,-9.0664
244,-3,-57,-8.7568
245,-3,-74,-8.76
246,-3,-66,-9.0544
247,-3,-56,-8.9412
248,-3,-78,-8.95
249,-3,-66,-9.174
250,-3,-64,-9.0592
251,-3,-64,-9.0584
252,-3,-58,-8.784
253,-3,-72,-8.7852
254,-3,-54,-8.8608
255,-3,-69,-8.676
256,-3,-62,-8.854
257,-3,-60,-8.7128
258,-3,-64,-8.7548
259,-3,-60,-8.7048
260,-3,-79,-8.5104
261,-3,-81,-8.5996
262,-3,-66,-8.8132
263,-3,-71,-8.6396
264,-3,-68,-8.6324
265,-3,-59,-8.5468
266,-3,-58,-8.2868
267,-3,-73,-8.3884
268,-3,-61,-8.5672
269,-3,-70,-8.3808
270,-3,-72,-8.8064
271,-3,-70,-8.478
272,-3,-76,-8.5272
273,-3,-65,-8.646
274,-3,-69,-8.3976
275,-3,-63,-8.3412
276,-3,-51,-8.272
277,-3,-56,-7.8992
278,-3,-69,-7.8432
279,-3,-57,-8.1804
280,-3,-56,-7.8664
281,-3,-53,-7.8864
282,-3,-56,-7.8432
283,-3,-56,-7.7452
284,-3,-65,-7.8148
285,-3,-64,-8.006
286,-3,-80,-7.974
287,-3,-63,-7.8392
288,-3,-56,-7.8904
289,-3,-74,-7.5256
290,-3,-75,-7.9332
291,-3,-73,-8.0492
292,-3,-59,-8.0052
293,-3,-75,-7.9548
294,-3,-75,-8.0048
295,-3,-77,-8.0832
296,-3,-59,-8.092
297,-3,-62,-7.8836
298,-2,-56,-7.8416
299,-2,-62,-7.7864
300,-2,-74,-7.7916
301,-2,-61,-7.9616
302,-2,-54,-7.8404
303,-2,-56,-7.4892
304,-2,-73,-7.4688
305,-2,-59,-7.5844
306,-2,-71,-7.484
307,-2,-62,-7.7256
308,-2,-77,-7.5376
309,-2,-84,-7.95
310,-2,-71,-7.9228
311,-2,-84,-8.0352
312,-2,-71,-8.4788
313,-2,-75,-8.0056
314,-2,-55,-7.8268
315,-2,-60,-7.4904
316,-2,-59,-7.37
317,-2,-58,-7.3564
318,-2,-66,-7.2196
319,-2,-56,-7.12
320,-2,-54,-7.176
321,-2,-54,-7.228
322,-2,-71,-7.1732
323,-2,-75,-7.2704
324,-2,-59,-7.3352
325,-2,-71,-7.4276
326,-2,-57,-7.4096
327,-2,-54,-7.026
328,-2,-59,-6.8208
329,-2,-54,-6.8896
330,-2,-62,-6.8548
331,-2,-64,-6.8204
332,-2,-56,-7.1032
333,-2,-85,-7.0124
334,-2,-65,-7.2104
335,-2,-58,-7.0808
336,-2,-69,-6.9636
337,-2,-60,-7.0248
338,-2,-57,-6.9264
339,-2,-55,-6.8952
340,-2,-55,-6.7432
341,-2,-70,-6.7136
342,-2,-74,-6.8856
343,-2,-79,-7.1232
344,-2,-68,-7.1748
345,-2,-79,-6.988
346,-2,-63,-7.1608
347,-2,-63,-7.022
348,-2,-58,-7.0576
349,-2,-77,-6.946
350,-2,-77,-7.0696
351,-2,-67,-7.114
352,-2,-61,-6.9772
353,-2,-85,-6.8596
354,-2,-67,-7.0232
355,-2,-57,-7.0508
356,-2,-74,-6.9348
357,-2,-64,-6.8928
358,-2,-73,-6.8472
359,-2,-61,-6.8256
360,-2,-68,-6.9676
361,-2,-62,-6.78
362,-2,-53,-6.8096
363,-2,-53,-6.706
364,-2,-55,-6.7292
365,-2,-52,-6.5416
366,-2,-68,-6.4164
367,-2,-65,-6.6328
368,-2,-58,-6.6568
369,-2,-57,-6.6356
370,-2,-67,-6.6108
371,-2,-65,-6.8408
372,-2,-55,-6.7508
373,-2,-62,-6.4304
374,-2,-56,-6.4864
375,-1,-63,-6.268
376,-1,-80,-6.2788
377,-1,-74,-6.5784
378,-1,-69,-6.7824
379,-1,-56,-6.6956
380,-1,-66,-6.4888
381,-1,-69,-6.4804
382,-1,-57,-6.4872
383,-1,-50,-6.2944
384,-1,-55,-6.1488
385,-1,-52,-6.2788
386,-1,-62,-6.2116
387,-1,-66,-6.2236
388,-1,-58,-6.2704
389,-1,-71,-6.2012
390,-1,-67,-6.3224
391,-1,-72,-6.4676
392,-1,-68,-6.376
393,-1,-69,-6.5244
394,-1,-59,-6.5944
395,-1,-80,-6.5444
396,-1,-66,-6.6104
397,-1,-72,-6.6364
398,-1,-74,-6.5204
399,-1,-59,-6.5356
400,-1,-58,-6.5412
401,-1,-68,-6.3452
402,-1,-67,-6.3756
403,-1,-79,-6.3828
404,-1,-54,-6.7312
405,-1,-57,-6.1948
406,-1,-56,-6.1996
407,-1,-50,-5.9948
408,-1,-51,-5.8028
409,-1,-59,-5.8044
410,-1,-56,-5.7692
411,-1,-62,-5.93
412,-1,-52,-5.8212
413,-1,-62,-5.7408
414,-1,-52,-5.8292
415,-1,-53,-5.91
416,-1,-52,-5.8264
417,-1,-53,-5.5724
418,-1,-53,-5.5268
419,-1,-72,-5.5632
420,-1,-58,-5.848
421,-1,-65,-5.7168
422,-1,-56,-5.9752
423,-1,-65,-5.9428
424,-1,-78,-5.982
425,-1,-89,-6.2692
426,-1,-54,-6.5984
427,-1,-63,-6.2144
428,-1,-81,-5.9284
429,-1,-64,-6.094
430,-1,-57,-6.0128
431,-1,-54,-5.9588
432,-1,-70,-5.956
433,-1,-66,-6.3024
434,-1,-79,-6.4064
435,-1,-59,-6.4568
436,-1,-80,-6.3636
437,-1,-84,-6.2664
438,-1,-61,-6.3916
439,-1,-75,-6.288
440,-1,-61,-6.4008
441,-1,-66,-6.0704
442,-1,-57,-6.022
443,-1,-58,-5.934
444,-1,-59,-5.9116
445,-1,-59,-6.0708
446,-1,-76,-5.974
447,-1,-74,-5.9848
448,-1,-72,-6.1264
449,-1,-65,-6.2112
450,-1,-64,-6.1656
451,-1,-58,-6.1596
452,-1,-62,-5.9944
453,-1,-56,-6.1172
454,-1,-55,-5.9136
455,-1,-77,-6.0104
456,-1,-68,-6.2228
457,-1,-71,-6.172
458,-1,-80,-6.3192
459,-1,-77,-6.28
460,-1,-63,-6.29
461,-1,-53,-5.8932
462,-1,-62,-5.7148
463,-1,-72,-5.7088
464,-1,-62,-5.7416
465,-1,-52,-5.5672
466,-1,-73,-5.568
467,-1,-58,-5.7108
468,-1,-69,-5.4324
469,-1,-79,-5.6516
470,-1,-66,-5.7908
471,-1,-52,-5.6816
472,-1,-75,-5.5508
473,-1,-56,-5.9296
474,-1,-57,-5.5576
475,-1,-64,-5.5792
476,-1,-66,-5.6016
477,-1,-68,-5.7376
478,-1,-83,-5.918
479,-1,-70,-6.044
480,-1,-72,-5.7432
481,-1,-82,-5.9088
482,-1,-81,-5.9304
483,-1,-62,-6.1256
484,-1,-61,-5.7952
485,-1,-66,-5.6892
486,-1,-59,-5.8404
487,-1,-65,-5.5716
488,-1,-75,-5.5872
489,-1,-78,-5.5644
490,-1,-70,-5.7708
491,-1,-72,-5.7924
492,-1,-57,-5.9096
493,-1,-52,-5.6452
494,-1,-56,-5.4368
495,-1,-59,-5.2672
496,-1,-55,-5.32
497,-1,-54,-5.2072
498,-1,-54,-5.2976
499,-1,-52,-5.2328
500,-1,-58,-5.0844
501,0,-57,-5.1468
1,-56,-316,-178.6472
2,-46,-295,-165.0132
3,-46,-283,-153.8788
4,-48,-290,-143.5848
5,-37,-261,-134.9988
6,-37,-236,-127.0708
7,-30,-266,-118.3104
8,-30,-229,-111.4788
9,-30,-205,-105.6004
10,-30,-192,-97.1
11,-30,-175,-91.5428
12,-30,-169,-85.544
13,-29,-161,-80.1224
14,-29,-157,-73.8112
15,-22,-149,-69.5148
16,-22,-148,-65.9012
17,-22,-138,-62.7
18,-22,-133,-58.3452
19,-22,-118,-55.4696
20,-22,-116,-53.1628
21,-22,-116,-50.8496
22,-22,-116,-48.6496
23,-22,-109,-47.1832
24,-22,-104,-44.9996
25,-22,-101,-43.3348
26,-22,-97,-42.064
27,-16,-103,-40.7216
28,-16,-107,-39.5088
29,-16,-95,-38.4708
30,-16,-94,-37.3424
31,-14,-98,-36.3572
32,-14,-84,-35.6332
33,-10,-87,-34.7112
34,-10,-107,-34.232
35,-10,-103,-34.1152
36,-10,-84,-33.8268
37,-10,-88,-33.0048
38,-10,-92,-32.5876
39,-10,-80,-31.9936
40,-9,-88,-31.0508
41,-9,-82,-30.662
42,-9,-101,-29.9632
43,-9,-98,-29.5232
44,-9,-88,-29.2084
45,-8,-91,-28.5204
46,-8,-87,-27.9
47,-8,-87,-27.5268
48,-8,-93,-27.0568
49,-8,-76,-26.7684
50,-8,-94,-26.0216
51,-8,-94,-25.8344
52,-8,-75,-25.296
53,-8,-77,-24.3712
54,-8,-80,-23.6624
55,-8,-79,-23.2444
56,-8,-79,-22.7868
57,-8,-68,-21.9156
58,-8,-76,-20.9336
59,-8,-72,-20.6336
60,-8,-89,-19.9388
61,-8,-73,-19.6556
62,-8,-87,-19.0292
63,-8,-85,-18.8732
64,-8,-78,-18.3792
65,-8,-82,-18.0316
66,-8,-71,-17.8556
67,-8,-70,-17.228
68,-8,-62,-16.8172
69,-8,-77,-16.3584
70,-8,-72,-16.2912
71,-8,-68,-15.8848
72,-8,-77,-15.6636
73,-8,-87,-15.702
74,-8,-85,-15.6968
75,-7,-75,-15.514
76,-7,-75,-15.42
77,-7,-72,-15.3072
78,-7,-65,-14.9764
79,-7,-70,-14.4044
80,-7,-62,-14.1372
81,-7,-64,-14.0676
82,-7,-73,-14.0528
83,-7,-94,-14.0328
84,-7,-65,-14.0096
85,-7,-61,-13.7408
86,-7,-74,-13.4124
87,-7,-69,-13.5056
88,-7,-77,-13.7036
89,-7,-82,-13.8048
90,-7,-68,-13.6384
91,-7,-73,-13.1828
92,-7,-73,-13.1804
93,-7,-77,-13.3216
94,-7,-65,-13.2732
95,-7,-58,-12.9716
96,-7,-61,-12.568
97,-7,-60,-12.5696
98,-7,-66,-12.5332
99,-7,-66,-12.56
100,-6,-66,-12.59
101,-6,-68,-12.754
102,-6,-63,-12.5236
103,-6,-66,-12.454
104,-6,-75,-12.5488
105,-6,-63,-12.63
106,-6,-75,-12.3972
107,-6,-75,-12.324
108,-6,-64,-12.3612
109,-6,-65,-12.3456
110,-6,-63,-12.2964
111,-6,-78,-12.1644
112,-6,-61,-12.3868
113,-6,-77,-12.2512
114,-6,-65,-12.4592
115,-6,-66,-12.2932
116,-6,-74,-12.1768
117,-6,-70,-12.1872
118,-6,-61,-11.8112
119,-6,-65,-11.4108
120,-6,-60,-11.3788
121,-6,-59,-11.226
122,-6,-63,-11.1884
123,-6,-67,-11.4432
124,-6,-57,-11.4632
125,-6,-59,-11.2896
126,-6,-67,-11.2492
127,-6,-77,-11.3696
128,-6,-63,-11.5532
129,-6,-55,-11.182
130,-6,-54,-10.9748
131,-6,-63,-11.0328
132,-6,-57,-11.142
133,-6,-71,-11.0468
134,-6,-53,-11.3364
135,-6,-54,-10.948
136,-6,-61,-10.9756
137,-6,-62,-11.0424
138,-6,-59,-11.07
139,-6,-64,-11.0104
140,-6,-60,-10.9544
141,-6,-61,-10.9788
142,-6,-81,-11.0992
143,-6,-78,-11.262
144,-6,-70,-11.342
145,-6,-77,-11.3116
146,-6,-67,-11.4252
147,-6,-73,-11.486
148,-6,-59,-11.5144
149,-6,-74,-11.2508
150,-6,-87,-11.1344
151,-6,-61,-11.4168
152,-6,-65,-11.1336
153,-6,-71,-11.234
154,-6,-65,-11.1692
155,-6,-69,-11.1044
156,-6,-70,-11.0948
157,-6,-79,-11.1
158,-6,-78,-11.2712
159,-5,-70,-11.2704
160,-5,-67,-11.0288
161,-5,-56,-11.0924
162,-5,-56,-10.6428
163,-5,-58,-10.8368
164,-5,-65,-10.876
165,-5,-69,-10.9584
166,-5,-81,-11.0632
167,-5,-71,-11.1632
168,-5,-83,-10.994
169,-5,-83,-11.1896
170,-5,-65,-11.3392
171,-5,-68,-10.9908
172,-5,-60,-10.9348
173,-5,-67,-10.7096
174,-5,-63,-10.814
175,-5,-65,-10.622
176,-5,-58,-10.6044
177,-5,-64,-10.3868
178,-5,-87,-10.5804
179,-5,-58,-10.8816
180,-5,-86,-10.546
181,-5,-86,-10.8584
182,-5,-79,-11.0208
183,-5,-72,-11.0692
184,-5,-84,-10.8944
185,-5,-67,-11.0328
186,-5,-64,-11.0336
187,-5,-74,-10.9432
188,-5,-90,-10.852
189,-5,-82,-10.8864
190,-5,-66,-10.9192
191,-5,-90,-10.714
192,-5,-61,-10.8288
193,-5,-76,-10.6468
194,-5,-63,-10.782
195,-5,-58,-10.6536
196,-5,-71,-10.5744
197,-5,-91,-10.6212
198,-5,-87,-10.804
199,-5,-88,-10.9844
200,-5,-79,-10.9356
201,-5,-81,-11.0764
202,-5,-75,-11.242
203,-5,-79,-10.9444
204,-5,-77,-10.9228
205,-5,-88,-11.012
206,-5,-82,-11.1052
207,-5,-61,-10.992
208,-5,-73,-10.672
209,-5,-66,-10.6188
210,-5,-68,-10.4952
211,-5,-87,-10.5856
212,-5,-91,-10.7568
213,-5,-75,-10.7964
214,-5,-71,-10.5604
215,-5,-84,-10.5252
216,-5,-66,-10.6796
217,-5,-72,-10.51
218,-5,-76,-10.386
219,-5,-89,-10.5048
220,-5,-60,-10.8532
221,-5,-63,-10.436
222,-5,-65,-10.2344
223,-5,-59,-10.2796
224,-5,-58,-10.248
225,-5,-70,-10.0808
226,-5,-70,-9.9924
227,-5,-62,-10.1188
228,-5,-56,-10.0388
229,-5,-77,-9.8756
230,-5,-83,-10.1004
231,-5,-90,-10.386
232,-4,-92,-10.532
233,-4,-60,-10.5172
234,-4,-82,-10.2684
235,-4,-68,-10.5148
236,-4,-58,-10.1348
237,-4,-65,-9.8352
238,-4,-72,-9.9208
239,-4,-65,-10.0856
240,-4,-63,-9.916
241,-4,-74,-9.772
242,-4,-67,-10.0104
243,-4,-67,-9.9428
244,-4,-58,-9.7936
245,-4,-58,-9.7012
246,-4,-57,-9.7428
247,-4,-75,-9.6276
248,-4,-63,-9.7256
249,-4,-84,-9.6944
250,-4,-61,-9.9968
251,-4,-80,-9.6036
252,-4,-76,-9.694
253,-4,-66,-9.746
254,-4,-87,-9.8084
255,-4,-90,-10.0152
256,-4,-64,-10.234
257,-4,-65,-9.7224
258,-4,-58,-9.71
259,-4,-73,-9.642
260,-4,-59,-9.44
261,-4,-87,-9.3544
262,-4,-64,-9.4328
263,-4,-96,-9.398
264,-4,-68,-9.6252
265,-4,-58,-9.6352
266,-4,-59,-9.3116
267,-4,-82,-9.3548
268,-4,-69,-9.59
269,-4,-60,-9.6008
270,-4,-88,-9.5836
271,-4,-63,-9.7772
272,-4,-56,-9.4924
273,-4,-56,-9.1964
274,-4,-67,-9.0544
275,-4,-58,-9.3328
276,-4,-63,-9.2332
277,-4,-61,-9.2988
278,-4,-62,-9.196
279,-4,-86,-9.2176
280,-4,-57,-9.3944
281,-4,-65,-9.0628
282,-4,-65,-9.0944
283,-4,-59,-9.1744
284,-4,-69,-8.9404
285,-4,-54,-9.2256
286,-4,-62,-9.0772
287,-4,-56,-9.104
288,-4,-61,-9.0476
289,-4,-80,-8.9704
290,-4,-68,-9.2392
291,-4,-56,-9.26
292,-4,-76,-9.1396
293,-4,-62,-9.1044
294,-4,-56,-8.9388
295,-4,-59,-8.7488
296,-4,-62,-8.7604
297,-4,-58,-8.8828
298,-4,-68,-8.6332
299,-3,-93,-8.79
300,-3,-56,-8.8548
301,-3,-60,-8.6008
302,-3,-58,-8.4072
303,-3,-74,-8.5884
304,-3,-63,-8.8144
305,-3,-64,-8.842
306,-3,-70,-8.7292
307,-3,-61,-8.7744
308,-3,-72,-8.936
309,-3,-58,-9.0884
310,-3,-67,-8.7596
311,-3,-64,-8.64
312,-3,-69,-8.548
313,-3,-58,-8.6556
314,-3,-84,-8.4096
315,-3,-76,-8.6012
316,-3,-69,-8.7652
317,-3,-68,-8.744
318,-3,-75,-8.9468
319,-3,-94,-8.974
320,-4,-67,-9.07
321,-4,-72,-8.9772
322,-4,-71,-8.9144
323,-4,-70,-8.8528
324,-4,-73,-8.9788
325,-4,-53,-8.9176
326,-4,-59,-8.5176
327,-3,-73,-8.6556
328,-3,-65,-8.5384
329,-3,-58,-8.5716
330,-3,-65,-8.26
331,-3,-72,-8.556
332,-3,-61,-8.3596
333,-3,-78,-8.2712
334,-3,-84,-8.4088
335,-3,-87,-8.6588
336,-3,-70,-8.8248
337,-3,-79,-8.5512
338,-3,-72,-8.3888
339,-3,-60,-8.4608
340,-3,-82,-8.2704
341,-3,-63,-8.5284
342,-3,-78,-8.6008
343,-3,-76,-8.6296
344,-3,-80,-8.6488
345,-3,-77,-8.8264
346,-3,-77,-8.5924
347,-3,-79,-8.4372
348,-3,-75,-8.3876
349,-3,-64,-8.3168
350,-3,-78,-8.342
351,-3,-54,-8.3372
352,-3,-71,-8.2108
353,-3,-74,-8.0776
354,-3,-58,-8.278
355,-3,-55,-8.1448
356,-3,-55,-7.838
357,-3,-60,-7.884
358,-3,-57,-7.9572
359,-3,-86,-7.94
360,-3,-73,-8.2616
361,-3,-64,-8.282
362,-3,-76,-8.2948
363,-3,-76,-8.3312
364,-3,-67,-8.2172
365,-3,-58,-8.238
366,-3,-68,-8.2468
367,-3,-58,-8.1276
368,-3,-67,-8.1652
369,-3,-58,-8.144
370,-2,-61,-8.1356
371,-2,-65,-7.9144
372,-2,-65,-7.9808
373,-2,-81,-8.0312
374,-2,-79,-8.244
375,-2,-63,-8.462
376,-2,-67,-8.2324
377,-2,-57,-8.0968
378,-2,-66,-7.9076
379,-2,-55,-7.9772
380,-2,-82,-7.7964
381,-2,-76,-7.9624
382,-2,-57,-8.0632
383,-2,-58,-8.0324
384,-2,-66,-7.996
385,-2,-68,-8.0496
386,-2,-75,-8.0328
387,-2,-71,-8.016
388,-2,-63,-8.0184
389,-2,-61,-7.8672
390,-2,-63,-7.7732
391,-1,-53,-7.7792
392,-1,-62,-7.5296
393,-1,-67,-7.7512
394,-1,-60,-7.8276
395,-1,-54,-7.6168
396,-1,-65,-7.3492
397,-1,-74,-7.6016
398,-1,-64,-7.7444
399,-1,-59,-7.8984
400,-1,-71,-7.802
401,-1,-85,-7.8656
402,-1,-58,-7.8832
403,-1,-67,-7.6792
404,-1,-58,-7.7336
405,-1,-63,-7.6252
406,-1,-59,-7.636
407,-1,-70,-7.4828
408,-1,-58,-7.6148
409,-1,-61,-7.3796
410,-1,-68,-7.2392
411,-1,-75,-7.448
412,-1,-72,-7.6724
413,-1,-65,-7.4968
414,-1,-54,-7.4356
415,-1,-78,-7.3356
416,-1,-70,-7.4968
417,-1,-53,-7.5304
418,-1,-55,-7.2508
419,-1,-53,-7.2996
420,-1,-63,-6.9684
421,-1,-60,-7.1096
422,-1,-53,-7.0512
423,-1,-67,-6.9316
424,-1,-76,-7.1468
425,-1,-62,-7.2516
426,-1,-55,-7.1436
427,-1,-68,-6.8816
428,-1,-56,-7.1532
429,-1,-64,-6.8936
430,-1,-51,-6.9464
431,-1,-70,-6.7768
432,-1,-58,-6.8936
433,-1,-57,-6.9608
434,-1,-63,-7.0888
435,-1,-58,-7.0668
436,-1,-69,-7.0236
437,-1,-60,-7.1764
438,-1,-57,-6.8552
439,-1,-58,-6.8476
440,-1,-68,-6.7264
441,-1,-85,-6.91
442,-1,-80,-7.1196
443,-1,-60,-7.2476
444,-1,-69,-7.172
445,-1,-96,-7.1884
446,-1,-70,-7.3332
447,-1,-78,-7.1972
448,-1,-67,-7.2396
449,-1,-60,-7.0796
450,-1,-67,-6.9268
451,-1,-61,-6.968
452,-1,-62,-6.8192
453,-1,-54,-6.9364
454,-1,-68,-6.9048
455,-1,-61,-6.9532
456,-1,-71,-6.9872
457,-1,-64,-7.0848
458,-1,-52,-6.856
459,-1,-59,-6.5036
460,-1,-51,-6.598
461,-1,-75,-6.2896
462,-1,-54,-6.7472
463,-1,-72,-6.6
464,-1,-75,-6.9004
465,-1,-64,-6.71
466,-1,-54,-6.6744
467,-1,-55,-6.4604
468,-1,-64,-6.4188
469,-1,-69,-6.2904
470,-1,-57,-6.4752
471,-1,-56,-6.2712
472,-1,-81,-6.424
473,-1,-57,-6.5076
474,-1,-87,-6.5248
475,-1,-75,-6.8476
476,-1,-65,-6.6208
477,-1,-59,-6.462
478,-1,-63,-6.094
479,-1,-66,-6.164
480,-1,-51,-6.2648
481,-1,-55,-6.2516
482,-1,-54,-6.2024
483,-1,-60,-5.9724
484,-1,-64,-6.1724
485,-1,-79,-6.0164
486,-1,-76,-6.1244
487,-1,-61,-6.254
488,-1,-57,-6.0764
489,-1,-69,-5.9212
490,-1,-58,-5.96
491,-1,-72,-5.9332
492,-1,-63,-5.9912
493,0,-88,-6.088
1,-45,-326,-179.046
2,-45,-335,-168.2644
3,-43,-310,-157.5468
4,-40,-252,-147.1188
5,-40,-257,-134.5844
6,-40,-264,-124.902
7,-27,-237,-116.6396
8,-27,-210,-108.6184
9,-27,-208,-101.494
10,-27,-180,-94.5132
11,-26,-200,-88.0736
12,-26,-166,-82.8892
13,-26,-160,-76.9868
14,-26,-153,-72.0668
15,-26,-145,-66.9356
16,-26,-135,-63.0904
17,-21,-127,-59.8208
18,-21,-132,-56.3888
19,-21,-120,-53.8576
20,-21,-112,-51.8132
21,-21,-124,-49.6396
22,-21,-112,-48.3424
23,-21,-118,-46.3552
24,-21,-103,-45.1296
25,-21,-111,-43.5248
26,-21,-95,-42.4116
27,-19,-98,-41.0232
28,-21,-89,-39.8056
29,-21,-102,-38.7452
30,-21,-88,-38.2168
31,-21,-91,-37.1268
32,-21,-99,-36.1504
33,-20,-88,-35.648
34,-20,-94,-34.6776
35,-20,-85,-34.0744
36,-18,-99,-33.5976
37,-18,-84,-33.374
38,-18,-86,-32.554
39,-18,-81,-31.976
40,-18,-77,-31.27
41,-18,-84,-30.9116
42,-17,-99,-30.7836
43,-17,-84,-30.4292
44,-17,-81,-30.0856
45,-15,-80,-29.6696
46,-15,-88,-29.2424
47,-15,-75,-28.88
48,-15,-75,-28.4604
49,-15,-91,-28.3832
50,-15,-76,-28.342
51,-15,-92,-28.01
52,-15,-78,-28.0688
53,-15,-79,-27.9628
54,-14,-91,-27.6316
55,-14,-88,-27.6096
56,-14,-79,-27.27
57,-14,-72,-26.9992
58,-14,-76,-26.6152
59,-14,-79,-26.3184
60,-14,-82,-26.3232
61,-11,-84,-26.2616
62,-11,-80,-26.0112
63,-11,-83,-25.8912
64,-11,-73,-25.7832
65,-11,-98,-25.3688
66,-11,-88,-25.292
67,-11,-78,-25.3092
68,-11,-75,-25.0876
69,-11,-86,-24.8664
70,-11,-85,-24.7284
71,-11,-73,-24.748
72,-11,-71,-24.3192
73,-10,-77,-24.1704
74,-10,-71,-23.9592
75,-10,-77,-23.6272
76,-10,-75,-23.7348
77,-10,-64,-23.3796
78,-10,-72,-22.9592
79,-10,-71,-22.9288
80,-11,-78,-22.7972
81,-11,-68,-22.754
82,-11,-65,-22.3684
83,-8,-84,-22.0556
84,-8,-75,-22.0544
85,-7,-69,-21.8996
86,-7,-83,-21.7556
87,-7,-71,-21.8796
88,-7,-95,-21.5448
89,-7,-89,-21.4752
90,-7,-79,-21.5048
91,-7,-68,-21.2784
92,-7,-78,-20.9256
93,-5,-82,-20.8736
94,-5,-76,-20.7904
95,-5,-91,-20.744
96,-5,-81,-20.6832
97,-5,-82,-20.4208
98,-5,-67,-20.4068
99,-5,-84,-19.8352
100,-5,-77,-19.8724
101,-5,-81,-19.6632
102,-5,-71,-19.344
103,-5,-80,-19.032
104,-5,-75,-19.0024
105,-5,-76,-18.896
106,-4,-74,-18.6016
107,-4,-81,-18.4584
108,-4,-64,-18.2676
109,-4,-77,-18.0388
110,-4,-84,-17.7384
111,-4,-106,-17.8632
112,-4,-68,-17.9284
113,-4,-78,-17.4664
114,-4,-83,-17.3552
115,-4,-85,-17.1264
116,-4,-67,-17.1652
117,-4,-90,-16.6404
118,-4,-68,-16.7396
119,-4,-66,-16.5372
120,-4,-73,-16.184
121,-4,-65,-15.9744
122,-4,-59,-15.694
123,-4,-81,-15.332
124,-4,-74,-15.5572
125,-4,-70,-15.278
126,-4,-64,-15.0588
127,-4,-60,-14.7484
128,-4,-83,-14.5628
129,-4,-65,-14.624
130,-4,-69,-14.3472
131,-4,-66,-14.1792
132,-4,-58,-13.8664
133,-4,-64,-13.4748
134,-4,-62,-13.3756
135,-4,-68,-13.2292
136,-4,-91,-13.0048
137,-4,-65,-13.2232
138,-4,-64,-12.9376
139,-4,-67,-12.61
140,-4,-59,-12.4472
141,-4,-74,-12.2644
142,-4,-59,-12.2648
143,-4,-70,-12.044
144,-4,-61,-12.0064
145,-4,-80,-11.4668
146,-4,-61,-11.6252
147,-4,-85,-11.4296
148,-4,-59,-11.6996
149,-4,-78,-11.3992
150,-4,-74,-11.2376
151,-4,-66,-11.208
152,-4,-59,-11.1128
153,-4,-73,-10.8628
154,-4,-76,-10.7764
155,-3,-67,-10.7952
156,-3,-61,-10.7036
157,-3,-66,-10.4332
158,-3,-59,-10.4252
159,-3,-83,-10.1496
160,-3,-57,-10.2912
161,-3,-76,-10.0596
162,-3,-68,-10.196
163,-3,-61,-10.1428
164,-3,-82,-9.6824
165,-3,-62,-9.798
166,-3,-64,-9.568
167,-3,-70,-9.3864
168,-3,-65,-9.6716
169,-3,-61,-9.434
170,-3,-73,-9.2704
171,-3,-65,-9.2316
172,-3,-57,-9.0988
173,-3,-80,-9.1004
174,-3,-87,-9.2124
175,-3,-89,-9.2456
176,-3,-69,-9.4132
177,-3,-62,-9.2256
178,-3,-57,-9.3192
179,-3,-61,-9.0344
180,-3,-60,-8.782
181,-3,-80,-8.6904
182,-3,-59,-8.7644
183,-3,-52,-8.6844
184,-3,-75,-8.2332
185,-3,-56,-8.5132
186,-3,-57,-8.1932
187,-3,-59,-8.2464
188,-3,-65,-8.1136
189,-3,-76,-8.4348
190,-3,-63,-8.414
191,-3,-70,-8.3164
192,-3,-70,-8.4284
193,-3,-62,-8.2928
194,-3,-68,-8.3108
195,-3,-61,-8.2992
196,-3,-56,-8.1244
197,-3,-57,-7.9564
198,-3,-58,-7.9572
199,-3,-90,-7.8996
200,-3,-85,-8.2636
201,-3,-73,-8.304
202,-3,-80,-8.2044
203,-3,-66,-8.4344
204,-3,-65,-8.2096
205,-3,-79,-8.0744
206,-3,-70,-8.1144
207,-3,-58,-8.2484
208,-3,-53,-7.8104
209,-3,-61,-7.5148
210,-3,-75,-7.4836
211,-3,-97,-7.7952
212,-3,-68,-8.0092
213,-3,-74,-7.9312
214,-3,-58,-7.8096
215,-3,-55,-7.6804
216,-3,-58,-7.444
217,-3,-71,-7.3992
218,-3,-68,-7.6748
219,-3,-66,-7.8016
220,-3,-56,-7.5992
221,-3,-66,-7.7096
222,-3,-63,-7.4996
223,-3,-58,-7.492
224,-3,-60,-7.202
225,-3,-63,-7.3116
226,-3,-71,-7.3416
227,-3,-71,-7.448
228,-2,-68,-7.7328
229,-2,-71,-7.778
230,-2,-81,-7.588
231,-2,-68,-7.8316
232,-2,-57,-7.6088
233,-2,-81,-7.5136
234,-2,-73,-7.6132
235,-2,-61,-7.4836
236,-2,-54,-7.5436
237,-2,-54,-7.4348
238,-2,-61,-7.1176
239,-2,-58,-7.0856
240,-2,-60,-7.192
241,-2,-62,-7.2872
242,-2,-86,-7.2876
243,-2,-59,-7.5168
244,-2,-59,-7.4396
245,-2,-59,-7.4124
246,-2,-71,-7.0884
247,-2,-75,-7.218
248,-2,-53,-7.2088
249,-2,-85,-6.9896
250,-2,-60,-7.1964
251,-2,-54,-7.0936
252,-2,-79,-6.8272
253,-2,-75,-7.1724
254,-2,-76,-7.2632
255,-2,-78,-7.4524
256,-2,-63,-7.6492
257,-2,-67,-7.3748
258,-2,-75,-7.3356
259,-2,-64,-7.3804
260,-2,-55,-7.2916
261,-2,-53,-6.9484
262,-2,-61,-6.962
263,-2,-71,-7.012
264,-2,-70,-7.2416
265,-2,-72,-7.356
266,-2,-56,-7.3696
267,-2,-64,-6.98
268,-2,-70,-6.9808
269,-2,-73,-7.1972
270,-2,-62,-7.1308
271,-2,-63,-7.0696
272,-2,-75,-6.9856
273,-2,-58,-7.0836
274,-2,-53,-6.924
275,-2,-63,-6.7896
276,-2,-72,-6.6612
277,-2,-85,-6.8164
278,-2,-84,-7.1084
279,-2,-66,-7.4252
280,-2,-68,-7.0144
281,-2,-63,-7.0712
282,-2,-59,-6.7736
283,-2,-54,-6.768
284,-2,-63,-6.7184
285,-2,-64,-6.8432
286,-2,-77,-7.0068
287,-2,-66,-6.95
288,-2,-68,-7.0324
289,-2,-81,-7.0148
290,-2,-54,-7.1596
291,-2,-57,-6.668
292,-2,-50,-6.6044
293,-2,-66,-6.4712
294,-2,-65,-6.6584
295,-2,-59,-6.614
296,-2,-55,-6.5324
297,-2,-56,-6.2908
298,-2,-63,-6.298
299,-2,-63,-6.4576
300,-2,-66,-6.5968
301,-2,-62,-6.6068
302,-2,-58,-6.6472
303,-2,-53,-6.6008
304,-2,-61,-6.3712
305,-2,-64,-6.3608
306,-2,-54,-6.3256
307,-2,-69,-6.2672
308,-2,-86,-6.5336
309,-2,-71,-6.6044
310,-2,-57,-6.6
311,-2,-60,-6.564
312,-2,-73,-6.442
313,-2,-63,-6.7308
314,-2,-70,-6.4628
315,-2,-63,-6.5476
316,-2,-66,-6.4744
317,-2,-80,-6.7376
318,-2,-59,-6.8088
319,-2,-86,-6.5744
320,-2,-62,-6.776
321,-2,-64,-6.7656
322,-2,-75,-6.3976
323,-2,-72,-6.59
324,-1,-59,-6.5396
325,-2,-76,-6.5056
326,-2,-59,-6.5328
327,-2,-68,-6.4204
328,-2,-56,-6.5048
329,-2,-52,-6.2628
330,-2,-59,-6.1268
331,-2,-68,-6.202
332,-2,-64,-6.3192
333,-2,-59,-6.2516
334,-2,-72,-6.0848
335,-2,-57,-6.1656
336,-2,-51,-6.3268
337,-2,-81,-6.1464
338,-2,-60,-6.3468
339,-2,-60,-6.3108
340,-2,-66,-6.0808
341,-2,-60,-6.1964
342,-2,-74,-5.9896
343,-2,-64,-6.2132
344,-2,-53,-6.4136
345,-2,-52,-6.2768
346,-2,-56,-5.9928
347,-2,-73,-6.154
348,-2,-55,-6.282
349,-2,-62,-6.4288
350,-2,-55,-6.2428
351,-2,-72,-6.0608
352,-2,-81,-6.4152
353,-2,-56,-6.556
354,-2,-50,-6.0748
355,-2,-63,-5.9296
356,-2,-57,-6.0396
357,-2,-85,-6.0872
358,-2,-64,-6.4284
359,-2,-77,-6.4316
360,-2,-65,-6.602
361,-2,-56,-6.366
362,-1,-69,-6.1732
363,-2,-62,-6.3512
364,-2,-62,-6.1816
365,-2,-75,-6.236
366,-2,-68,-6.256
367,-2,-56,-6.2356
368,-2,-63,-6.074
369,-2,-61,-6.0876
370,-2,-65,-6.1016
371,-2,-53,-6.0624
372,-2,-70,-5.946
373,-1,-71,-6.2504
374,-1,-73,-6.294
375,-1,-71,-6.2908
376,-1,-59,-6.4216
377,-1,-66,-6.2376
378,-1,-74,-6.022
379,-1,-87,-6.1788
380,-1,-53,-6.2528
381,-1,-66,-6.0968
382,-1,-62,-6.1928
383,-1,-66,-5.8776
384,-1,-58,-5.8384
385,-1,-60,-5.748
386,-1,-57,-5.6604
387,-1,-69,-5.6904
388,-1,-61,-5.7336
389,-1,-70,-5.9924
390,-1,-63,-5.9112
391,-1,-56,-5.8324
392,-1,-79,-5.6612
393,-1,-66,-5.7648
394,-1,-81,-5.8616
395,-1,-56,-5.9868
396,-1,-51,-5.608
397,-1,-86,-5.55
398,-1,-58,-5.8392
399,-1,-51,-5.738
400,-1,-69,-5.5332
401,-1,-60,-5.6908
402,-1,-79,-5.6408
403,-1,-75,-5.8564
404,-1,-65,-5.9216
405,-1,-60,-5.7112
406,-1,-53,-5.548
407,-1,-59,-5.458
408,-1,-73,-5.5832
409,-1,-64,-5.6092
410,-1,-59,-5.6448
411,-1,-62,-5.5476
412,-1,-53,-5.5948
413,-1,-77,-5.6564
414,-1,-65,-5.8788
415,-1,-69,-5.7224
416,-1,-82,-5.6928
417,-1,-52,-5.8636
418,-1,-62,-5.4124
419,-1,-52,-5.4556
420,-1,-51,-5.2624
421,-1,-60,-5.222
422,-1,-67,-5.1288
423,-1,-54,-5.332
424,-1,-54,-5.2796
425,-1,-49,-5.1744
426,-1,-70,-5.1592
427,-1,-63,-5.472
428,-1,-64,-5.488
429,-1,-54,-5.382
430,-1,-53,-5.22
431,-1,-62,-5.0416
432,-1,-54,-4.9864
433,0,-51,-4.9712
1,-59,-307,-175.1864
2,-59,-287,-165.21
3,-59,-269,-154.3032
4,-44,-260,-141.9232
5,-44,-251,-132.8884
6,-41,-251,-125.9152
7,-41,-232,-117.6312
8,-41,-221,-109.578
9,-32,-192,-102.928
10,-29,-182,-96.2724
11,-29,-179,-89.9832
12,-24,-169,-84.5796
13,-24,-162,-79.4232
14,-24,-148,-74.8396
15,-24,-156,-70.0576
16,-24,-137,-66.6308
17,-24,-131,-62.4628
18,-21,-130,-59.3984
19,-20,-115,-56.6384
20,-19,-125,-53.3056
21,-19,-117,-51.3768
22,-19,-110,-49.5424
23,-19,-105,-47.8796
24,-18,-103,-45.4636
25,-18,-126,-43.8716
26,-18,-103,-42.4856
27,-18,-110,-40.7988
28,-18,-94,-39.5504
29,-18,-91,-37.8732
30,-18,-105,-37.1772
31,-18,-91,-36.342
32,-17,-99,-35.3108
33,-17,-108,-34.396
34,-17,-102,-34.0532
35,-17,-94,-33.4976
36,-17,-120,-32.5836
37,-17,-90,-32.0816
38,-15,-81,-31.1084
39,-15,-92,-30.3108
40,-15,-81,-29.4648
41,-15,-104,-28.6988
42,-15,-86,-28.3548
43,-14,-76,-27.4084
44,-14,-75,-26.8024
45,-14,-92,-25.8904
46,-14,-83,-25.67
47,-14,-96,-25.5364
48,-14,-78,-25.3744
49,-14,-75,-24.7624
50,-14,-73,-24.5256
51,-14,-91,-24.1668
52,-14,-107,-24.08
53,-14,-82,-24.1984
54,-14,-71,-24
55,-14,-81,-23.5304
56,-13,-76,-23.3704
57,-11,-73,-23.29
58,-11,-84,-23.1228
59,-11,-72,-22.9072
60,-11,-70,-22.8456
61,-11,-78,-22.6836
62,-13,-97,-22.5972
63,-13,-82,-22.5836
64,-13,-73,-22.3008
65,-12,-70,-22.248
66,-12,-69,-22.1968
67,-12,-88,-21.9512
68,-12,-97,-21.982
69,-12,-73,-22.0676
70,-12,-86,-21.804
71,-12,-74,-21.8272
72,-12,-79,-21.5696
73,-12,-101,-21.5504
74,-12,-94,-21.8488
75,-12,-77,-21.8492
76,-12,-67,-21.6268
77,-12,-73,-21.3336
78,-12,-73,-21.4832
79,-11,-83,-21.4916
80,-11,-66,-21.4252
81,-11,-70,-20.9156
82,-11,-64,-20.8552
83,-11,-71,-20.98
84,-11,-75,-20.9572
85,-11,-71,-20.7212
86,-11,-68,-20.4764
87,-11,-73,-20.7032
88,-9,-74,-20.7888
89,-9,-69,-20.5668
90,-9,-95,-20.4328
91,-9,-99,-20.566
92,-9,-74,-20.6888
93,-9,-84,-20.48
94,-9,-67,-20.464
95,-9,-80,-20.2004
96,-9,-68,-20.3584
97,-9,-80,-19.9936
98,-9,-72,-20.218
99,-9,-89,-20.0284
100,-9,-67,-20.1068
101,-7,-70,-19.7192
102,-7,-92,-19.6312
103,-7,-93,-19.6488
104,-7,-81,-19.8488
105,-7,-90,-19.482
106,-7,-84,-19.5424
107,-7,-65,-19.192
108,-7,-99,-18.9152
109,-7,-75,-19.2432
110,-7,-67,-19.0504
111,-7,-77,-18.8484
112,-7,-79,-18.8884
113,-7,-88,-18.7832
114,-7,-72,-18.9744
115,-7,-80,-18.5224
116,-7,-85,-18.4528
117,-7,-72,-18.1856
118,-7,-87,-18.062
119,-7,-67,-17.9796
120,-7,-74,-17.6892
121,-7,-73,-17.7088
122,-7,-72,-17.5568
123,-7,-78,-17.4884
124,-7,-76,-17.2564
125,-5,-79,-17.1252
126,-5,-85,-16.9708
127,-6,-82,-16.9984
128,-5,-70,-17.034
129,-5,-71,-16.6048
130,-5,-76,-16.5128
131,-5,-68,-16.1936
132,-5,-68,-16.132
133,-5,-69,-16.2552
134,-5,-76,-16.136
135,-5,-60,-16.0492
136,-5,-64,-15.5888
137,-5,-62,-15.3972
138,-4,-69,-15.284
139,-4,-62,-15.0712
140,-4,-83,-14.7756
141,-4,-65,-14.9504
142,-4,-60,-14.5716
143,-4,-70,-14.3716
144,-4,-62,-14.3828
145,-4,-63,-14.0976
146,-4,-61,-13.9792
147,-4,-76,-13.9664
148,-4,-78,-14.038
149,-4,-77,-13.9516
150,-4,-59,-14.0736
151,-4,-76,-13.7412
152,-4,-72,-13.428
153,-4,-86,-13.172
154,-4,-85,-13.5048
155,-4,-61,-13.5676
156,-4,-67,-13.028
157,-4,-58,-12.6632
158,-4,-81,-12.37
159,-4,-80,-12.4028
160,-4,-76,-12.5068
161,-4,-63,-12.514
162,-4,-58,-12.1772
163,-3,-72,-11.89
164,-3,-84,-11.8572
165,-3,-66,-12.0188
166,-3,-93,-11.6824
167,-3,-88,-11.7876
168,-3,-97,-11.9984
169,-3,-72,-12.3128
170,-3,-68,-11.776
171,-3,-60,-11.2852
172,-3,-65,-11.1876
173,-3,-71,-11.1076
174,-3,-67,-10.9352
175,-3,-73,-10.7532
176,-3,-69,-10.7192
177,-3,-60,-10.6988
178,-3,-66,-10.2348
179,-3,-59,-10.2444
180,-3,-67,-10.2276
181,-3,-60,-10.158
182,-3,-71,-10.342
183,-3,-66,-10.1024
184,-3,-59,-10.2452
185,-3,-58,-10.1524
186,-3,-57,-9.6896
187,-3,-67,-9.6232
188,-3,-62,-9.7072
189,-3,-66,-9.5088
190,-3,-68,-9.412
191,-3,-72,-9.4988
192,-3,-69,-9.2672
193,-3,-67,-9.3136
194,-3,-68,-9.3776
195,-3,-77,-9.4264
196,-3,-65,-9.6704
197,-3,-80,-9.3056
198,-3,-60,-9.3168
199,-3,-56,-9.0936
200,-3,-68,-8.9604
201,-3,-74,-9.0704
202,-3,-71,-9.0936
203,-3,-63,-9.2656
204,-3,-58,-8.8644
205,-3,-62,-8.6976
206,-3,-53,-8.5516
207,-3,-59,-8.1344
208,-3,-67,-8.0832
209,-3,-66,-8.1464
210,-3,-56,-8.22
211,-3,-63,-7.9548
212,-3,-65,-7.8884
213,-3,-64,-7.9948
214,-3,-76,-7.9524
215,-3,-61,-8.1064
216,-3,-74,-7.9388
217,-3,-63,-7.9928
218,-3,-72,-7.7708
219,-3,-75,-7.8236
220,-3,-67,-8.1368
221,-2,-63,-7.9944
222,-2,-66,-7.8016
223,-2,-62,-7.8604
224,-2,-60,-7.8452
225,-2,-60,-7.606
226,-2,-71,-7.3908
227,-2,-65,-7.57
228,-2,-59,-7.6652
229,-2,-67,-7.6932
230,-2,-68,-7.7532
231,-2,-59,-7.622
232,-2,-76,-7.34
233,-2,-65,-7.5996
234,-2,-59,-7.4996
235,-2,-60,-7.28
236,-2,-60,-7.1028
237,-2,-65,-7.3504
238,-2,-54,-7.42
239,-2,-52,-7.1796
240,-2,-62,-7.2688
241,-2,-61,-7.1512
242,-2,-61,-7.266
243,-2,-60,-7.0732
244,-2,-62,-6.936
245,-2,-63,-7.0132
246,-2,-79,-7.0044
247,-2,-71,-7.1136
248,-2,-69,-7.2416
249,-2,-72,-7.2224
250,-2,-75,-7.2256
251,-2,-75,-7.342
252,-2,-72,-7.4216
253,-2,-70,-7.3448
254,-2,-61,-7.3388
255,-2,-55,-7.1072
256,-2,-69,-7.0996
257,-2,-67,-7.2072
258,-2,-60,-7.208
259,-2,-54,-7.144
260,-2,-57,-6.94
261,-2,-68,-6.9004
262,-2,-55,-7.2288
263,-2,-55,-6.9344
264,-2,-51,-6.7668
265,-2,-52,-6.6572
266,-2,-66,-6.612
267,-2,-76,-6.8396
268,-2,-57,-7.0108
269,-2,-75,-6.8008
270,-2,-68,-6.9948
271,-2,-63,-6.9708
272,-2,-62,-6.7772
273,-2,-54,-6.882
274,-2,-71,-6.8624
275,-2,-75,-6.9372
276,-2,-64,-7.13
277,-2,-73,-7.096
278,-2,-78,-7.3232
279,-2,-66,-7.3032
280,-2,-68,-7.0632
281,-2,-63,-7.0932
282,-2,-71,-6.9012
283,-2,-52,-7.1156
284,-2,-82,-6.7532
285,-2,-69,-6.8532
286,-2,-62,-7.0468
287,-2,-52,-7.0492
288,-2,-63,-6.8428
289,-2,-73,-6.98
290,-2,-75,-7.1188
291,-2,-57,-7.0472
292,-2,-57,-7.0832
293,-2,-55,-6.838
294,-2,-51,-6.49
295,-2,-84,-6.4016
296,-2,-53,-6.6352
297,-2,-55,-6.3796
298,-2,-54,-6.2616
299,-2,-64,-6.4964
300,-2,-64,-6.594
301,-2,-67,-6.6036
302,-2,-56,-6.584
303,-2,-57,-6.4536
304,-2,-51,-6.3836
305,-2,-52,-6.4248
306,-2,-79,-6.4184
307,-2,-81,-6.8904
308,-2,-72,-6.9188
309,-2,-75,-7.0268
310,-2,-70,-6.8936
311,-2,-63,-6.8148
312,-2,-52,-6.6888
313,-2,-64,-6.6016
314,-2,-65,-6.5128
315,-2,-82,-6.542
316,-2,-53,-6.76
317,-2,-71,-6.5704
318,-2,-60,-6.8284
319,-2,-66,-6.5256
320,-2,-66,-6.5128
321,-2,-59,-6.6568
322,-2,-69,-6.3932
323,-2,-76,-6.5712
324,-2,-73,-6.7
325,-2,-76,-6.7096
326,-2,-69,-6.7376
327,-2,-53,-6.7784
328,-2,-64,-6.4148
329,-2,-71,-6.66
330,-2,-58,-6.78
331,-2,-74,-6.5152
332,-2,-65,-6.7008
333,-2,-74,-6.628
334,-2,-68,-6.8228
335,-2,-58,-6.6644
336,-2,-63,-6.6232
337,-2,-57,-6.5308
338,-1,-62,-6.3884
339,-1,-67,-6.3728
340,-1,-53,-6.276
341,-1,-57,-6.2592
342,-1,-56,-6.2092
343,-1,-65,-6.302
344,-1,-65,-6.302
345,-1,-53,-6.1016
346,-1,-68,-6.1308
347,-1,-63,-6.2956
348,-1,-65,-6.3576
349,-1,-64,-6.4872
350,-1,-59,-6.3296
351,-1,-69,-6.2228
352,-1,-53,-6.408
353,-1,-53,-6.1968
354,-1,-53,-6.2056
355,-1,-55,-6.044
356,-1,-62,-5.9808
357,-1,-59,-6.2608
358,-1,-78,-6.2816
359,-1,-56,-6.4544
360,-1,-72,-6.226
361,-1,-73,-6.3788
362,-1,-57,-6.2908
363,-1,-68,-6.5216
364,-1,-63,-6.686
365,-1,-62,-6.4264
366,-1,-60,-6.35
367,-1,-53,-6.3148
368,-1,-57,-6.0312
369,-1,-56,-5.9696
370,-1,-61,-5.9876
371,-1,-60,-6.1312
372,-1,-72,-6.036
373,-1,-52,-6.1756
374,-1,-49,-5.9296
375,-1,-57,-5.9368
376,-1,-57,-6.03
377,-1,-53,-5.9912
378,-1,-76,-5.9796
379,-1,-75,-6.31
380,-1,-57,-6.4592
381,-1,-60,-6.2836
382,-1,-58,-6.0292
383,-1,-58,-6.04
384,-2,-57,-6.0432
385,-2,-57,-5.9296
386,-2,-61,-5.9888
387,-2,-75,-5.9484
388,-2,-66,-6.0896
389,-2,-64,-6.254
390,-2,-59,-6.3444
391,-2,-65,-6.1356
392,-2,-75,-6.1272
393,-1,-70,-6.3632
394,-1,-78,-6.328
395,-1,-73,-6.3536
396,-1,-63,-6.178
397,-1,-71,-6.1508
398,-1,-68,-6.422
399,-1,-63,-6.4184
400,-1,-67,-6.3512
401,-1,-54,-6.33
402,-1,-65,-6.0804
403,-1,-62,-5.9844
404,-1,-53,-5.9624
405,-1,-68,-5.9716
406,-1,-90,-5.9788
407,-1,-60,-6.16
408,-1,-70,-6.1
409,-1,-64,-6.0992
410,-1,-52,-6.1736
411,-2,-57,-5.7936
412,-1,-53,-5.8308
413,-1,-62,-5.6908
414,-1,-58,-6.0048
415,-1,-64,-5.8152
416,-1,-63,-5.9132
417,-1,-55,-5.7364
418,-1,-92,-5.8088
419,-1,-57,-6.2552
420,-1,-73,-5.8324
421,-1,-78,-6.1864
422,-1,-58,-6.1456
423,-1,-59,-6.138
424,-1,-63,-6.0496
425,-1,-72,-6.0204
426,-1,-59,-6.21
427,-1,-90,-6.1516
428,-1,-67,-6.4228
429,-1,-74,-6.4264
430,-1,-66,-6.2796
431,-1,-65,-6.146
432,-1,-66,-6.3224
433,-1,-87,-6.1948
434,-1,-64,-6.3292
435,-1,-76,-6.0944
436,-1,-58,-6.2232
437,-1,-74,-5.992
438,-1,-72,-6.0488
439,-1,-76,-6.1964
440,-1,-71,-6.1704
441,-1,-52,-6.0668
442,-1,-58,-5.7496
443,-1,-59,-5.7884
444,-1,-55,-5.74
445,-1,-53,-5.6272
446,-1,-52,-5.558
447,-1,-70,-5.5544
448,-1,-63,-5.6408
449,-1,-56,-5.5612
450,-1,-57,-5.6376
451,-1,-53,-5.312
452,-1,-63,-5.2556
453,-1,-57,-5.2676
454,-1,-55,-5.346
455,-1,-60,-5.3924
456,-1,-56,-5.4844
457,-1,-66,-5.4332
458,-1,-51,-5.366
459,-1,-54,-5.2924
460,-1,-54,-5.3016
461,-1,-61,-5.2992
462,-1,-50,-5.3524
463,-1,-73,-5.2288
464,-1,-81,-5.5832
465,-1,-63,-5.7132
466,-1,-54,-5.7172
467,-1,-64,-5.4764
468,-1,-80,-5.4436
469,-1,-72,-5.6572
470,-1,-71,-5.8796
471,-1,-55,-5.5556
472,-1,-63,-5.4956
473,-1,-68,-5.5268
474,-1,-71,-5.4548
475,-1,-61,-5.6068
476,-1,-57,-5.6088
477,-1,-57,-5.6244
478,-1,-73,-5.5372
479,-1,-56,-5.5612
480,-1,-57,-5.362
481,-1,-66,-5.1628
482,-1,-63,-5.3408
483,0,-73,-5.364
1,-39,-317,-175.8224
2,-39,-294,-164.482
3,-38,-284,-153.1308
4,-38,-276,-143.3216
5,-38,-268,-135.2924
6,-38,-251,-127.0992
7,-31,-246,-119.5512
8,-23,-222,-111.828
9,-23,-225,-102.9936
10,-23,-193,-95.9436
11,-23,-183,-87.9364
12,-23,-171,-81.0464
13,-23,-165,-74.3332
14,-23,-156,-69.13
15,-22,-147,-63.3348
16,-22,-137,-57.874
17,-20,-154,-53.6752
18,-20,-156,-51.1208
19,-20,-129,-48.9856
20,-20,-128,-45.4844
21,-20,-137,-43.0452
22,-20,-124,-41.248
23,-20,-96,-39.4268
24,-20,-118,-37.3888
25,-19,-91,-36.4472
26,-19,-83,-34.7176
27,-19,-87,-33.562
28,-19,-99,-32.6812
29,-19,-99,-32.216
30,-19,-97,-31.924
31,-19,-90,-31.588
32,-19,-83,-30.8752
33,-19,-89,-30.2228
34,-19,-97,-29.9568
35,-19,-97,-29.6936
36,-19,-93,-29.4208
37,-19,-88,-29.07
38,-17,-87,-28.6348
39,-17,-86,-28.3352
40,-17,-77,-28.018
41,-17,-75,-27.4896
42,-17,-87,-27.2768
43,-17,-88,-27.2716
44,-17,-87,-27.0888
45,-17,-84,-26.6848
46,-17,-79,-26.4764
47,-17,-83,-26.3956
48,-17,-68,-26.2296
49,-17,-83,-25.9344
50,-17,-88,-25.9196
51,-17,-102,-25.9308
52,-17,-75,-26.0164
53,-17,-83,-25.8056
54,-17,-82,-25.8736
55,-17,-80,-25.7112
56,-17,-70,-25.6372
57,-17,-74,-25.4404
58,-17,-76,-25.1848
59,-17,-69,-25.0612
60,-17,-103,-24.994
61,-17,-94,-25.1632
62,-17,-81,-25.158
63,-15,-74,-25.0024
64,-15,-69,-24.7508
65,-15,-87,-24.6044
66,-15,-96,-24.728
67,-15,-70,-24.8556
68,-15,-72,-24.6472
69,-15,-71,-24.5644
70,-14,-76,-24.538
71,-13,-69,-24.3564
72,-13,-83,-24.1088
73,-13,-84,-24.2492
74,-13,-79,-24.3644
75,-13,-75,-24.3368
76,-13,-94,-24.3204
77,-13,-79,-24.3112
78,-13,-84,-24.2436
79,-13,-94,-24.1676
80,-13,-99,-24.2484
81,-13,-94,-24.3564
82,-13,-99,-24.282
83,-13,-83,-24.294
84,-13,-79,-23.9072
85,-13,-77,-23.7912
86,-13,-95,-23.6108
87,-13,-90,-23.7892
88,-13,-74,-23.5844
89,-13,-90,-23.3472
90,-13,-75,-23.4984
91,-13,-73,-23.4588
92,-12,-71,-23.0132
93,-12,-70,-22.8212
94,-12,-84,-22.7472
95,-12,-91,-22.8164
96,-12,-69,-22.9868
97,-12,-73,-22.5104
98,-12,-69,-22.322
99,-12,-79,-21.9332
100,-12,-72,-22.0656
101,-12,-89,-21.6484
102,-12,-84,-21.814
103,-12,-67,-21.822
104,-11,-83,-21.4316
105,-12,-73,-21.3348
106,-10,-73,-21.246
107,-10,-72,-21.366
108,-10,-68,-21.1284
109,-10,-73,-20.944
110,-10,-72,-20.9444
111,-10,-98,-20.576
112,-10,-71,-20.826
113,-10,-72,-20.428
114,-10,-69,-20.1356
115,-10,-72,-19.9168
116,-10,-75,-19.738
117,-10,-80,-19.5096
118,-10,-69,-19.5368
119,-10,-78,-19.4228
120,-10,-86,-19.4372
121,-10,-103,-19.504
122,-10,-82,-19.6164
123,-10,-93,-19.3568
124,-10,-88,-19.2908
125,-10,-93,-19.0796
126,-10,-67,-18.9472
127,-10,-76,-18.5708
128,-10,-65,-18.3576
129,-10,-75,-18.0672
130,-10,-69,-17.9596
131,-10,-66,-17.644
132,-10,-65,-17.3984
133,-10,-65,-17.2112
134,-10,-66,-17.218
135,-10,-62,-16.9356
136,-10,-78,-16.8576
137,-10,-69,-16.9376
138,-8,-67,-16.928
139,-8,-83,-16.6792
140,-8,-69,-16.686
141,-8,-64,-16.432
142,-8,-82,-16.1436
143,-8,-67,-16.1024
144,-8,-71,-16.0436
145,-7,-67,-15.9156
146,-7,-73,-15.7524
147,-7,-64,-15.8332
148,-7,-78,-15.6012
149,-7,-74,-15.5472
150,-7,-87,-15.6256
151,-7,-63,-15.6036
152,-7,-78,-15.4904
153,-7,-60,-15.4356
154,-7,-64,-15.1928
155,-7,-77,-15.176
156,-7,-71,-15.5156
157,-7,-74,-15.37
158,-7,-60,-15.3764
159,-7,-68,-14.8588
160,-7,-73,-15.0084
161,-7,-69,-15.0336
162,-7,-84,-15.2096
163,-7,-62,-15.164
164,-7,-57,-14.6852
165,-7,-65,-14.6536
166,-7,-98,-14.7336
167,-7,-79,-14.892
168,-7,-95,-15.06
169,-7,-68,-15.2008
170,-7,-74,-14.8728
171,-7,-83,-14.8776
172,-7,-73,-14.8124
173,-7,-65,-14.5952
174,-7,-69,-14.3524
175,-7,-76,-14.5916
176,-7,-78,-14.7168
177,-7,-84,-14.7052
178,-7,-70,-14.8412
179,-7,-81,-14.5984
180,-7,-62,-14.7032
181,-7,-73,-14.3524
182,-7,-92,-14.3416
183,-7,-67,-14.4868
184,-7,-71,-14.1812
185,-7,-79,-14.116
186,-7,-68,-14.124
187,-7,-64,-13.9848
188,-7,-87,-13.838
189,-7,-84,-14.1856
190,-7,-77,-14.2136
191,-7,-81,-14.2956
192,-7,-81,-14.1144
193,-6,-80,-14.162
194,-6,-70,-14.1996
195,-6,-72,-13.7432
196,-6,-68,-13.7752
197,-6,-97,-13.586
198,-6,-89,-13.902
199,-6,-72,-14.1168
200,-6,-71,-13.7012
201,-5,-71,-13.7008
202,-5,-72,-13.8504
203,-5,-82,-13.8008
204,-5,-85,-13.7476
205,-5,-67,-13.956
206,-5,-74,-13.5992
207,-5,-69,-13.2544
208,-4,-72,-13.2196
209,-4,-75,-13.2484
210,-4,-63,-13.1196
211,-4,-59,-13.0624
212,-4,-85,-13.032
213,-4,-67,-13.3108
214,-4,-62,-13.0472
215,-4,-80,-12.898
216,-4,-62,-12.9096
217,-4,-82,-12.6536
218,-4,-73,-12.5796
219,-4,-72,-12.7492
220,-4,-57,-12.8668
221,-4,-57,-12.2508
222,-4,-89,-12.3376
223,-4,-74,-12.3504
224,-4,-79,-12.2488
225,-4,-66,-12.28
226,-4,-87,-12.4
227,-4,-100,-12.4544
228,-4,-72,-12.5588
229,-4,-67,-12.0428
230,-4,-64,-12.074
231,-4,-75,-12.0052
232,-4,-89,-11.9172
233,-4,-73,-12.0612
234,-4,-79,-12.1268
235,-4,-80,-12.0804
236,-4,-72,-11.8768
237,-4,-83,-11.8048
238,-4,-71,-11.9008
239,-4,-78,-11.8124
240,-4,-77,-11.832
241,-4,-58,-11.7624
242,-4,-78,-11.4508
243,-3,-70,-11.4668
244,-3,-66,-11.2712
245,-3,-59,-11.1908
246,-3,-73,-11.0312
247,-3,-57,-11.2068
248,-3,-55,-10.9176
249,-3,-61,-10.7428
250,-3,-57,-10.4564
251,-3,-83,-10.4308
252,-3,-89,-10.716
253,-3,-62,-10.9728
254,-3,-63,-10.8012
255,-3,-58,-10.8312
256,-3,-62,-10.5488
257,-3,-81,-10.3132
258,-3,-59,-10.3852
259,-3,-79,-10.2424
260,-3,-72,-10.2476
261,-3,-67,-10.1504
262,-3,-71,-10.0632
263,-3,-66,-10.2084
264,-2,-78,-10.0832
265,-2,-59,-10.1584
266,-2,-60,-9.81
267,-2,-60,-9.9292
268,-2,-68,-9.9372
269,-2,-61,-9.946
270,-2,-57,-9.478
271,-2,-70,-9.1804
272,-2,-66,-9.2832
273,-2,-55,-9.1528
274,-2,-52,-8.8352
275,-2,-68,-8.7088
276,-2,-69,-8.8484
277,-2,-54,-8.848
278,-2,-63,-8.6404
279,-2,-71,-8.7388
280,-2,-73,-8.7396
281,-2,-70,-8.812
282,-2,-90,-8.78
283,-2,-64,-9.136
284,-2,-66,-8.8188
285,-2,-56,-8.6784
286,-2,-72,-8.578
287,-2,-83,-8.5616
288,-2,-99,-8.7204
289,-2,-61,-8.7984
290,-2,-55,-8.584
291,-2,-71,-8.3548
292,-2,-80,-8.5464
293,-1,-73,-8.6604
294,-1,-60,-8.508
295,-1,-59,-8.3376
296,-1,-65,-8.0892
297,-1,-74,-7.9552
298,-1,-73,-8.1248
299,-1,-69,-8.1324
300,-1,-60,-8.162
301,-1,-62,-7.784
302,-1,-80,-7.7668
303,-1,-72,-7.9536
304,-1,-64,-7.9456
305,-1,-57,-7.6676
306,-1,-63,-7.3164
307,-1,-68,-7.3424
308,-1,-89,-7.368
309,-1,-66,-7.7136
310,-1,-54,-7.6984
311,-1,-51,-7.5332
312,-1,-62,-7.1596
313,-1,-54,-7.2104
314,-1,-64,-7.086
315,-1,-52,-7.1736
316,-1,-53,-7.158
317,-1,-56,-6.9684
318,-1,-61,-7.0216
319,-1,-82,-7.0344
320,-1,-83,-7.4908
321,-1,-58,-7.6764
322,-1,-91,-7.2416
323,-1,-57,-7.4248
324,-1,-55,-7.3048
325,-1,-56,-7.0164
326,-1,-85,-7.1196
327,-1,-74,-7.4424
328,-1,-72,-7.534
329,-1,-63,-7.4692
330,-1,-53,-7.3308
331,-1,-54,-6.754
332,-1,-54,-6.7916
333,-1,-76,-6.7508
334,-1,-61,-6.908
335,-1,-78,-6.8932
336,-1,-56,-7.134
337,-1,-75,-6.8752
338,-1,-57,-7.06
339,-1,-62,-6.7684
340,-1,-80,-6.7488
341,-1,-71,-7.1304
342,-1,-58,-7.11
343,-1,-60,-6.8768
344,-1,-53,-6.7908
345,-1,-86,-6.5124
346,-1,-67,-6.7912
347,-1,-77,-6.7652
348,-1,-77,-6.8032
349,-1,-69,-6.8188
350,-1,-69,-6.7316
351,-1,-66,-6.6208
352,-1,-83,-6.4816
353,-1,-77,-6.6584
354,-1,-79,-6.9748
355,-1,-70,-7.024
356,-1,-71,-6.7448
357,-1,-75,-6.7668
358,-1,-61,-6.862
359,-1,-74,-6.8184
360,-1,-51,-6.6932
361,-1,-80,-6.3232
362,-1,-62,-6.7176
363,-1,-75,-6.3448
364,-1,-63,-6.5392
365,-1,-67,-6.6464
366,-1,-69,-6.7616
367,-1,-54,-6.4476
368,-1,-71,-6.1732
369,-1,-71,-6.3612
370,-1,-51,-6.3208
371,-1,-49,-6.0552
372,-1,-84,-5.7644
373,-1,-68,-6.1456
374,-1,-71,-6.35
375,-1,-58,-6.346
376,-1,-65,-6.1208
377,-1,-55,-6.0644
378,-1,-59,-5.9176
379,-1,-53,-5.7964
380,-1,-71,-5.8412
381,-1,-51,-5.7992
382,-1,-68,-5.6176
383,-1,-58,-5.8936
384,-1,-76,-5.9884
385,-1,-58,-6.2044
386,-1,-60,-6.1116
387,-1,-73,-6.1348
388,-1,-72,-6.1572
389,-1,-70,-6.198
390,-1,-60,-6.2152
391,-1,-63,-5.9092
392,-1,-61,-5.7612
393,-1,-64,-5.8308
394,-1,-53,-5.9808
395,-1,-59,-5.5252
396,-1,-62,-5.844
397,-1,-76,-5.8136
398,-1,-63,-5.986
399,-1,-84,-5.8884
400,-1,-53,-6.1296
401,-1,-65,-5.726
402,-1,-52,-5.7548
403,-1,-75,-5.592
404,-1,-67,-5.7668
405,-1,-54,-5.7344
406,-1,-74,-5.5728
407,-1,-80,-5.6244
408,-1,-59,-5.8364
409,-1,-53,-5.8028
410,-1,-52,-5.63
411,-1,-76,-5.6448
412,-1,-60,-5.6876
413,-1,-70,-5.6084
414,-1,-56,-5.808
415,-1,-58,-5.3628
416,-1,-68,-5.4472
417,-1,-64,-5.5572
418,-1,-52,-5.6164
419,0,-65,-5.2308
1,-51,-305,-176.4436
2,-45,-302,-164.2004
3,-45,-270,-153.7636
4,-29,-285,-141.0768
5,-29,-244,-133.4064
6,-29,-242,-123.3484
7,-29,-227,-116.1808
8,-29,-205,-107.308
9,-29,-211,-99.2632
10,-29,-196,-92.0956
11,-25,-173,-84.3936
12,-25,-176,-78.5524
13,-28,-175,-73.1452
14,-29,-149,-68.8264
15,-20,-150,-64.0408
16,-20,-135,-61.1436
17,-20,-140,-57.8496
18,-19,-131,-55.3244
19,-19,-113,-53.572
20,-19,-119,-50.7908
21,-17,-106,-48.8544
22,-17,-110,-47.1128
23,-17,-98,-45.292
24,-17,-110,-43.2652
25,-17,-104,-41.9956
26,-16,-91,-40.4644
27,-16,-101,-38.8724
28,-16,-106,-37.9692
29,-16,-96,-37.4104
30,-16,-98,-36.3652
31,-16,-108,-35.5268
32,-16,-102,-34.9612
33,-16,-91,-34.2364
34,-14,-112,-32.9524
35,-14,-102,-32.3696
36,-14,-96,-32.1144
37,-14,-82,-31.2472
38,-14,-88,-30.4348
39,-14,-93,-29.5724
40,-14,-77,-29.1524
41,-14,-100,-28.43
42,-14,-85,-28.126
43,-14,-93,-27.4524
44,-13,-99,-27.212
45,-13,-96,-26.8372
46,-12,-86,-26.4456
47,-12,-75,-26.0024
48,-12,-88,-25.102
49,-12,-72,-24.9428
50,-12,-75,-24.4144
51,-12,-70,-23.9568
52,-12,-78,-23.7308
53,-12,-80,-23.3696
54,-12,-80,-23.4044
55,-12,-70,-23.23
56,-12,-84,-22.8708
57,-12,-92,-22.6944
58,-12,-81,-22.7392
59,-12,-81,-22.59
60,-12,-78,-22.336
61,-12,-77,-22.2108
62,-12,-76,-22.028
63,-12,-79,-22.0092
64,-12,-66,-21.6196
65,-12,-67,-21.0716
66,-12,-69,-21.1436
67,-12,-80,-20.834
68,-12,-77,-21.0952
69,-12,-79,-21.0236
70,-12,-98,-20.7684
71,-10,-66,-21.038
72,-10,-89,-20.496
73,-10,-68,-20.5076
74,-10,-70,-20.344
75,-10,-68,-20.276
76,-10,-80,-20.028
77,-9,-69,-19.8964
78,-9,-74,-19.608
79,-9,-72,-19.4124
80,-9,-84,-19.4616
81,-9,-73,-19.4156
82,-8,-72,-19.3056
83,-8,-65,-19.2436
84,-8,-74,-19.012
85,-8,-90,-18.8776
86,-8,-86,-19.2436
87,-8,-74,-18.916
88,-8,-73,-18.8128
89,-8,-79,-18.8624
90,-8,-81,-18.6812
91,-8,-68,-18.67
92,-8,-69,-18.3808
93,-8,-81,-18.3296
94,-8,-90,-18.3056
95,-8,-76,-18.4736
96,-8,-70,-18.318
97,-8,-79,-18.0044
98,-8,-64,-17.7172
99,-8,-73,-17.604
100,-8,-67,-17.5284
101,-8,-79,-17.2756
102,-7,-77,-17.5388
103,-7,-71,-17.5472
104,-7,-88,-17.256
105,-7,-63,-17.4776
106,-8,-81,-17.2072
107,-8,-68,-17.1972
108,-7,-70,-16.74
109,-7,-66,-16.7852
110,-7,-68,-16.6008
111,-7,-64,-16.5416
112,-7,-77,-16.4484
113,-7,-81,-16.436
114,-7,-91,-16.5316
115,-7,-67,-16.5952
116,-7,-66,-16.3124
117,-7,-82,-16.1436
118,-7,-74,-16.0512
119,-6,-70,-16.0904
120,-6,-71,-15.7804
121,-6,-76,-15.6068
122,-6,-68,-15.6576
123,-6,-72,-15.5364
124,-6,-67,-15.434
125,-6,-94,-15.2036
126,-6,-77,-15.3492
127,-6,-61,-15.3888
128,-6,-66,-15.172
129,-6,-79,-14.92
130,-6,-64,-15.0576
131,-6,-78,-14.8804
132,-6,-86,-15.08
133,-6,-67,-15.1732
134,-6,-63,-14.848
135,-6,-76,-14.5968
136,-6,-65,-14.622
137,-6,-63,-14.464
138,-6,-67,-14.4004
139,-5,-60,-14.1372
140,-4,-65,-14.1324
141,-4,-69,-14.0452
142,-4,-66,-14.0612
143,-4,-85,-13.9364
144,-4,-106,-14.2624
145,-4,-93,-14.4484
146,-3,-74,-14.3576
147,-3,-67,-14.2512
148,-3,-73,-13.9032
149,-3,-63,-13.7164
150,-3,-68,-13.508
151,-3,-75,-13.7844
152,-3,-76,-13.5628
153,-3,-78,-13.4752
154,-3,-64,-13.6572
155,-3,-84,-13.2508
156,-3,-69,-13.4472
157,-3,-84,-13.1716
158,-3,-76,-13.1876
159,-3,-81,-13.2972
160,-3,-97,-13.4228
161,-3,-73,-13.4936
162,-3,-73,-13.1864
163,-3,-72,-12.9088
164,-3,-57,-12.9828
165,-3,-58,-12.6444
166,-3,-60,-12.376
167,-3,-57,-12.1792
168,-3,-64,-11.8404
169,-3,-57,-11.7744
170,-3,-72,-11.7912
171,-3,-75,-11.8984
172,-3,-60,-12.1232
173,-3,-63,-11.8148
174,-3,-60,-11.7536
175,-3,-82,-11.7024
176,-3,-71,-11.7836
177,-3,-79,-11.7556
178,-3,-78,-11.7532
179,-3,-70,-11.8984
180,-3,-75,-11.636
181,-3,-66,-11.71
182,-2,-74,-11.4904
183,-2,-73,-11.352
184,-2,-64,-11.3692
185,-2,-71,-11.2552
186,-2,-58,-11.2008
187,-2,-91,-11.0776
188,-2,-67,-11.1588
189,-2,-58,-11.1364
190,-2,-83,-10.718
191,-2,-62,-10.9768
192,-2,-60,-10.87
193,-2,-74,-10.4792
194,-2,-59,-10.5848
195,-2,-72,-10.3104
196,-2,-65,-10.3288
197,-2,-62,-10.1048
198,-2,-59,-10.1408
199,-1,-58,-10.138
200,-1,-64,-9.8484
201,-2,-68,-9.9448
202,-2,-68,-10.0056
203,-1,-60,-9.7088
204,-1,-69,-9.7616
205,-1,-82,-9.566
206,-1,-93,-9.7776
207,-1,-71,-10.1076
208,-1,-91,-10.0748
209,-1,-83,-10.3168
210,-1,-77,-9.9908
211,-1,-71,-9.9812
212,-1,-64,-10.0608
213,-1,-69,-9.5012
214,-1,-69,-9.4828
215,-1,-63,-9.5656
216,-1,-66,-9.3468
217,-1,-59,-9.0932
218,-1,-81,-8.7532
219,-1,-67,-8.8628
220,-1,-67,-8.608
221,-1,-61,-8.7056
222,-1,-67,-8.418
223,-1,-83,-8.6144
224,-1,-57,-8.628
225,-1,-61,-8.2716
226,-1,-64,-8.3088
227,-1,-58,-8.3164
228,-1,-64,-7.8788
229,-1,-70,-7.9148
230,-1,-59,-7.856
231,-1,-52,-7.7988
232,-1,-53,-7.568
233,-1,-73,-7.4676
234,-1,-67,-7.6292
235,-1,-67,-7.5164
236,-1,-69,-7.5024
237,-1,-80,-7.5988
238,-1,-57,-7.7304
239,-1,-62,-7.3076
240,-1,-57,-7.1552
241,-1,-70,-6.988
242,-1,-53,-7.0016
243,0,-65,-6.826
1,-50,-318,-178.4248
2,-41,-290,-166.4256
3,-41,-289,-155.506
4,-38,-280,-145.0404
5,-38,-258,-134.3992
6,-35,-256,-124.112
7,-35,-233,-114.4676
8,-32,-218,-106.1176
9,-32,-207,-97.9732
10,-32,-196,-90.2288
11,-32,-173,-84.4312
12,-32,-188,-77.3544
13,-32,-155,-73.68
14,-30,-148,-69.0252
15,-30,-154,-65.002
16,-28,-136,-61.082
17,-24,-135,-57.5448
18,-24,-124,-54.9244
19,-24,-133,-51.9676
20,-24,-112,-49.6352
21,-24,-100,-47.5432
22,-24,-103,-44.8672
23,-24,-115,-44.0464
24,-24,-128,-43.1028
25,-24,-116,-42.4224
26,-24,-106,-41.5976
27,-23,-103,-40.9104
28,-23,-98,-40.1412
29,-22,-96,-39.362
30,-22,-91,-38.8276
31,-22,-86,-38.1996
32,-18,-114,-37.6488
33,-18,-101,-37.4308
34,-18,-82,-36.72
35,-18,-90,-35.9064
36,-18,-79,-35.5472
37,-18,-91,-35.304
38,-18,-82,-35.1092
39,-18,-97,-34.594
40,-16,-86,-34.382
41,-16,-79,-34.0784
42,-16,-89,-33.794
43,-16,-111,-33.6052
44,-16,-82,-33.5476
45,-16,-83,-33.066
46,-15,-84,-32.5296
47,-15,-88,-32.1272
48,-15,-96,-31.718
49,-15,-80,-31.6676
50,-15,-90,-31.346
51,-15,-98,-30.9044
52,-15,-84,-30.8956
53,-15,-86,-30.3776
54,-13,-76,-29.994
55,-14,-87,-28.9552
56,-14,-97,-28.6316
57,-14,-76,-28.6008
58,-14,-97,-28.16
59,-14,-82,-28.0788
60,-13,-78,-27.5372
61,-13,-88,-26.9968
62,-13,-82,-26.6952
63,-13,-90,-26.484
64,-13,-100,-26.1892
65,-13,-77,-26.0768
66,-13,-80,-25.3596
67,-13,-80,-24.9872
68,-13,-81,-24.624
69,-13,-72,-24.3532
70,-13,-80,-24.16
71,-13,-68,-23.8428
72,-13,-66,-23.2844
73,-13,-79,-22.8632
74,-12,-97,-22.856
75,-12,-93,-22.8616
76,-12,-75,-22.9244
77,-12,-75,-22.2868
78,-11,-77,-22.3376
79,-11,-67,-22.0752
80,-11,-68,-21.6892
81,-11,-109,-21.4832
82,-11,-95,-21.6128
83,-10,-99,-21.5228
84,-10,-68,-21.5468
85,-10,-78,-21.276
86,-10,-76,-21.306
87,-10,-86,-21.0164
88,-10,-78,-21.1428
89,-10,-90,-20.858
90,-10,-85,-20.936
91,-10,-78,-20.7444
92,-10,-82,-20.4636
93,-10,-74,-20.5088
94,-10,-76,-20.258
95,-10,-75,-20.0476
96,-10,-68,-20.0008
97,-10,-79,-19.738
98,-10,-71,-19.6432
99,-10,-63,-19.3324
100,-9,-85,-19.2104
101,-9,-66,-19.214
102,-7,-71,-18.8636
103,-7,-103,-18.8832
104,-7,-88,-19.1176
105,-7,-78,-19.0976
106,-7,-82,-18.8756
107,-7,-76,-18.7752
108,-7,-91,-18.5056
109,-7,-66,-18.748
110,-7,-85,-18.542
111,-7,-84,-18.51
112,-7,-80,-18.5296
113,-7,-78,-18.1032
114,-7,-85,-17.8932
115,-7,-68,-17.9
116,-7,-64,-17.3236
117,-7,-69,-17.1568
118,-7,-91,-17.0236
119,-7,-76,-17.3436
120,-7,-83,-17.1452
121,-7,-79,-17.1096
122,-7,-83,-17.0832
123,-7,-77,-17.1404
124,-7,-83,-16.932
125,-7,-78,-16.8884
126,-7,-84,-16.9516
127,-7,-68,-16.8844
128,-7,-64,-16.4832
129,-7,-83,-16.2264
130,-7,-75,-16.4708
131,-7,-78,-16.406
132,-7,-78,-16.2456
133,-5,-77,-16.248
134,-5,-73,-16.3592
135,-5,-71,-15.9656
136,-5,-79,-15.8176
137,-5,-66,-15.676
138,-5,-66,-15.4732
139,-5,-69,-15.3268
140,-5,-82,-15.2084
141,-5,-63,-15.2568
142,-5,-66,-15.1464
143,-5,-69,-15.1084
144,-5,-72,-15.0764
145,-5,-73,-15.1568
146,-5,-71,-15.3272
147,-6,-68,-15.0212
148,-6,-86,-14.9596
149,-6,-86,-15.0304
150,-6,-69,-14.9448
151,-6,-88,-14.83
152,-6,-71,-15.0456
153,-6,-61,-14.722
154,-6,-68,-14.3192
155,-6,-67,-14.2532
156,-6,-67,-14.3384
157,-6,-74,-14.2496
158,-5,-85,-14.1988
159,-5,-86,-14.3352
160,-5,-76,-14.348
161,-5,-77,-14.2584
162,-5,-76,-14.2528
163,-5,-60,-13.8424
164,-5,-69,-13.492
165,-5,-64,-13.4376
166,-5,-65,-13.4384
167,-5,-65,-13.3508
168,-5,-59,-13.362
169,-5,-64,-13.104
170,-5,-61,-13.0088
171,-5,-63,-12.9496
172,-5,-82,-12.7196
173,-5,-62,-12.9816
174,-5,-62,-12.7764
175,-5,-66,-12.5668
176,-5,-84,-12.62
177,-5,-62,-12.7948
178,-5,-63,-12.7756
179,-5,-61,-12.5352
180,-5,-69,-12.2668
181,-5,-66,-12.4064
182,-5,-57,-12.3804
183,-5,-57,-11.9896
184,-5,-81,-11.8336
185,-5,-76,-12.2744
186,-5,-75,-11.9812
187,-5,-69,-11.8392
188,-5,-90,-12.018
189,-5,-58,-11.9432
190,-5,-68,-11.6652
191,-5,-82,-11.766
192,-5,-71,-11.9076
193,-5,-59,-11.85
194,-5,-58,-11.5452
195,-5,-64,-11.5272
196,-4,-69,-11.4584
197,-4,-60,-11.2464
198,-4,-61,-11.3536
199,-4,-59,-11.3308
200,-4,-78,-11.3436
201,-4,-61,-11.3424
202,-4,-60,-11.2484
203,-4,-55,-10.9064
204,-4,-61,-10.8792
205,-4,-59,-10.878
206,-4,-67,-10.86
207,-4,-60,-10.8968
208,-4,-65,-10.6132
209,-4,-75,-10.5712
210,-4,-67,-10.7228
211,-4,-64,-10.7868
212,-4,-55,-10.686
213,-4,-66,-10.6664
214,-4,-63,-10.616
215,-4,-72,-10.6248
216,-4,-86,-10.7512
217,-4,-74,-10.776
218,-4,-61,-10.7068
219,-4,-66,-10.6036
220,-4,-69,-10.6808
221,-4,-63,-10.6268
222,-4,-57,-10.258
223,-4,-59,-10.0196
224,-4,-59,-9.996
225,-4,-57,-10.0088
226,-4,-67,-9.8576
227,-4,-67,-10.0628
228,-3,-65,-9.9876
229,-3,-69,-10.056
230,-3,-61,-10.0652
231,-3,-59,-10.0352
232,-3,-60,-9.8116
233,-3,-64,-9.6524
234,-3,-60,-9.7036
235,-3,-69,-9.6604
236,-3,-68,-9.9712
237,-3,-68,-9.844
238,-3,-58,-9.8128
239,-3,-55,-9.6656
240,-3,-57,-9.3432
241,-3,-71,-9.4032
242,-3,-55,-9.5576
243,-3,-53,-9.2008
244,-3,-64,-9.1416
245,-3,-55,-9.168
246,-3,-70,-9.1956
247,-3,-58,-9.3568
248,-3,-61,-9.1576
249,-3,-63,-9.2176
250,-3,-78,-9.19
251,-3,-58,-9.3988
252,-3,-62,-9.2216
253,-3,-64,-9.214
254,-3,-56,-9.2648
255,-3,-54,-8.97
256,-3,-59,-8.8548
257,-3,-87,-8.8772
258,-3,-67,-9.2404
259,-3,-60,-9.0928
260,-2,-63,-9.1184
261,-2,-57,-8.9324
262,-2,-59,-8.9612
263,-2,-70,-9.0448
264,-2,-58,-9.0408
265,-2,-81,-8.9168
266,-2,-59,-9.048
267,-2,-65,-8.8596
268,-2,-79,-8.7744
269,-2,-84,-8.9464
270,-2,-60,-8.9648
271,-2,-68,-8.9096
272,-2,-65,-8.8888
273,-2,-52,-8.8368
274,-2,-61,-8.5392
275,-2,-73,-8.5416
276,-2,-55,-8.4524
277,-2,-67,-8.3464
278,-2,-57,-8.6224
279,-2,-59,-8.568
280,-2,-79,-8.3988
281,-2,-55,-8.4792
282,-2,-53,-8.2516
283,-2,-60,-8.3524
284,-2,-59,-8.3572
285,-2,-55,-8.2888
286,-2,-58,-8.1844
287,-2,-58,-8.1136
288,-2,-88,-8.1564
289,-2,-64,-8.4816
290,-2,-54,-8.1372
291,-2,-69,-7.8868
292,-2,-56,-8.22
293,-2,-52,-8.1192
294,-2,-81,-7.954
295,-2,-60,-8.2884
296,-2,-57,-8.0376
297,-2,-59,-8.0704
298,-2,-60,-8.02
299,-2,-60,-7.9752
300,-2,-95,-8.2104
301,-2,-64,-8.388
302,-2,-79,-8.2908
303,-3,-78,-8.4212
304,-3,-72,-8.6032
305,-3,-86,-8.4632
306,-3,-79,-8.5088
307,-3,-58,-8.5268
308,-3,-56,-7.9932
309,-3,-59,-8.0728
310,-3,-73,-7.9448
311,-3,-58,-8.0676
312,-2,-53,-7.7388
313,-2,-61,-7.5952
314,-2,-67,-7.7324
315,-2,-62,-7.9228
316,-2,-62,-7.8504
317,-2,-58,-7.6456
318,-2,-54,-7.3916
319,-2,-50,-7.2148
320,-2,-57,-7.2336
321,-2,-80,-7.5332
322,-2,-62,-7.6876
323,-2,-90,-7.6708
324,-2,-76,-7.9652
325,-2,-78,-8.028
326,-2,-62,-7.8984
327,-3,-76,-7.6728
328,-3,-78,-7.5708
329,-3,-62,-7.5328
330,-3,-64,-7.402
331,-3,-71,-7.3772
332,-3,-85,-7.6728
333,-3,-75,-7.8056
334,-3,-64,-7.8876
335,-3,-66,-7.7112
336,-2,-65,-7.5112
337,-2,-82,-7.6168
338,-2,-81,-7.7928
339,-2,-58,-7.8544
340,-2,-64,-7.5552
341,-2,-76,-7.5032
342,-2,-66,-7.5452
343,-2,-52,-7.4528
344,-2,-88,-7.1344
345,-2,-82,-7.4664
346,-2,-67,-7.7044
347,-2,-61,-7.5056
348,-2,-89,-7.4232
349,-2,-73,-7.7576
350,-2,-53,-7.6
351,-2,-63,-7.3032
352,-2,-66,-7.2112
353,-2,-72,-7.3196
354,-2,-78,-7.3096
355,-2,-70,-7.3924
356,-2,-74,-7.5712
357,-2,-71,-7.5372
358,-2,-62,-7.356
359,-2,-70,-7.322
360,-2,-65,-7.3428
361,-2,-81,-7.4184
362,-2,-77,-7.4292
363,-2,-64,-7.3124
364,-2,-60,-7.4508
365,-2,-60,-7.3288
366,-2,-88,-7.2372
367,-2,-70,-7.5408
368,-2,-55,-7.4176
369,-2,-80,-7.0864
370,-2,-68,-7.2252
371,-2,-54,-7.252
372,-2,-71,-6.9144
373,-2,-54,-6.9724
374,-2,-76,-6.9364
375,-2,-55,-7.1076
376,-2,-62,-7.0292
377,-2,-75,-7.1172
378,-2,-76,-7.2672
379,-2,-72,-7.118
380,-2,-76,-7.2452
381,-2,-67,-7.2864
382,-2,-54,-6.9848
383,-2,-65,-6.8356
384,-2,-57,-6.8404
385,-2,-61,-6.71
386,-2,-77,-6.778
387,-2,-69,-6.9964
388,-2,-64,-7.0728
389,-2,-66,-6.856
390,-2,-51,-6.936
391,-2,-59,-6.6712
392,-2,-55,-6.6872
393,-2,-85,-6.7784
394,-2,-61,-6.974
395,-2,-51,-6.706
396,-2,-65,-6.7224
397,-2,-74,-6.7952
398,-2,-75,-6.8564
399,-2,-62,-6.9276
400,-2,-54,-6.7832
401,-2,-57,-6.6388
402,-2,-57,-6.5316
403,-2,-69,-6.3752
404,-2,-62,-6.558
405,-2,-65,-6.6984
406,-2,-67,-6.8028
407,-2,-78,-6.7372
408,-2,-50,-6.6532
409,-2,-52,-6.6028
410,-2,-55,-6.4684
411,-2,-59,-6.3792
412,-2,-60,-6.502
413,-2,-60,-6.5252
414,-2,-70,-6.4476
415,-2,-61,-6.6336
416,-2,-62,-6.5212
417,-2,-59,-6.3588
418,-2,-58,-6.4128
419,-2,-65,-6.3532
420,-2,-57,-6.3888
421,-2,-72,-6.4372
422,-2,-82,-6.6832
423,-2,-71,-6.7916
424,-2,-64,-6.8964
425,-2,-61,-6.73
426,-1,-65,-6.5436
427,-1,-65,-6.31
428,-1,-55,-6.4128
429,-1,-90,-6.3376
430,-2,-73,-6.6644
431,-2,-65,-6.64
432,-2,-61,-6.3232
433,-2,-53,-6.1628
434,-2,-81,-6.1636
435,-2,-58,-6.4016
436,-2,-63,-6.2236
437,-1,-50,-6.0544
438,-1,-60,-5.8884
439,-1,-60,-5.9688
440,-1,-60,-5.938
441,-1,-51,-5.952
442,-1,-53,-6.0224
443,-1,-56,-5.9148
444,-1,-69,-5.9348
445,-1,-80,-6.1216
446,-1,-74,-6.3916
447,-1,-66,-6.5532
448,-1,-62,-6.5352
449,-1,-56,-6.1984
450,-1,-54,-6.056
451,-1,-82,-5.9536
452,-1,-56,-6.3164
453,-1,-81,-6.0652
454,-1,-72,-6.4
455,-1,-57,-6.4524
456,-1,-54,-6.11
457,-1,-68,-5.9024
458,-1,-88,-6.1868
459,-1,-79,-6.4324
460,-1,-55,-6.4744
461,-1,-51,-5.9784
462,-1,-56,-5.9104
463,-1,-54,-5.8192
464,-1,-65,-5.6312
465,-1,-80,-5.8644
466,-1,-56,-6.0876
467,-1,-60,-5.872
468,-1,-53,-5.8692
469,-1,-54,-5.8416
470,-1,-63,-5.7432
471,-1,-60,-5.952
472,-1,-75,-5.982
473,-1,-59,-6.0148
474,-1,-75,-5.9484
475,-1,-67,-6.0864
476,-1,-73,-6.074
477,-1,-79,-6.2984
478,-1,-71,-6.2732
479,-1,-55,-6.1828
480,-1,-65,-5.9632
481,-1,-54,-6.0828
482,-1,-65,-5.968
483,-1,-57,-6.0468
484,-1,-66,-5.8532
485,-1,-71,-6.028
486,-1,-53,-5.862
487,-1,-56,-5.798
488,-1,-52,-5.7852
489,-1,-53,-5.6136
490,-1,-65,-5.6272
491,-1,-64,-5.6812
492,-1,-64,-5.7156
493,-1,-66,-5.6948
494,-1,-63,-5.7192
495,-1,-60,-5.6508
496,-1,-76,-5.7312
497,-1,-61,-5.9092
498,-1,-57,-5.85
499,-1,-67,-5.65
500,-1,-56,-5.8092
501,-1,-60,-5.7344
502,-1,-52,-5.54
503,-1,-57,-5.4056
504,-1,-65,-5.568
505,-1,-64,-5.7416
506,-1,-60,-5.7348
507,-1,-51,-5.7152
508,-1,-60,-5.522
509,-1,-70,-5.7468
510,-1,-67,-5.61
511,-1,-61,-5.5664
512,-1,-65,-5.5204
513,0,-64,-5.4892
1,-52,-319,-177.3616
2,-51,-317,-166.096
3,-42,-298,-156.9584
4,-42,-263,-148.5272
5,-42,-248,-137.1348
6,-42,-243,-128.9516
7,-42,-249,-120.6708
8,-36,-248,-114.5148
9,-36,-217,-108.0788
10,-36,-209,-101.4344
11,-36,-180,-95.9208
12,-28,-185,-87.6324
13,-28,-179,-82.5344
14,-28,-184,-78.4176
15,-28,-158,-74.9016
16,-28,-163,-71.3152
17,-28,-165,-68.3044
18,-28,-147,-65.1032
19,-27,-132,-62.3852
20,-24,-126,-59.3356
21,-19,-119,-55.9872
22,-19,-119,-53.3472
23,-19,-104,-51.552
24,-19,-111,-49.0708
25,-19,-118,-47.3672
26,-19,-104,-46.2208
27,-19,-104,-43.7684
28,-19,-117,-42.3
29,-19,-101,-41.39
30,-19,-95,-39.8404
31,-19,-98,-38.3476
32,-19,-109,-37.4096
33,-19,-94,-36.7712
34,-19,-96,-35.9704
35,-19,-95,-35.1312
36,-19,-86,-34.3604
37,-19,-85,-33.65
38,-17,-88,-33.1488
39,-15,-92,-32.6664
40,-15,-96,-32.2588
41,-15,-80,-32.2408
42,-15,-93,-31.708
43,-15,-85,-31.1156
44,-15,-85,-30.842
45,-15,-94,-30.5524
46,-12,-76,-30.06
47,-12,-83,-29.6768
48,-11,-78,-29.3332
49,-11,-98,-29.142
50,-12,-104,-29.054
51,-12,-111,-29.0388
52,-12,-87,-28.9044
53,-12,-86,-28.232
54,-12,-103,-28.0168
55,-12,-78,-27.6032
56,-12,-76,-26.9828
57,-12,-86,-26.4596
58,-11,-80,-26.1876
59,-11,-75,-25.53
60,-11,-76,-25.1316
61,-11,-71,-24.8236
62,-11,-80,-24.4184
63,-11,-96,-24.1808
64,-10,-96,-24.0836
65,-10,-77,-23.8404
66,-10,-73,-23.2432
67,-9,-77,-22.6316
68,-10,-74,-22.5876
69,-11,-79,-22.4324
70,-11,-97,-22.0432
71,-11,-81,-22.0288
72,-11,-86,-21.7964
73,-11,-83,-21.6764
74,-11,-85,-21.4792
75,-8,-73,-21.322
76,-8,-70,-21.0228
77,-8,-90,-20.6152
78,-10,-93,-20.876
79,-10,-79,-20.6868
80,-10,-72,-20.1632
81,-10,-90,-19.9248
82,-10,-78,-20.0172
83,-10,-96,-19.7904
84,-9,-97,-19.7764
85,-9,-91,-19.8564
86,-9,-83,-19.8276
87,-9,-91,-19.4952
88,-9,-70,-19.3888
89,-9,-68,-18.9948
90,-9,-66,-18.5184
91,-9,-79,-18.376
92,-9,-100,-18.3392
93,-8,-71,-18.5728
94,-8,-86,-18.2644
95,-8,-73,-18.1728
96,-8,-79,-18.0076
97,-8,-96,-17.7976
98,-8,-77,-18.0652
99,-8,-73,-17.8088
100,-8,-81,-17.5872
101,-8,-90,-17.424
102,-8,-70,-17.4332
103,-8,-66,-17.0288
104,-8,-85,-16.7788
105,-8,-72,-16.9504
106,-8,-71,-16.6936
107,-8,-80,-16.618
108,-8,-83,-16.5388
109,-8,-65,-16.5308
110,-8,-81,-16.032
111,-7,-78,-16.06
112,-7,-68,-16.0444
113,-7,-64,-15.7888
114,-7,-76,-15.582
115,-7,-80,-15.5844
116,-7,-65,-15.5288
117,-7,-72,-15.084
118,-7,-69,-15.0688
119,-7,-64,-15.06
120,-6,-66,-15.1848
121,-6,-87,-14.8324
122,-6,-82,-14.892
123,-6,-86,-15.0572
124,-6,-77,-15.068
125,-6,-73,-14.9572
126,-6,-77,-14.8188
127,-6,-57,-14.698
128,-6,-79,-14.306
129,-6,-78,-14.528
130,-6,-66,-14.774
131,-6,-88,-14.5172
132,-6,-79,-14.5548
133,-6,-61,-14.6024
134,-6,-60,-14.1472
135,-5,-57,-13.9788
136,-5,-57,-13.75
137,-5,-74,-13.6708
138,-5,-67,-13.7852
139,-5,-78,-13.9696
140,-5,-65,-13.9152
141,-5,-60,-13.5628
142,-5,-58,-13.4752
143,-5,-76,-13.3208
144,-5,-61,-13.3868
145,-5,-64,-13.2192
146,-5,-61,-13.2816
147,-5,-77,-13.1772
148,-5,-69,-13.5804
149,-5,-68,-13.4168
150,-5,-74,-13.446
151,-5,-64,-13.2644
152,-5,-57,-12.9976
153,-5,-86,-13.0052
154,-5,-75,-13.1656
155,-5,-87,-13.3688
156,-5,-62,-13.5844
157,-5,-77,-13.3024
158,-5,-80,-13.3248
159,-5,-63,-13.3772
160,-5,-81,-13.0368
161,-5,-67,-13.3468
162,-5,-77,-13.482
163,-5,-60,-13.32
164,-5,-82,-12.9088
165,-5,-60,-12.9592
166,-5,-68,-12.6688
167,-5,-71,-12.8148
168,-4,-62,-12.6704
169,-4,-68,-12.7344
170,-4,-61,-12.5776
171,-4,-58,-12.5268
172,-4,-63,-12.2876
173,-4,-78,-12.2028
174,-4,-68,-12.2628
175,-4,-64,-12.21
176,-4,-74,-12.0116
177,-4,-70,-12.2524
178,-4,-58,-12.2792
179,-4,-67,-11.9212
180,-4,-73,-11.9428
181,-4,-59,-11.932
182,-4,-61,-11.6444
183,-4,-56,-11.6556
184,-4,-68,-11.3924
185,-3,-66,-11.4184
186,-3,-66,-11.4404
187,-4,-59,-11.3316
188,-4,-62,-11.2144
189,-4,-66,-11.1148
190,-4,-63,-11.0912
191,-4,-62,-11.1552
192,-3,-58,-11.2008
193,-3,-63,-10.7704
194,-3,-67,-10.8088
195,-3,-87,-10.7912
196,-3,-92,-11.1036
197,-3,-82,-11.2336
198,-3,-91,-11.4004
199,-3,-71,-11.2596
200,-3,-59,-10.9576
201,-3,-58,-10.7528
202,-3,-66,-10.504
203,-3,-59,-10.5708
204,-3,-70,-10.5984
205,-3,-70,-10.4296
206,-3,-63,-10.5744
207,-3,-66,-10.5076
208,-3,-74,-10.4588
209,-3,-70,-10.3104
210,-3,-62,-10.3424
211,-3,-77,-10.168
212,-3,-72,-9.9012
213,-3,-72,-10.152
214,-3,-59,-9.9404
215,-3,-62,-9.7852
216,-3,-62,-9.8312
217,-3,-55,-9.5812
218,-3,-71,-9.3764
219,-3,-59,-9.5188
220,-3,-65,-9.5604
221,-3,-70,-9.3696
222,-2,-66,-9.4896
223,-2,-77,-9.326
224,-2,-59,-9.2824
225,-2,-66,-9.1376
226,-1,-54,-8.912
227,-1,-58,-8.632
228,-1,-61,-8.7224
229,-1,-62,-8.7324
230,-1,-76,-8.6732
231,-1,-81,-8.9904
232,-1,-71,-9.2224
233,-1,-58,-8.9628
234,-1,-75,-8.8616
235,-1,-58,-8.9676
236,-1,-60,-8.6856
237,-1,-69,-8.4408
238,-1,-84,-8.474
239,-1,-72,-8.6196
240,-1,-75,-8.58
241,-1,-68,-8.6096
242,-1,-73,-8.4532
243,-1,-85,-8.568
244,-1,-79,-8.5968
245,-1,-67,-8.4604
246,-1,-55,-8.348
247,-1,-62,-8.2536
248,0,-88,-8.2976
1,-47,-306,-175.5024
2,-47,-300,-163.524
3,-46,-262,-152.9312
4,-46,-261,-143.5388
5,-44,-237,-132.7524
6,-44,-233,-122.3936
7,-36,-217,-114.9216
8,-36,-225,-107.5024
9,-36,-203,-101.9756
10,-36,-203,-95.4252
11,-36,-191,-90.6704
12,-35,-167,-86.3656
13,-35,-165,-80.58
14,-33,-162,-75.8428
15,-33,-146,-71.8144
16,-33,-134,-68.4196
17,-32,-131,-65.1204
18,-28,-120,-62.1576
19,-28,-126,-58.744
20,-28,-113,-56.546
21,-25,-126,-54.8412
22,-25,-150,-53.2452
23,-25,-112,-52.5536
24,-25,-113,-50.5588
25,-25,-101,-49.1176
26,-25,-106,-47.2888
27,-25,-102,-45.9172
28,-25,-100,-44.772
29,-25,-104,-43.6332
30,-25,-107,-42.932
31,-25,-131,-42.29
32,-25,-106,-42.3024
33,-25,-100,-41.378
34,-25,-108,-41.0004
35,-24,-92,-40.1228
36,-24,-88,-39.318
37,-22,-114,-38.7376
38,-17,-102,-38.3416
39,-17,-97,-37.674
40,-17,-89,-37.034
41,-17,-87,-36.5004
42,-17,-83,-35.8824
43,-18,-86,-35.0032
44,-18,-81,-34.4348
45,-18,-84,-34.0212
46,-18,-79,-33.5976
47,-18,-83,-33.2684
48,-16,-95,-32.824
49,-16,-93,-32.4412
50,-16,-79,-32.1436
51,-16,-82,-31.6436
52,-16,-93,-31.4208
53,-16,-87,-31.3164
54,-16,-104,-30.9912
55,-16,-98,-31.0212
56,-16,-84,-30.8072
57,-16,-83,-30.4296
58,-16,-95,-30.0652
59,-16,-80,-29.862
60,-15,-85,-29.6008
61,-15,-87,-29.3856
62,-15,-81,-29.1436
63,-15,-83,-28.9228
64,-15,-95,-28.7064
65,-15,-75,-28.4424
66,-15,-75,-28.0928
67,-15,-74,-27.7852
68,-15,-85,-27.7432
69,-15,-98,-27.6396
70,-15,-93,-27.706
71,-13,-78,-27.5996
72,-13,-87,-27.222
73,-13,-82,-26.9988
74,-13,-91,-26.77
75,-13,-75,-26.7832
76,-13,-73,-26.1948
77,-13,-82,-25.9952
78,-13,-78,-25.764
79,-13,-73,-25.646
80,-13,-72,-25.3924
81,-13,-75,-25.2428
82,-13,-75,-25.1104
83,-13,-75,-24.962
84,-13,-80,-24.854
85,-13,-89,-24.5548
86,-13,-78,-24.532
87,-13,-78,-24.2852
88,-12,-70,-24.2008
89,-12,-76,-23.7628
90,-12,-75,-23.4892
91,-12,-78,-23.1996
92,-12,-71,-23.0544
93,-12,-68,-22.732
94,-10,-90,-22.5488
95,-10,-73,-22.7156
96,-12,-70,-22.4148
97,-12,-77,-22.0068
98,-12,-76,-21.7148
99,-11,-80,-21.4132
100,-11,-70,-21.414
101,-11,-67,-21.168
102,-10,-71,-20.9464
103,-10,-70,-20.6752
104,-10,-70,-20.4092
105,-10,-65,-20.3908
106,-10,-89,-20.2
107,-10,-92,-20.3448
108,-10,-69,-20.3804
109,-10,-91,-20.0064
110,-10,-89,-20.1564
111,-10,-87,-20.2996
112,-10,-82,-20.322
113,-10,-96,-20.0064
114,-10,-99,-20.0528
115,-10,-75,-20.0084
116,-10,-72,-19.8124
117,-10,-70,-19.3576
118,-10,-67,-19.2628
119,-10,-75,-19.0764
120,-10,-76,-19.1844
121,-10,-80,-19.1212
122,-10,-80,-19.182
123,-10,-72,-18.9396
124,-9,-68,-18.7364
125,-9,-80,-18.7312
126,-9,-80,-18.8392
127,-9,-73,-18.6644
128,-9,-83,-18.3968
129,-9,-72,-18.3208
130,-8,-70,-18.19
131,-8,-65,-17.8112
132,-8,-70,-17.6896
133,-8,-65,-17.8056
134,-6,-79,-17.6736
135,-6,-65,-17.7788
136,-6,-65,-17.3752
137,-6,-72,-17.4156
138,-6,-69,-17.402
139,-6,-73,-17.324
140,-6,-66,-17.1712
141,-6,-71,-16.8564
142,-6,-77,-16.9788
143,-6,-69,-16.9748
144,-6,-67,-17.0248
145,-6,-68,-16.8496
146,-6,-74,-16.5832
147,-6,-63,-16.734
148,-6,-60,-16.4776
149,-6,-60,-16.3564
150,-6,-65,-16.2348
151,-6,-65,-16.146
152,-6,-62,-16.18
153,-6,-75,-16.0292
154,-6,-61,-16.1576
155,-6,-62,-15.9404
156,-6,-72,-15.9192
157,-6,-70,-15.9308
158,-6,-68,-16.0028
159,-6,-65,-15.9004
160,-6,-64,-15.7008
161,-6,-71,-15.4144
162,-6,-81,-15.5064
163,-6,-74,-15.7884
164,-6,-83,-15.632
165,-6,-66,-15.6012
166,-6,-61,-15.2376
167,-6,-66,-14.9644
168,-6,-69,-14.8292
169,-6,-71,-15.0168
170,-6,-63,-14.9964
171,-6,-64,-14.5808
172,-6,-65,-14.5956
173,-6,-63,-14.608
174,-6,-72,-14.5316
175,-6,-75,-14.2908
176,-6,-73,-14.488
177,-6,-100,-14.4248
178,-5,-82,-14.47
179,-5,-97,-14.6384
180,-5,-70,-14.492
181,-5,-63,-13.9704
182,-5,-65,-13.7324
183,-5,-83,-13.7092
184,-5,-63,-13.8476
185,-5,-65,-13.7028
186,-5,-85,-13.676
187,-5,-78,-13.8816
188,-5,-92,-13.7364
189,-4,-68,-13.7792
190,-4,-67,-13.4988
191,-4,-73,-13.2868
192,-4,-65,-13.0992
193,-4,-85,-12.8756
194,-4,-70,-12.9716
195,-4,-74,-12.8092
196,-4,-80,-12.8936
197,-4,-73,-12.9728
198,-4,-62,-12.5776
199,-4,-71,-12.3824
200,-4,-74,-12.392
201,-4,-82,-12.446
202,-4,-75,-12.216
203,-4,-72,-12.2812
204,-4,-63,-12.2496
205,-4,-69,-11.8388
206,-4,-86,-11.714
207,-4,-57,-11.7624
208,-4,-82,-11.5836
209,-4,-80,-11.506
210,-4,-69,-11.7368
211,-4,-79,-11.724
212,-4,-81,-11.7236
213,-4,-69,-11.7612
214,-4,-89,-11.4788
215,-4,-69,-11.5888
216,-4,-80,-11.4944
217,-4,-82,-11.3336
218,-4,-81,-11.3464
219,-4,-62,-11.5132
220,-4,-74,-11.4604
221,-4,-68,-11.2504
222,-3,-63,-11.1104
223,-3,-94,-10.8968
224,-3,-72,-11.0232
225,-3,-58,-10.9076
226,-3,-67,-10.724
227,-3,-72,-10.68
228,-3,-69,-10.6772
229,-3,-59,-10.4668
230,-3,-64,-10.4224
231,-3,-72,-10.3888
232,-3,-58,-10.1808
233,-3,-68,-10.0744
234,-3,-61,-10.2004
235,-3,-71,-9.9368
236,-3,-77,-10.1516
237,-3,-58,-10.2364
238,-3,-65,-10.1796
239,-3,-72,-9.866
240,-3,-77,-9.8024
241,-3,-68,-9.7584
242,-3,-61,-9.9916
243,-3,-63,-9.626
244,-3,-58,-9.9624
245,-3,-63,-9.4816
246,-3,-53,-9.5816
247,-3,-82,-9.4984
248,-3,-89,-9.7336
249,-3,-71,-9.9804
250,-3,-61,-9.758
251,-3,-66,-9.5844
252,-3,-65,-9.5376
253,-3,-69,-9.258
254,-3,-59,-9.276
255,-3,-70,-9.1128
256,-3,-65,-9.3
257,-3,-59,-9.1604
258,-3,-76,-9.2388
259,-3,-55,-9.296
260,-3,-58,-9.1
261,-3,-70,-9.244
262,-3,-78,-9.3056
263,-2,-76,-9.388
264,-2,-61,-9.3156
265,-2,-57,-9.21
266,-2,-70,-9.0188
267,-2,-76,-9.0388
268,-2,-80,-8.9996
269,-2,-56,-9.1688
270,-2,-76,-8.7364
271,-2,-81,-8.7828
272,-2,-78,-9.0448
273,-2,-91,-9.192
274,-2,-80,-9.1676
275,-2,-63,-8.9704
276,-2,-77,-8.7696
277,-2,-62,-8.9152
278,-2,-71,-8.8444
279,-2,-70,-8.8096
280,-2,-80,-8.6308
281,-2,-79,-8.7048
282,-1,-73,-8.7776
283,-1,-79,-8.8396
284,-1,-65,-8.9324
285,-1,-57,-8.6088
286,-1,-61,-8.3212
287,-1,-55,-8.292
288,-1,-83,-8.1932
289,-1,-61,-8.3732
290,-1,-58,-8.178
291,-2,-57,-8.0656
292,-2,-63,-8.008
293,-2,-66,-7.9492
294,-2,-71,-7.8896
295,-2,-57,-7.9788
296,-2,-65,-7.7184
297,-2,-79,-7.76
298,-2,-66,-7.9612
299,-2,-73,-7.9388
300,-2,-61,-7.9556
301,-2,-91,-7.9556
302,-1,-53,-8.1068
303,-1,-73,-7.9204
304,-1,-72,-8.0076
305,-1,-67,-8.0944
306,-1,-95,-8.1804
307,-1,-82,-8.4896
308,-2,-60,-8.2672
309,-2,-73,-7.7332
310,-2,-74,-7.5312
311,-1,-69,-7.652
312,-1,-77,-7.644
313,-1,-73,-7.7264
314,-2,-53,-7.6092
315,-2,-54,-7.3104
316,-2,-66,-7.0972
317,-2,-63,-7.138
318,-2,-62,-7.2316
319,-2,-79,-7.148
320,-2,-66,-7.3904
321,-2,-66,-7.33
322,-2,-57,-7.3332
323,-2,-75,-7.208
324,-1,-59,-7.2276
325,-1,-61,-7.1156
326,-1,-77,-7.0908
327,-1,-59,-7.5564
328,-1,-84,-7.3584
329,-2,-59,-7.3804
330,-1,-66,-7.1716
331,-1,-68,-7.1348
332,-1,-65,-7.156
333,-1,-64,-7.1264
334,-1,-61,-6.6784
335,-1,-53,-6.6092
336,-1,-73,-6.3812
337,-1,-85,-6.7868
338,-1,-76,-7.0004
339,-1,-84,-6.98
340,-1,-63,-6.9616
341,-1,-60,-6.6412
342,-1,-54,-6.6792
343,-1,-70,-6.6384
344,-1,-63,-6.6604
345,-1,-53,-6.268
346,-1,-55,-6.288
347,-1,-61,-6.2092
348,-1,-70,-6.2804
349,-1,-56,-6.364
350,-1,-71,-6.3408
351,-1,-73,-6.4316
352,-1,-63,-6.618
353,-1,-69,-6.3852
354,-1,-53,-6.4432
355,-1,-63,-6.0468
356,-1,-57,-6.1624
357,-1,-57,-6.2492
358,-1,-58,-6.3656
359,-1,-56,-6.1432
360,-1,-57,-6.0472
361,-1,-50,-6.0172
362,-1,-51,-5.8588
363,-1,-53,-5.7636
364,-1,-59,-5.704
365,-1,-61,-5.8028
366,-1,-53,-5.8604
367,-1,-79,-5.7308
368,-1,-61,-6.0028
369,-1,-62,-5.9712
370,-1,-62,-6.0104
371,-1,-54,-5.8092
372,-1,-73,-5.7812
373,-1,-51,-5.9272
374,-1,-65,-5.7492
375,-1,-60,-5.9112
376,-1,-70,-5.8944
377,-1,-70,-6.0468
378,-1,-63,-6.102
379,-1,-68,-6.0544
380,-1,-79,-6.1668
381,-1,-71,-6.26
382,-1,-69,-5.8972
383,-1,-65,-5.844
384,-1,-59,-5.7204
385,-1,-65,-5.7628
386,-1,-59,-5.8168
387,-1,-69,-5.4972
388,-1,-69,-5.8116
389,-1,-73,-5.724
390,-1,-60,-6.0288
391,-1,-78,-5.8396
392,-1,-73,-6.0944
393,-1,-68,-6.1768
394,-1,-68,-5.972
395,-1,-54,-5.864
396,-1,-62,-5.6364
397,-1,-55,-5.548
398,-1,-64,-5.6008
399,0,-66,-5.5664
1,-52,-325,-176.0812
2,-52,-289,-164.688
3,-53,-297,-152.4804
4,-34,-270,-142.9432
5,-34,-257,-134.096
6,-34,-262,-123.5052
7,-34,-230,-117.5036
8,-34,-228,-107.6036
9,-25,-211,-100.1312
10,-25,-184,-93.4044
11,-29,-183,-86.3184
12,-25,-180,-79.7312
13,-24,-167,-74.3808
14,-24,-151,-70.1712
15,-24,-149,-64.8492
16,-20,-142,-60.2612
17,-20,-147,-56.6824
18,-20,-127,-54.0556
19,-20,-118,-50.8068
20,-20,-99,-47.174
21,-20,-108,-44.144
22,-20,-120,-42.2528
23,-19,-100,-41.468
24,-19,-106,-40.0348
25,-19,-93,-38.8864
26,-19,-94,-37.6352
27,-19,-118,-36.6936
28,-19,-91,-36.4012
29,-19,-115,-35.6188
30,-19,-88,-35.2276
31,-19,-89,-34.2232
32,-19,-100,-33.6664
33,-19,-85,-33.0324
34,-19,-100,-32.54
35,-19,-85,-32.2944
36,-19,-97,-31.6312
37,-19,-109,-31.324
38,-19,-92,-31.3532
39,-19,-84,-30.7996
40,-19,-83,-30.3356
41,-19,-74,-29.8196
42,-15,-84,-29.344
43,-15,-74,-29.3456
44,-18,-83,-28.7328
45,-17,-77,-28.6288
46,-17,-78,-28.476
47,-17,-81,-28.3408
48,-17,-88,-27.954
49,-17,-76,-27.8024
50,-14,-81,-27.4364
51,-14,-73,-27.3192
52,-14,-68,-26.6328
53,-14,-72,-26.4772
54,-14,-77,-26.1592
55,-14,-70,-25.9352
56,-14,-74,-25.8092
57,-14,-75,-25.6344
58,-12,-74,-25.6452
59,-12,-87,-25.3828
60,-12,-108,-25.318
61,-12,-90,-25.5132
62,-12,-81,-25.4408
63,-12,-86,-25.1728
64,-12,-86,-25.0884
65,-12,-81,-25.036
66,-12,-88,-24.9148
67,-12,-69,-24.6512
68,-12,-73,-24.3684
69,-12,-82,-24.204
70,-12,-81,-24.06
71,-12,-96,-24.1488
72,-12,-85,-24.1428
73,-12,-92,-23.8716
74,-12,-73,-23.7628
75,-10,-78,-23.3296
76,-10,-92,-22.9916
77,-10,-83,-23.12
78,-9,-83,-22.5824
79,-9,-75,-22.588
80,-9,-70,-22.2968
81,-9,-75,-21.8524
82,-8,-74,-21.5748
83,-8,-74,-21.3624
84,-8,-76,-21.2524
85,-8,-65,-21.1136
86,-8,-69,-20.7684
87,-8,-79,-20.562
88,-8,-72,-20.6976
89,-7,-73,-20.4712
90,-7,-71,-20.168
91,-7,-92,-20.0204
92,-7,-92,-20.0316
93,-7,-84,-20.062
94,-7,-68,-19.7196
95,-7,-86,-19.3364
96,-8,-88,-19.1068
97,-8,-77,-19.1304
98,-7,-76,-18.8712
99,-7,-84,-18.7684
100,-8,-88,-18.5368
101,-7,-80,-18.4184
102,-7,-61,-17.976
103,-7,-68,-17.5392
104,-7,-74,-17.4304
105,-7,-88,-17.1464
106,-7,-68,-17.0236
107,-7,-70,-16.846
108,-7,-74,-16.5636
109,-7,-78,-16.3644
110,-7,-71,-16.3548
111,-7,-81,-16.1188
112,-7,-102,-16.248
113,-7,-86,-16.5128
114,-7,-85,-16.2796
115,-7,-75,-16.2224
116,-7,-71,-15.9976
117,-6,-93,-15.782
118,-6,-96,-15.8444
119,-5,-67,-15.594
120,-5,-82,-15.1212
121,-5,-63,-15.0752
122,-5,-62,-14.9056
123,-5,-73,-14.69
124,-5,-70,-14.6232
125,-5,-60,-14.4776
126,-5,-77,-14.2108
127,-5,-67,-14.2348
128,-5,-58,-13.9476
129,-5,-75,-13.822
130,-5,-66,-13.708
131,-5,-62,-13.822
132,-5,-63,-13.6424
133,-5,-87,-13.4124
134,-5,-75,-13.526
135,-5,-66,-13.5888
136,-5,-69,-13.3428
137,-5,-72,-13.3196
138,-5,-75,-13.2988
139,-5,-61,-13.0124
140,-5,-59,-12.9304
141,-5,-72,-12.5516
142,-5,-71,-12.7936
143,-5,-64,-12.814
144,-5,-73,-12.7992
145,-5,-61,-12.6816
146,-5,-84,-12.1928
147,-5,-74,-12.462
148,-5,-58,-12.7192
149,-5,-64,-12.3552
150,-5,-81,-12.2244
151,-5,-66,-12.314
152,-5,-61,-12.1484
153,-4,-69,-12.0076
154,-4,-64,-12.038
155,-4,-77,-12.0044
156,-4,-60,-12.0884
157,-3,-89,-11.8604
158,-3,-80,-12.14
159,-3,-89,-11.9264
160,-3,-66,-12.0772
161,-3,-87,-11.786
162,-3,-87,-12.1356
163,-3,-63,-12.256
164,-3,-69,-12.1056
165,-3,-74,-11.882
166,-3,-82,-11.8772
167,-3,-86,-11.7064
168,-3,-74,-11.9348
169,-3,-71,-11.9232
170,-3,-63,-11.794
171,-3,-60,-11.6016
172,-3,-65,-11.4276
173,-3,-75,-11.49
174,-3,-83,-11.4504
175,-3,-57,-11.4772
176,-3,-71,-11.1004
177,-3,-62,-11.2332
178,-3,-61,-10.9664
179,-3,-61,-10.8012
180,-3,-75,-10.872
181,-3,-64,-10.9212
182,-3,-64,-11.038
183,-3,-58,-10.774
184,-3,-63,-10.602
185,-3,-74,-10.5328
186,-3,-81,-10.746
187,-3,-59,-10.8228
188,-3,-71,-10.5224
189,-3,-63,-10.4716
190,-3,-75,-10.486
191,-3,-85,-10.6248
192,-3,-72,-10.7596
193,-3,-67,-10.3864
194,-4,-59,-10.4916
195,-4,-70,-10.3212
196,-4,-74,-10.3924
197,-4,-93,-10.428
198,-4,-70,-10.7068
199,-4,-92,-10.62
200,-4,-88,-10.702
201,-4,-72,-10.8416
202,-4,-87,-10.7208
203,-4,-75,-10.922
204,-4,-81,-10.8528
205,-4,-76,-10.8712
206,-4,-92,-10.8388
207,-4,-82,-10.8176
208,-4,-57,-10.6272
209,-4,-59,-10.17
210,-4,-67,-10.1116
211,-4,-67,-10.1104
212,-4,-72,-10.0568
213,-4,-57,-10.2284
214,-4,-81,-9.8412
215,-4,-65,-10.1444
216,-4,-68,-9.952
217,-4,-67,-10.0032
218,-4,-67,-9.896
219,-4,-59,-9.938
220,-4,-66,-9.682
221,-4,-66,-9.676
222,-4,-76,-9.6684
223,-4,-59,-9.9908
224,-4,-93,-9.8192
225,-4,-84,-10.2112
226,-4,-84,-10.0024
227,-4,-92,-10.1004
228,-4,-77,-10.2076
229,-4,-66,-10.0168
230,-4,-62,-9.7876
231,-4,-71,-9.5504
232,-4,-65,-9.6252
233,-4,-69,-9.5756
234,-4,-76,-9.6244
235,-4,-83,-9.6204
236,-4,-83,-9.8492
237,-4,-87,-9.9888
238,-4,-70,-9.9264
239,-4,-76,-9.76
240,-4,-71,-9.876
241,-4,-86,-9.7024
242,-4,-65,-9.6664
243,-4,-62,-9.486
244,-4,-75,-9.2408
245,-4,-67,-9.4156
246,-4,-59,-9.2268
247,-4,-60,-9.1168
248,-4,-68,-9.2396
249,-4,-60,-9.33
250,-4,-69,-9.0908
251,-4,-73,-9.1184
252,-4,-68,-9.078
253,-4,-77,-9.356
254,-3,-65,-9.4932
255,-3,-59,-9.3476
256,-3,-65,-9.2708
257,-3,-60,-9.1076
258,-3,-64,-8.9544
259,-3,-87,-8.99
260,-3,-56,-9.0616
261,-3,-69,-8.6888
262,-3,-83,-8.6584
263,-3,-64,-8.8712
264,-3,-60,-8.772
265,-3,-54,-8.67
266,-3,-76,-8.4424
267,-3,-64,-8.674
268,-3,-61,-8.6592
269,-3,-74,-8.518
270,-3,-66,-8.6464
271,-3,-84,-8.702
272,-3,-57,-9.05
273,-3,-65,-8.7512
274,-3,-65,-8.4432
275,-3,-81,-8.3908
276,-3,-66,-8.5352
277,-3,-69,-8.454
278,-3,-53,-8.4208
279,-3,-57,-7.9896
280,-3,-62,-8.1432
281,-3,-62,-8.014
282,-3,-57,-8.144
283,-3,-63,-7.836
284,-2,-70,-7.8376
285,-2,-55,-7.9336
286,-2,-74,-7.7728
287,-2,-81,-7.9192
288,-2,-83,-8.3404
289,-2,-60,-8.358
290,-2,-56,-8.274
291,-2,-76,-7.8844
292,-2,-86,-7.9324
293,-2,-68,-8.0696
294,-2,-54,-7.9504
295,-2,-81,-7.7424
296,-2,-71,-7.9372
297,-2,-55,-8.2384
298,-2,-66,-7.7528
299,-2,-63,-7.9024
300,-2,-64,-7.6236
301,-2,-86,-7.6096
302,-2,-64,-7.8488
303,-2,-75,-7.8376
304,-2,-80,-8.0112
305,-2,-83,-8.0772
306,-2,-79,-8.148
307,-2,-70,-8.0964
308,-2,-71,-8.0648
309,-2,-76,-7.8296
310,-2,-79,-7.8592
311,-2,-61,-7.9968
312,-2,-58,-7.8432
313,-2,-68,-7.588
314,-2,-71,-7.6848
315,-2,-60,-7.7356
316,-2,-56,-7.7376
317,-2,-71,-7.4508
318,-2,-63,-7.5
319,-2,-56,-7.5128
320,-2,-71,-7.4104
321,-2,-61,-7.5536
322,-2,-60,-7.3584
323,-2,-53,-7.3052
324,-2,-55,-7.1048
325,-2,-52,-7.1636
326,-2,-56,-6.96
327,-2,-54,-7.142
328,-2,-72,-6.936
329,-2,-69,-7.0984
330,-2,-72,-7.2152
331,-2,-65,-7.4232
332,-2,-53,-7.2212
333,-2,-67,-7.0116
334,-2,-71,-7.1476
335,-2,-71,-7.3576
336,-2,-57,-7.3908
337,-2,-67,-7.32
338,-2,-63,-7.3988
339,-2,-61,-7.136
340,-2,-58,-6.984
341,-2,-52,-7.0908
342,-2,-74,-7.026
343,-2,-50,-7.102
344,-2,-69,-6.952
345,-2,-69,-7.06
346,-2,-77,-7.0768
347,-2,-67,-7.5228
348,-2,-58,-7.3152
349,-2,-58,-7.0904
350,-2,-53,-6.9896
351,-2,-56,-6.7608
352,-2,-56,-6.8708
353,-2,-63,-6.83
354,-2,-53,-6.8532
355,-2,-72,-6.7464
356,-2,-54,-6.8864
357,-2,-61,-6.766
358,-2,-67,-6.8716
359,-2,-83,-7.0452
360,-2,-91,-7.358
361,-2,-79,-7.35
362,-2,-52,-7.3356
363,-2,-67,-7.0524
364,-2,-81,-7.0732
365,-2,-72,-7.3068
366,-2,-76,-7.2536
367,-2,-79,-7.2348
368,-2,-58,-7.2964
369,-2,-75,-7.0244
370,-2,-77,-7.1012
371,-2,-53,-7.0868
372,-2,-57,-6.7628
373,-2,-67,-6.8172
374,-2,-86,-6.9528
375,-2,-56,-7.0316
376,-2,-66,-6.866
377,-2,-54,-7.0804
378,-2,-79,-6.8364
379,-2,-65,-7.1072
380,-2,-53,-7.018
381,-2,-51,-6.754
382,-2,-74,-6.68
383,-2,-70,-6.9848
384,-2,-57,-7.0184
385,-2,-81,-6.9388
386,-2,-64,-7.0872
387,-2,-72,-6.8276
388,-1,-72,-6.9068
389,-1,-55,-6.8268
390,-1,-66,-6.6912
391,-2,-58,-6.8844
392,-2,-59,-6.6628
393,-2,-61,-6.7332
394,-2,-77,-6.7508
395,-2,-72,-7.0428
396,-2,-62,-7.0476
397,-2,-58,-6.7684
398,-2,-54,-6.6696
399,-2,-49,-6.458
400,-2,-57,-6.2712
401,-2,-63,-6.3028
402,-2,-60,-6.4392
403,-2,-65,-6.4748
404,-2,-60,-6.5464
405,-2,-67,-6.3632
406,-2,-53,-6.5836
407,-2,-86,-6.3032
408,-2,-63,-6.6716
409,-2,-81,-6.76
410,-2,-71,-6.916
411,-2,-71,-6.9228
412,-2,-63,-6.8076
413,-2,-66,-6.4872
414,-2,-57,-6.5924
415,-2,-79,-6.5576
416,-2,-70,-6.678
417,-2,-75,-7.0172
418,-2,-64,-7.1048
419,-2,-73,-6.7752
420,-2,-66,-6.7304
421,-2,-79,-6.7904
422,-2,-60,-7.0148
423,-1,-50,-6.5484
424,-1,-57,-6.2256
425,-1,-74,-6.3644
426,-1,-66,-6.478
427,-1,-64,-6.5872
428,-1,-57,-6.484
429,-1,-58,-6.2904
430,-1,-53,-6.2728
431,-1,-63,-6.1528
432,-1,-79,-6.1608
433,-1,-81,-6.4196
434,-1,-53,-6.4808
435,-1,-59,-6.0912
436,-1,-53,-6.2008
437,-1,-59,-6.1864
438,-1,-60,-6.2236
439,-1,-55,-6.3112
440,-1,-63,-6.1856
441,-1,-64,-6.222
442,-1,-70,-6.478
443,-1,-55,-6.362
444,-1,-68,-6.284
445,-1,-61,-6.3656
446,-1,-58,-6.4236
447,-1,-85,-6.3716
448,-1,-89,-6.5736
449,-1,-58,-6.8164
450,-1,-75,-6.5692
451,-1,-86,-6.5744
452,-1,-64,-6.788
453,-1,-56,-6.556
454,-1,-54,-6.2152
455,-1,-50,-6.1768
456,-1,-52,-6.1456
457,-1,-52,-5.8276
458,-1,-61,-6.008
459,-1,-52,-6.1112
460,-1,-77,-5.9528
461,-1,-61,-6.0928
462,-1,-63,-6.1792
463,-1,-53,-6.3532
464,-1,-61,-6.0968
465,-1,-61,-5.956
466,-1,-52,-6.014
467,-1,-70,-5.9424
468,-1,-68,-6.1644
469,-1,-53,-5.9612
470,-1,-55,-5.798
471,-1,-68,-5.7588
472,-1,-66,-6.1672
473,-1,-58,-6.1692
474,-1,-70,-5.94
475,-1,-62,-6.0552
476,-1,-74,-6.07
477,-1,-62,-6.0364
478,-1,-51,-6.3284
479,-1,-49,-5.9728
480,-1,-57,-5.788
481,-1,-67,-5.96
482,-1,-74,-6.1608
483,-1,-76,-6.1964
484,-1,-76,-6.2364
485,-1,-60,-6.1932
486,-1,-87,-6.024
487,-1,-69,-6.3324
488,-1,-54,-6.376
489,-1,-54,-6.0572
490,-1,-79,-5.8796
491,-1,-66,-6.2928
492,-1,-51,-6.2752
493,-1,-55,-5.92
494,-1,-51,-5.7528
495,-1,-56,-5.8488
496,-1,-54,-5.7056
497,-1,-73,-5.8084
498,-1,-67,-5.9896
499,-1,-65,-5.974
500,-1,-59,-5.762
501,-1,-53,-5.5624
502,-1,-70,-5.5932
503,-1,-56,-5.756
504,-1,-61,-5.6016
505,-1,-81,-5.7396
506,-1,-63,-6.162
507,-1,-64,-6.1584
508,-1,-69,-6.16
509,-1,-60,-6.1296
510,-1,-53,-6.0812
511,-1,-67,-5.7084
512,-1,-67,-5.8512
513,-1,-69,-5.8304
514,-1,-85,-5.964
515,-1,-71,-6.1428
516,-1,-52,-6.116
517,-1,-64,-5.8648
518,-1,-65,-5.8008
519,-1,-74,-5.8368
520,-1,-60,-6.074
521,-1,-80,-5.79
522,-1,-77,-5.9492
523,-1,-57,-6.12
524,-1,-60,-5.9124
525,-1,-67,-5.6516
526,-1,-55,-5.6028
527,-1,-55,-5.5412
528,-1,-55,-5.3364
529,-1,-61,-5.2004
530,-1,-53,-5.5084
531,-1,-64,-5.4512
532,-1,-67,-5.4304
533,-1,-63,-5.5204
534,-1,-53,-5.7616
535,-1,-67,-5.4692
536,-1,-69,-5.4944
537,-1,-69,-5.5556
538,0,-67,-5.642
