1,-7,-10,-8.72
2,-7,-10,-8.23
3,-6,-10,-7.84
4,-6,-9,-7.65
5,-6,-9,-7.16
6,-6,-8,-6.99
7,-6,-8,-6.85
8,-6,-7,-6.73
9,-6,-6,-6
10,-6,-7,-6.02
11,-6,-7,-6.01
12,-6,-6,-6
13,-6,-7,-6.03
14,-6,-7,-6.02
15,-6,-7,-6.01
16,-6,-7,-6.01
17,-6,-7,-6.02
18,-6,-7,-6.02
19,-6,-7,-6.03
20,-6,-7,-6.02
21,-6,-7,-6.01
22,-6,-7,-6.01
23,-6,-7,-6.04
24,-6,-7,-6.02
25,-6,-7,-6.01
26,-6,-7,-6.02
27,-6,-7,-6.03
28,-6,-7,-6.02
29,-6,-7,-6.02
30,-6,-7,-6.02
31,-6,-7,-6.02
32,-6,-7,-6.02
33,-5,-7,-6.01
34,-5,-7,-6.02
35,-5,-7,-6
36,-5,-7,-5.92
37,-5,-6,-5.85
38,-4,-6,-5.02
39,-4,-6,-4.95
40,-4,-6,-4.91
41,-4,-6,-4.83
42,-4,-6,-4.71
43,-4,-6,-4.58
44,-4,-6,-4.46
45,-4,-5,-4.38
46,-4,-5,-4.03
47,-4,-5,-4.03
48,-4,-5,-4.03
49,-4,-5,-4.04
50,-4,-5,-4.01
51,-4,-5,-4.04
52,-4,-5,-4.04
53,-4,-5,-4.04
54,-4,-5,-4.02
55,-4,-5,-4.03
56,-4,-5,-4.04
57,-4,-5,-4.03
58,-4,-5,-4.02
59,-4,-5,-4.03
60,-4,-5,-4.03
61,-4,-5,-4.04
62,-4,-4,-4
63,-4,-5,-4.02
64,-4,-5,-4.04
65,-4,-5,-4.04
66,-3,-5,-4.01
67,-4,-5,-4.02
68,-4,-5,-4.03
69,-4,-5,-4.03
70,-4,-5,-4.03
71,-4,-5,-4.03
72,-4,-5,-4.03
73,-4,-5,-4.03
74,-3,-5,-4.02
75,-3,-5,-3.99
76,-3,-5,-3.96
77,-3,-5,-3.93
78,-3,-5,-3.91
79,-3,-5,-3.81
80,-3,-5,-3.73
81,-3,-5,-3.51
82,-3,-5,-3.33
83,-3,-5,-3.22
84,-3,-5,-3.16
85,-3,-4,-3.12
86,-3,-4,-3.04
87,-3,-4,-3.03
88,-3,-4,-3.04
89,-3,-4,-3.02
90,-3,-4,-3.03
91,-3,-4,-3.02
92,-3,-4,-3.02
93,-3,-4,-3.04
94,-3,-4,-3.02
95,-3,-4,-3.04
96,-3,-4,-3.03
97,-3,-4,-3.03
98,-3,-4,-3.03
99,-3,-4,-3.03
100,-3,-4,-3.05
101,-3,-4,-3.04
102,-3,-4,-3.04
103,-3,-4,-3.02
104,-3,-4,-3.02
105,-3,-4,-3.04
106,-3,-4,-3.05
107,-3,-4,-3.02
108,-3,-4,-3.05
109,-3,-4,-3.03
110,-3,-4,-3.04
111,-3,-4,-3.04
112,-3,-4,-3.04
113,-3,-4,-3.04
114,-3,-4,-3.05
115,-3,-4,-3.03
116,-3,-4,-3.04
117,-3,-4,-3.04
118,-3,-4,-3.03
119,-3,-4,-3.02
120,-3,-4,-3.02
121,-3,-4,-3.04
122,-3,-4,-3.03
123,-3,-4,-3.03
124,-3,-4,-3.02
125,-2,-4,-3.02
126,-2,-4,-3.04
127,-2,-4,-3.03
128,-2,-4,-3.02
129,-2,-4,-3.04
130,-2,-4,-2.98
131,-2,-4,-2.89
132,-2,-4,-2.79
133,-2,-4,-2.67
134,-2,-4,-2.47
135,-2,-4,-2.31
136,-2,-3,-2.19
137,-2,-3,-2.05
138,-2,-3,-2.05
139,-2,-3,-2.03
140,-2,-3,-2.05
141,-2,-3,-2.04
142,-2,-3,-2.03
143,-2,-3,-2.04
144,-2,-3,-2.04
145,-2,-3,-2.03
146,-2,-3,-2.04
147,-2,-3,-2.05
148,-2,-3,-2.05
149,-2,-3,-2.05
150,-2,-3,-2.04
151,-2,-3,-2.04
152,-2,-3,-2.04
153,-2,-3,-2.02
154,-2,-3,-2.04
155,-2,-3,-2.05
156,-2,-3,-2.04
157,-2,-3,-2.04
158,-2,-3,-2.04
159,-2,-3,-2.04
160,-2,-3,-2.04
161,-2,-3,-2.05
162,-2,-3,-2.05
163,-2,-3,-2.04
164,-2,-3,-2.04
165,-2,-3,-2.04
166,-2,-3,-2.05
167,-2,-3,-2.04
168,-2,-3,-2.03
169,-2,-3,-2.01
170,-2,-3,-2.04
171,-2,-3,-2.03
172,-2,-3,-2.02
173,-2,-3,-2.04
174,-2,-3,-2.05
175,-2,-3,-2.04
176,-2,-3,-2.03
177,-2,-3,-2.04
178,-2,-3,-2.03
179,-2,-3,-2.04
180,-2,-3,-2.04
181,-2,-3,-2.05
182,-2,-3,-2.03
183,-2,-3,-2.04
184,-2,-3,-2.04
185,-2,-3,-2.03
186,-2,-3,-2.04
187,-2,-3,-2.04
188,-2,-3,-2.03
189,-2,-3,-2.05
190,-2,-3,-2.04
191,-2,-3,-2.03
192,-2,-3,-2.05
193,-2,-3,-2.02
194,-2,-3,-2.03
195,-2,-3,-2.04
196,-2,-3,-2.04
197,-2,-3,-2.03
198,-2,-3,-2.04
199,-2,-3,-2.05
200,-2,-3,-2.04
201,-1,-3,-2.03
202,-1,-3,-1.99
203,-1,-3,-1.93
204,-1,-3,-1.86
205,-1,-3,-1.71
206,-1,-3,-1.49
207,-1,-3,-1.33
208,-1,-2,-1.2
209,-1,-2,-1.05
210,-1,-2,-1.03
211,-1,-2,-1.04
212,-1,-2,-1.05
213,-1,-2,-1.05
214,-1,-2,-1.03
215,-1,-2,-1.05
216,-1,-2,-1.04
217,-1,-2,-1.04
218,-1,-2,-1.05
219,-1,-2,-1.03
220,-1,-2,-1.05
221,-1,-2,-1.04
222,-1,-2,-1.05
223,-1,-2,-1.04
224,-1,-2,-1.05
225,-1,-2,-1.03
226,-1,-2,-1.05
227,-1,-2,-1.05
228,-1,-2,-1.05
229,-1,-2,-1.04
230,-1,-2,-1.05
231,-1,-2,-1.04
232,-1,-2,-1.05
233,-1,-2,-1.05
234,-1,-2,-1.04
235,-1,-2,-1.05
236,-1,-2,-1.04
237,-1,-2,-1.05
238,-1,-2,-1.04
239,-1,-2,-1.04
240,-1,-2,-1.04
241,-1,-2,-1.04
242,-1,-2,-1.05
243,-1,-2,-1.04
244,-1,-2,-1.04
245,-1,-2,-1.05
246,-1,-2,-1.05
247,-1,-2,-1.04
248,-1,-2,-1.05
249,-1,-2,-1.05
250,-1,-2,-1.05
251,-1,-2,-1.03
252,-1,-2,-1.05
253,-1,-2,-1.04
254,-1,-2,-1.05
255,-1,-2,-1.05
256,-1,-2,-1.05
257,-1,-2,-1.05
258,-1,-2,-1.05
259,-1,-2,-1.02
260,-1,-2,-1.04
261,-1,-2,-1.04
262,-1,-2,-1.05
263,-1,-2,-1.05
264,-1,-2,-1.05
265,-1,-2,-1.04
266,-1,-2,-1.04
267,-1,-2,-1.04
268,-1,-2,-1.04
269,-1,-2,-1.04
270,-1,-2,-1.04
271,-1,-2,-1.05
272,-1,-2,-1.05
273,-1,-2,-1.03
274,-1,-2,-1.05
275,-1,-2,-1.04
276,-1,-2,-1.04
277,-1,-2,-1.05
278,-1,-2,-1.05
279,-1,-2,-1.05
280,-1,-2,-1.05
281,-1,-2,-1.03
282,-1,-2,-1.04
283,-1,-2,-1.05
284,-1,-2,-1.04
285,-1,-2,-1.03
286,-1,-2,-1.04
287,-1,-2,-1.05
288,-1,-2,-1.05
289,-1,-2,-1.05
290,-1,-2,-1.04
291,-1,-2,-1.05
292,-1,-2,-1.05
293,-1,-2,-1.05
294,-1,-2,-1.04
295,-1,-2,-1.04
296,-1,-2,-1.05
297,-1,-2,-1.04
298,-1,-2,-1.05
299,-1,-2,-1.05
300,-1,-2,-1.05
301,-1,-2,-1.04
302,-1,-2,-1.04
303,-1,-2,-1.04
304,-1,-2,-1.04
305,-1,-2,-1.05
306,-1,-2,-1.04
307,-1,-2,-1.05
308,-1,-2,-1.05
309,-1,-2,-1.04
310,-1,-2,-1.04
311,-1,-2,-1.05
312,-1,-2,-1.04
313,-1,-2,-1.04
314,-1,-2,-1.05
315,-1,-2,-1.04
316,-1,-2,-1.05
317,-1,-2,-1.05
318,-1,-2,-1.03
319,-1,-2,-1.04
320,-1,-2,-1.05
321,-1,-2,-1.05
322,-1,-2,-1.05
323,-1,-2,-1.04
324,-1,-2,-1.05
325,-1,-2,-1.05
326,-1,-2,-1.04
327,-1,-2,-1.03
328,-1,-2,-1.04
329,-1,-2,-1.05
330,-1,-2,-1.04
331,-1,-2,-1.05
332,-1,-2,-1.05
333,-1,-2,-1.04
334,-1,-2,-1.05
335,-1,-2,-1.05
336,-1,-2,-1.05
337,-1,-2,-1.05
338,-1,-2,-1.05
339,-1,-2,-1.05
340,-1,-2,-1.05
341,-1,-2,-1.04
342,-1,-2,-1.05
343,-1,-2,-1.04
344,-1,-2,-1.04
345,-1,-2,-1.04
346,-1,-2,-1.03
347,-1,-2,-1.04
348,-1,-2,-1.04
349,-1,-2,-1.05
350,-1,-2,-1.05
351,-1,-2,-1.04
352,-1,-2,-1.05
353,-1,-2,-1.05
354,-1,-2,-1.04
355,-1,-2,-1.05
356,-1,-2,-1.04
357,-1,-2,-1.05
358,-1,-2,-1.05
359,-1,-2,-1.05
360,-1,-2,-1.05
361,-1,-2,-1.03
362,-1,-2,-1.05
363,-1,-2,-1.05
364,-1,-2,-1.04
365,-1,-2,-1.04
366,-1,-2,-1.05
367,-1,-2,-1.05
368,-1,-2,-1.05
369,-1,-2,-1.04
370,-1,-2,-1.05
371,-1,-2,-1.05
372,-1,-2,-1.04
373,-1,-2,-1.05
374,-1,-2,-1.05
375,-1,-2,-1.05
376,-1,-2,-1.04
377,-1,-2,-1.04
378,-1,-2,-1.05
379,-1,-2,-1.05
380,-1,-2,-1.04
381,-1,-2,-1.04
382,-1,-2,-1.05
383,-1,-2,-1.04
384,-1,-2,-1.03
385,-1,-2,-1.05
386,-1,-2,-1.05
387,-1,-2,-1.03
388,-1,-2,-1.05
389,-1,-2,-1.05
390,-1,-2,-1.03
391,-1,-2,-1.04
392,-1,-2,-1.05
393,-1,-2,-1.04
394,-1,-2,-1.05
395,-1,-2,-1.05
396,-1,-2,-1.05
397,-1,-2,-1.04
398,-1,-2,-1.04
399,0,-2,-1.03
1,-8,-10,-8.93
2,-8,-10,-8.49
3,-8,-9,-8.36
4,-8,-9,-8.01
5,-8,-9,-8.01
6,-8,-9,-8.03
7,-8,-9,-8.01
8,-7,-9,-8.01
9,-7,-8,-7.99
10,-7,-9,-7.44
11,-7,-8,-7.22
12,-7,-8,-7.02
13,-7,-8,-7.01
14,-7,-8,-7.01
15,-7,-8,-7.03
16,-7,-7,-7
17,-6,-8,-7.01
18,-6,-8,-7
19,-6,-8,-6.96
20,-6,-7,-6.92
21,-6,-7,-6.03
22,-6,-7,-6.02
23,-6,-6,-6
24,-6,-7,-6.01
25,-6,-7,-6.02
26,-6,-7,-6.03
27,-6,-7,-6.02
28,-6,-7,-6.02
29,-6,-7,-6.03
30,-6,-7,-6.01
31,-6,-7,-6.02
32,-6,-7,-6.02
33,-6,-6,-6
34,-6,-7,-6.02
35,-6,-7,-6.03
36,-6,-7,-6.02
37,-6,-7,-6.03
38,-6,-7,-6.01
39,-6,-7,-6.02
40,-6,-7,-6.01
41,-6,-7,-6.03
42,-6,-7,-6.02
43,-6,-7,-6.01
44,-6,-7,-6.03
45,-6,-7,-6.03
46,-6,-7,-6.02
47,-6,-7,-6.01
48,-6,-7,-6.01
49,-6,-7,-6.01
50,-6,-7,-6.01
51,-6,-7,-6.03
52,-6,-7,-6.02
53,-6,-7,-6.03
54,-6,-7,-6.01
55,-6,-7,-6.02
56,-6,-7,-6.01
57,-6,-7,-6.02
58,-6,-7,-6.03
59,-6,-7,-6.02
60,-6,-7,-6.03
61,-5,-7,-6.01
62,-5,-7,-6
63,-5,-7,-6.01
64,-5,-7,-6.03
65,-5,-7,-5.98
66,-5,-6,-5.97
67,-5,-6,-5.03
68,-5,-6,-5.04
69,-5,-6,-5.02
70,-5,-6,-5.03
71,-5,-6,-5.02
72,-5,-6,-5.01
73,-5,-6,-5.03
74,-5,-6,-5.02
75,-5,-6,-5.03
76,-5,-6,-5.02
77,-5,-6,-5.03
78,-5,-6,-5.01
79,-5,-6,-5.04
80,-5,-6,-5.03
81,-5,-6,-5.03
82,-5,-6,-5.03
83,-5,-6,-5.02
84,-5,-6,-5.01
85,-5,-6,-5.03
86,-5,-5,-5
87,-5,-6,-5.03
88,-5,-6,-5.02
89,-5,-6,-5.03
90,-4,-6,-5
91,-4,-6,-5.01
92,-4,-6,-5.02
93,-4,-6,-5.01
94,-4,-6,-4.96
95,-4,-6,-4.85
96,-4,-6,-4.69
97,-4,-5,-4.47
98,-4,-5,-4.01
99,-4,-5,-4.02
100,-4,-5,-4.03
101,-4,-5,-4.04
102,-4,-5,-4.01
103,-4,-5,-4.04
104,-4,-5,-4.05
105,-4,-5,-4.02
106,-4,-5,-4.02
107,-4,-5,-4.04
108,-4,-5,-4.03
109,-4,-5,-4.03
110,-4,-5,-4.02
111,-4,-5,-4.03
112,-4,-5,-4.02
113,-4,-5,-4.04
114,-4,-5,-4.05
115,-4,-5,-4.02
116,-4,-5,-4.03
117,-4,-5,-4.02
118,-4,-5,-4.02
119,-4,-5,-4.02
120,-4,-5,-4.04
121,-4,-5,-4.04
122,-4,-5,-4.04
123,-4,-5,-4.05
124,-4,-5,-4.02
125,-4,-5,-4.03
126,-4,-5,-4.03
127,-4,-5,-4.01
128,-4,-5,-4.01
129,-4,-5,-4.03
130,-4,-5,-4.03
131,-4,-5,-4.03
132,-4,-5,-4.02
133,-4,-5,-4.01
134,-4,-5,-4.03
135,-4,-5,-4.03
136,-4,-5,-4.02
137,-4,-5,-4.04
138,-4,-5,-4.03
139,-4,-5,-4.03
140,-4,-5,-4.03
141,-4,-5,-4.05
142,-4,-5,-4.03
143,-4,-5,-4.03
144,-3,-5,-4.01
145,-3,-5,-3.99
146,-3,-4,-3.84
147,-3,-4,-3.03
148,-3,-4,-3.03
149,-3,-4,-3.05
150,-3,-4,-3.04
151,-3,-4,-3.04
152,-3,-4,-3.03
153,-3,-4,-3.04
154,-3,-4,-3.01
155,-3,-4,-3.02
156,-3,-4,-3.01
157,-3,-4,-3.03
158,-3,-4,-3.05
159,-3,-4,-3.04
160,-3,-4,-3.03
161,-3,-4,-3.03
162,-3,-4,-3.04
163,-3,-4,-3.05
164,-3,-4,-3.05
165,-3,-4,-3.04
166,-3,-4,-3.04
167,-3,-4,-3.05
168,-3,-4,-3.05
169,-3,-4,-3.03
170,-3,-4,-3.03
171,-3,-4,-3.05
172,-3,-4,-3.03
173,-3,-4,-3.04
174,-3,-4,-3.03
175,-3,-4,-3.04
176,-3,-4,-3.05
177,-3,-4,-3.04
178,-3,-4,-3.02
179,-3,-4,-3.02
180,-3,-4,-3.05
181,-3,-4,-3.03
182,-3,-4,-3.05
183,-3,-4,-3.03
184,-3,-4,-3.01
185,-3,-4,-3.03
186,-3,-4,-3.03
187,-3,-4,-3.03
188,-3,-4,-3.03
189,-3,-4,-3.04
190,-3,-4,-3.04
191,-3,-4,-3.03
192,-2,-4,-3.01
193,-2,-4,-3.01
194,-2,-4,-2.98
195,-2,-4,-2.93
196,-2,-4,-2.88
197,-2,-4,-2.76
198,-2,-4,-2.61
199,-2,-4,-2.34
200,-2,-3,-2.23
201,-2,-3,-2.03
202,-2,-3,-2.04
203,-2,-3,-2.02
204,-2,-3,-2.01
205,-2,-3,-2.02
206,-2,-3,-2.04
207,-2,-3,-2.05
208,-2,-3,-2.04
209,-2,-3,-2.03
210,-2,-3,-2.05
211,-2,-3,-2.05
212,-2,-3,-2.05
213,-1,-3,-2.03
214,-1,-3,-2.03
215,-1,-3,-1.96
216,-1,-3,-1.87
217,-1,-3,-1.82
218,-1,-3,-1.64
219,-1,-3,-1.5
220,-1,-3,-1.3
221,-1,-2,-1.16
222,-1,-2,-1.03
223,-1,-2,-1.03
224,-1,-2,-1.05
225,-1,-2,-1.05
226,-1,-2,-1.05
227,-1,-2,-1.05
228,-1,-2,-1.05
229,-1,-2,-1.05
230,-1,-2,-1.04
231,-1,-2,-1.05
232,-1,-2,-1.05
233,-1,-2,-1.04
234,-1,-2,-1.05
235,-1,-2,-1.05
236,-1,-2,-1.04
237,-1,-2,-1.04
238,-1,-2,-1.04
239,-1,-2,-1.05
240,-1,-2,-1.04
241,-1,-2,-1.05
242,-1,-2,-1.05
243,-1,-2,-1.04
244,-1,-2,-1.04
245,-1,-2,-1.05
246,-1,-2,-1.04
247,-1,-2,-1.03
248,-1,-2,-1.05
249,-1,-2,-1.04
250,-1,-2,-1.04
251,-1,-2,-1.04
252,-1,-2,-1.05
253,-1,-2,-1.05
254,-1,-2,-1.05
255,-1,-2,-1.05
256,-1,-2,-1.05
257,-1,-2,-1.04
258,-1,-2,-1.05
259,-1,-2,-1.05
260,-1,-2,-1.05
261,-1,-2,-1.05
262,-1,-2,-1.04
263,-1,-2,-1.05
264,-1,-2,-1.05
265,-1,-2,-1.05
266,-1,-2,-1.05
267,-1,-2,-1.04
268,-1,-2,-1.05
269,-1,-2,-1.03
270,-1,-2,-1.05
271,-1,-2,-1.04
272,-1,-2,-1.04
273,-1,-2,-1.05
274,-1,-2,-1.04
275,-1,-2,-1.05
276,-1,-2,-1.05
277,-1,-2,-1.05
278,-1,-2,-1.05
279,-1,-2,-1.04
280,-1,-2,-1.04
281,-1,-2,-1.04
282,-1,-2,-1.04
283,-1,-2,-1.04
284,-1,-2,-1.03
285,-1,-2,-1.04
286,-1,-2,-1.03
287,-1,-2,-1.04
288,-1,-2,-1.04
289,-1,-2,-1.04
290,-1,-2,-1.02
291,-1,-2,-1.05
292,-1,-2,-1.05
293,-1,-2,-1.04
294,-1,-2,-1.04
295,-1,-2,-1.05
296,-1,-2,-1.05
297,-1,-2,-1.04
298,-1,-2,-1.03
299,-1,-2,-1.05
300,-1,-2,-1.03
301,-1,-2,-1.04
302,-1,-2,-1.04
303,-1,-2,-1.04
304,-1,-2,-1.05
305,-1,-2,-1.05
306,-1,-2,-1.04
307,-1,-2,-1.03
308,-1,-2,-1.05
309,-1,-2,-1.05
310,-1,-2,-1.05
311,-1,-2,-1.04
312,-1,-2,-1.04
313,-1,-2,-1.05
314,-1,-2,-1.05
315,-1,-2,-1.05
316,-1,-2,-1.04
317,-1,-2,-1.05
318,-1,-2,-1.04
319,-1,-2,-1.05
320,-1,-2,-1.03
321,-1,-2,-1.04
322,-1,-2,-1.04
323,-1,-2,-1.05
324,-1,-2,-1.05
325,-1,-2,-1.05
326,-1,-2,-1.04
327,-1,-2,-1.04
328,-1,-2,-1.04
329,-1,-2,-1.04
330,-1,-2,-1.04
331,-1,-2,-1.05
332,-1,-2,-1.04
333,-1,-2,-1.02
334,-1,-2,-1.05
335,-1,-2,-1.05
336,-1,-2,-1.04
337,-1,-2,-1.05
338,-1,-2,-1.05
339,-1,-2,-1.05
340,-1,-2,-1.05
341,-1,-2,-1.05
342,-1,-2,-1.05
343,-1,-2,-1.05
344,-1,-2,-1.05
345,-1,-2,-1.04
346,-1,-2,-1.05
347,-1,-2,-1.04
348,-1,-2,-1.03
349,-1,-2,-1.05
350,-1,-2,-1.05
351,-1,-2,-1.05
352,-1,-2,-1.05
353,-1,-2,-1.03
354,-1,-2,-1.04
355,-1,-2,-1.04
356,-1,-2,-1.05
357,-1,-2,-1.05
358,-1,-2,-1.05
359,-1,-2,-1.04
360,-1,-2,-1.04
361,-1,-2,-1.04
362,-1,-2,-1.03
363,-1,-2,-1.05
364,-1,-2,-1.05
365,-1,-2,-1.04
366,-1,-2,-1.05
367,-1,-2,-1.03
368,-1,-2,-1.05
369,-1,-2,-1.03
370,-1,-2,-1.04
371,-1,-2,-1.04
372,-1,-2,-1.05
373,-1,-2,-1.05
374,-1,-2,-1.04
375,-1,-2,-1.04
376,-1,-2,-1.05
377,-1,-2,-1.05
378,-1,-2,-1.04
379,-1,-2,-1.04
380,-1,-2,-1.04
381,-1,-2,-1.04
382,-1,-2,-1.05
383,-1,-2,-1.05
384,-1,-2,-1.04
385,-1,-2,-1.03
386,-1,-2,-1.04
387,-1,-2,-1.04
388,-1,-2,-1.04
389,-1,-2,-1.05
390,-1,-2,-1.05
391,-1,-2,-1.05
392,-1,-2,-1.04
393,-1,-2,-1.03
394,-1,-2,-1.05
395,-1,-2,-1.05
396,-1,-2,-1.04
397,-1,-2,-1.05
398,-1,-2,-1.04
399,-1,-2,-1.05
400,-1,-2,-1.05
401,-1,-2,-1.05
402,-1,-2,-1.05
403,-1,-2,-1.05
404,-1,-2,-1.04
405,-1,-2,-1.05
406,-1,-2,-1.05
407,-1,-2,-1.04
408,-1,-2,-1.05
409,-1,-2,-1.03
410,-1,-2,-1.05
411,-1,-2,-1.05
412,-1,-2,-1.04
413,-1,-2,-1.05
414,-1,-2,-1.05
415,-1,-2,-1.04
416,-1,-2,-1.04
417,-1,-2,-1.04
418,-1,-2,-1.04
419,-1,-2,-1.04
420,-1,-2,-1.04
421,-1,-2,-1.05
422,-1,-2,-1.05
423,-1,-2,-1.05
424,-1,-2,-1.04
425,-1,-2,-1.04
426,-1,-2,-1.05
427,-1,-2,-1.03
428,-1,-2,-1.05
429,-1,-2,-1.05
430,-1,-2,-1.04
431,-1,-2,-1.05
432,-1,-2,-1.05
433,-1,-2,-1.04
434,-1,-2,-1.05
435,-1,-2,-1.03
436,-1,-2,-1.05
437,-1,-2,-1.05
438,-1,-2,-1.05
439,-1,-2,-1.04
440,-1,-2,-1.05
441,-1,-2,-1.05
442,-1,-2,-1.04
443,-1,-2,-1.04
444,-1,-2,-1.04
445,-1,-2,-1.03
446,-1,-2,-1.02
447,-1,-2,-1.05
448,-1,-2,-1.05
449,-1,-2,-1.05
450,-1,-2,-1.05
451,-1,-2,-1.04
452,-1,-2,-1.05
453,-1,-2,-1.03
454,-1,-2,-1.04
455,-1,-2,-1.05
456,-1,-2,-1.05
457,-1,-2,-1.05
458,-1,-2,-1.05
459,-1,-2,-1.05
460,-1,-2,-1.04
461,-1,-2,-1.04
462,-1,-2,-1.05
463,-1,-2,-1.05
464,-1,-2,-1.05
465,-1,-2,-1.05
466,-1,-2,-1.04
467,-1,-2,-1.05
468,-1,-2,-1.03
469,-1,-2,-1.05
470,-1,-2,-1.05
471,-1,-2,-1.05
472,-1,-2,-1.03
473,-1,-2,-1.05
474,-1,-2,-1.04
475,-1,-2,-1.04
476,-1,-2,-1.05
477,-1,-2,-1.05
478,-1,-2,-1.04
479,-1,-2,-1.04
480,-1,-2,-1.03
481,-1,-2,-1.05
482,-1,-2,-1.04
483,-1,-2,-1.04
484,-1,-2,-1.05
485,-1,-2,-1.03
486,-1,-2,-1.05
487,-1,-2,-1.03
488,0,-2,-1.02
1,-7,-10,-8.98
2,-7,-10,-8.14
3,-7,-10,-7.79
4,-7,-9,-7.52
5,-7,-8,-7.23
6,-7,-8,-7.03
7,-7,-8,-7.01
8,-7,-8,-7.01
9,-7,-8,-7.03
10,-7,-8,-7.02
11,-7,-7,-7
12,-7,-8,-7.04
13,-7,-8,-7.02
14,-7,-8,-7.03
15,-7,-8,-7.02
16,-7,-8,-7.02
17,-7,-7,-7
18,-7,-8,-7.02
19,-7,-8,-7.01
20,-7,-7,-7
21,-7,-8,-7.03
22,-7,-8,-7.03
23,-7,-8,-7.02
24,-7,-8,-7.03
25,-7,-8,-7.02
26,-7,-8,-7.01
27,-7,-8,-7.01
28,-7,-7,-7
29,-6,-7,-6.99
30,-6,-7,-6.43
31,-6,-7,-6.01
32,-6,-7,-6.03
33,-6,-7,-6.02
34,-6,-7,-6.02
35,-6,-7,-6.01
36,-6,-7,-6.03
37,-6,-7,-6.03
38,-6,-7,-6.02
39,-6,-7,-6.01
40,-6,-7,-6.02
41,-6,-7,-6.02
42,-6,-7,-6.02
43,-6,-7,-6.01
44,-6,-7,-6.01
45,-6,-6,-6
46,-6,-7,-6.02
47,-6,-7,-6.02
48,-6,-7,-6.01
49,-6,-7,-6.03
50,-6,-7,-6.03
51,-5,-7,-6
52,-5,-7,-5.99
53,-5,-7,-5.97
54,-5,-7,-5.89
55,-5,-7,-5.85
56,-5,-7,-5.76
57,-5,-7,-5.64
58,-5,-7,-5.53
59,-5,-6,-5.32
60,-5,-6,-5.02
61,-5,-6,-5.02
62,-5,-6,-5.03
63,-5,-6,-5.01
64,-5,-6,-5.03
65,-4,-6,-5.01
66,-4,-6,-5.02
67,-4,-6,-5.02
68,-4,-6,-4.93
69,-4,-6,-4.9
70,-4,-5,-4.72
71,-4,-5,-4.02
72,-4,-5,-4.01
73,-4,-5,-4.03
74,-4,-5,-4.02
75,-4,-5,-4.02
76,-4,-5,-4.04
77,-4,-5,-4.01
78,-4,-5,-4.04
79,-4,-5,-4.03
80,-4,-5,-4.02
81,-4,-5,-4.03
82,-4,-5,-4.03
83,-4,-5,-4.02
84,-4,-5,-4.03
85,-4,-5,-4.03
86,-4,-5,-4.04
87,-4,-5,-4.03
88,-4,-5,-4.03
89,-4,-5,-4.04
90,-4,-5,-4.04
91,-4,-5,-4.04
92,-4,-5,-4.02
93,-4,-5,-4.05
94,-4,-5,-4.03
95,-4,-5,-4.03
96,-4,-5,-4.04
97,-4,-5,-4.04
98,-4,-5,-4.04
99,-4,-5,-4.02
100,-4,-5,-4.03
101,-4,-5,-4.01
102,-4,-5,-4.02
103,-4,-5,-4.02
104,-4,-5,-4.02
105,-4,-5,-4.03
106,-4,-5,-4.04
107,-4,-5,-4.02
108,-4,-5,-4.01
109,-4,-5,-4.02
110,-3,-5,-4
111,-3,-5,-3.99
112,-3,-5,-3.95
113,-3,-5,-3.85
114,-3,-5,-3.79
115,-3,-5,-3.65
116,-3,-4,-3.48
117,-3,-4,-3.01
118,-3,-4,-3.03
119,-3,-4,-3.03
120,-3,-4,-3.05
121,-3,-4,-3.02
122,-3,-4,-3.03
123,-3,-4,-3.03
124,-3,-4,-3.04
125,-3,-4,-3.02
126,-3,-4,-3.05
127,-3,-4,-3.03
128,-3,-4,-3.04
129,-3,-4,-3.04
130,-3,-4,-3.03
131,-2,-4,-3.02
132,-2,-4,-3.01
133,-2,-4,-3.01
134,-2,-4,-2.93
135,-2,-4,-2.88
136,-2,-4,-2.7
137,-2,-4,-2.61
138,-1,-4,-2.41
139,-1,-4,-2.38
140,-1,-4,-2.21
141,-1,-4,-2.1
142,-1,-3,-2.08
143,-1,-3,-1.87
144,-1,-3,-1.76
145,-1,-3,-1.63
146,-1,-3,-1.4
147,-1,-3,-1.28
148,-1,-2,-1.19
149,-1,-2,-1.04
150,-1,-2,-1.04
151,-1,-2,-1.04
152,-1,-2,-1.05
153,-1,-2,-1.04
154,-1,-2,-1.05
155,-1,-2,-1.03
156,-1,-2,-1.04
157,-1,-2,-1.05
158,-1,-2,-1.05
159,-1,-2,-1.05
160,-1,-2,-1.05
161,-1,-2,-1.04
162,-1,-2,-1.05
163,-1,-2,-1.05
164,-1,-2,-1.03
165,-1,-2,-1.04
166,-1,-2,-1.03
167,-1,-2,-1.05
168,-1,-2,-1.05
169,-1,-2,-1.04
170,-1,-2,-1.05
171,-1,-2,-1.04
172,-1,-2,-1.03
173,-1,-2,-1.05
174,-1,-2,-1.05
175,-1,-2,-1.04
176,-1,-2,-1.04
177,-1,-2,-1.05
178,-1,-2,-1.05
179,-1,-2,-1.03
180,-1,-2,-1.05
181,-1,-2,-1.05
182,-1,-2,-1.04
183,-1,-2,-1.05
184,-1,-2,-1.04
185,-1,-2,-1.05
186,-1,-2,-1.05
187,-1,-2,-1.03
188,-1,-2,-1.04
189,-1,-2,-1.03
190,-1,-2,-1.05
191,-1,-2,-1.05
192,-1,-2,-1.04
193,-1,-2,-1.02
194,-1,-2,-1.05
195,-1,-2,-1.05
196,-1,-2,-1.03
197,-1,-2,-1.05
198,-1,-2,-1.05
199,-1,-2,-1.05
200,-1,-2,-1.05
201,-1,-2,-1.05
202,-1,-2,-1.04
203,-1,-2,-1.02
204,-1,-2,-1.04
205,-1,-2,-1.04
206,-1,-2,-1.04
207,-1,-2,-1.05
208,-1,-2,-1.05
209,-1,-2,-1.05
210,-1,-2,-1.04
211,-1,-2,-1.05
212,-1,-2,-1.04
213,-1,-2,-1.04
214,-1,-2,-1.05
215,-1,-2,-1.05
216,-1,-2,-1.05
217,-1,-2,-1.04
218,-1,-2,-1.03
219,-1,-2,-1.05
220,-1,-2,-1.05
221,-1,-2,-1.05
222,-1,-2,-1.05
223,-1,-2,-1.04
224,-1,-2,-1.04
225,-1,-2,-1.05
226,-1,-2,-1.05
227,-1,-2,-1.04
228,-1,-2,-1.05
229,-1,-2,-1.04
230,-1,-2,-1.03
231,-1,-2,-1.05
232,-1,-2,-1.04
233,-1,-2,-1.05
234,-1,-2,-1.04
235,-1,-2,-1.03
236,-1,-2,-1.04
237,-1,-2,-1.05
238,-1,-2,-1.05
239,-1,-2,-1.04
240,-1,-2,-1.04
241,-1,-2,-1.04
242,-1,-2,-1.05
243,-1,-2,-1.04
244,-1,-2,-1.05
245,-1,-2,-1.05
246,-1,-2,-1.05
247,-1,-2,-1.04
248,-1,-2,-1.05
249,-1,-2,-1.05
250,-1,-2,-1.05
251,-1,-2,-1.04
252,-1,-2,-1.05
253,-1,-2,-1.05
254,-1,-2,-1.05
255,-1,-2,-1.04
256,0,-2,-1.03
1,-7,-10,-8.71
2,-7,-10,-8.53
3,-6,-10,-8.28
4,-6,-10,-8.03
5,-6,-10,-7.61
6,-6,-9,-7.44
7,-6,-8,-6.94
8,-6,-8,-6.64
9,-6,-8,-6.38
10,-5,-7,-6.22
11,-5,-7,-6.01
12,-5,-7,-5.95
13,-5,-7,-5.9
14,-5,-7,-5.87
15,-5,-7,-5.76
16,-5,-7,-5.69
17,-5,-6,-5.54
18,-5,-6,-5.03
19,-5,-6,-5.02
20,-5,-6,-5.04
21,-5,-6,-5.04
22,-5,-6,-5.02
23,-5,-6,-5.04
24,-5,-6,-5.01
25,-5,-6,-5.03
26,-5,-6,-5.02
27,-5,-5,-5
28,-5,-6,-5.01
29,-5,-6,-5.04
30,-5,-5,-5
31,-5,-5,-5
32,-5,-6,-5.03
33,-5,-6,-5.02
34,-5,-6,-5.03
35,-5,-6,-5.05
36,-5,-6,-5.03
37,-5,-5,-5
38,-5,-6,-5.03
39,-4,-6,-5.03
40,-4,-6,-4.95
41,-4,-5,-4.89
42,-4,-5,-4.02
43,-4,-5,-4.03
44,-4,-5,-4.03
45,-4,-5,-4.05
46,-4,-5,-4.03
47,-4,-5,-4.02
48,-4,-5,-4.05
49,-4,-5,-4.02
50,-4,-5,-4.04
51,-4,-5,-4.02
52,-3,-5,-4.03
53,-3,-5,-4.01
54,-3,-5,-3.96
55,-3,-5,-3.93
56,-3,-5,-3.82
57,-3,-5,-3.63
58,-3,-4,-3.43
59,-3,-4,-3.05
60,-3,-4,-3.05
61,-3,-4,-3.04
62,-3,-4,-3.04
63,-3,-4,-3.03
64,-3,-4,-3.03
65,-3,-4,-3.04
66,-3,-4,-3.04
67,-3,-4,-3.01
68,-3,-4,-3.04
69,-3,-4,-3.04
70,-3,-4,-3.04
71,-2,-4,-3.02
72,-2,-4,-3.02
73,-2,-4,-3.01
74,-2,-4,-2.97
75,-2,-4,-2.89
76,-2,-4,-2.79
77,-2,-4,-2.61
78,-2,-3,-2.48
79,-2,-3,-2.03
80,-2,-3,-2.04
81,-2,-3,-2.05
82,-2,-3,-2.04
83,-2,-3,-2.02
84,-2,-3,-2.02
85,-2,-3,-2.05
86,-2,-3,-2.04
87,-2,-3,-2.03
88,-2,-3,-2.05
89,-2,-3,-2.04
90,-2,-3,-2.05
91,-2,-3,-2.04
92,-2,-3,-2.04
93,-2,-3,-2.04
94,-2,-3,-2.04
95,-2,-3,-2.03
96,-2,-3,-2.03
97,-2,-3,-2.04
98,-2,-3,-2.02
99,-2,-3,-2.03
100,-2,-3,-2.04
101,-2,-3,-2.04
102,-2,-3,-2.02
103,-2,-3,-2.03
104,-2,-3,-2.04
105,-2,-3,-2.02
106,-1,-3,-2.03
107,-1,-3,-2.02
108,-1,-3,-1.98
109,-1,-3,-1.91
110,-1,-3,-1.83
111,-1,-3,-1.79
112,-1,-3,-1.62
113,-1,-3,-1.54
114,-1,-2,-1.35
115,-1,-2,-1.05
116,-1,-2,-1.03
117,-1,-2,-1.05
118,-1,-2,-1.04
119,-1,-2,-1.04
120,-1,-2,-1.04
121,-1,-2,-1.05
122,-1,-2,-1.05
123,-1,-2,-1.04
124,-1,-2,-1.05
125,-1,-2,-1.04
126,-1,-2,-1.05
127,-1,-2,-1.05
128,-1,-2,-1.04
129,-1,-2,-1.05
130,-1,-2,-1.05
131,-1,-2,-1.04
132,-1,-2,-1.04
133,-1,-2,-1.05
134,-1,-2,-1.05
135,-1,-2,-1.05
136,-1,-2,-1.05
137,-1,-2,-1.05
138,-1,-2,-1.05
139,-1,-2,-1.04
140,-1,-2,-1.03
141,-1,-2,-1.05
142,-1,-2,-1.05
143,-1,-2,-1.05
144,-1,-2,-1.04
145,-1,-2,-1.05
146,-1,-2,-1.05
147,-1,-2,-1.05
148,-1,-2,-1.05
149,-1,-2,-1.04
150,-1,-2,-1.04
151,-1,-2,-1.03
152,-1,-2,-1.02
153,-1,-2,-1.05
154,-1,-2,-1.05
155,-1,-2,-1.02
156,-1,-2,-1.05
157,-1,-2,-1.04
158,-1,-2,-1.04
159,-1,-2,-1.05
160,-1,-2,-1.04
161,-1,-2,-1.05
162,-1,-2,-1.04
163,-1,-2,-1.05
164,-1,-2,-1.05
165,-1,-2,-1.04
166,-1,-2,-1.05
167,-1,-2,-1.04
168,-1,-2,-1.03
169,0,-2,-1.03
1,-7,-10,-9.09
2,-7,-10,-8.59
3,-7,-10,-8.43
4,-7,-10,-8.25
5,-7,-10,-8.1
6,-7,-9,-7.92
7,-7,-9,-7.77
8,-7,-9,-7.57
9,-7,-9,-7.4
10,-7,-8,-7.23
11,-7,-7,-7
12,-7,-7,-7
13,-6,-8,-7
14,-6,-8,-7
15,-6,-8,-6.91
16,-6,-8,-6.84
17,-6,-8,-6.72
18,-6,-7,-6.52
19,-6,-7,-6.02
20,-6,-7,-6.03
21,-6,-7,-6.01
22,-6,-7,-6.02
23,-6,-7,-6.02
24,-6,-7,-6.03
25,-6,-7,-6.03
26,-6,-7,-6.01
27,-6,-7,-6.04
28,-6,-7,-6.02
29,-6,-7,-6.02
30,-6,-7,-6.02
31,-6,-7,-6.02
32,-6,-7,-6.02
33,-6,-7,-6.03
34,-6,-7,-6.04
35,-6,-7,-6.03
36,-6,-7,-6.03
37,-6,-7,-6.02
38,-6,-7,-6.02
39,-6,-7,-6.04
40,-6,-7,-6.04
41,-6,-7,-6.02
42,-6,-7,-6.03
43,-6,-7,-6.01
44,-6,-7,-6.03
45,-6,-7,-6.02
46,-6,-7,-6.02
47,-6,-7,-6.01
48,-6,-6,-6
49,-6,-7,-6.01
50,-5,-7,-6.01
51,-5,-6,-5.99
52,-5,-7,-5.68
53,-5,-6,-5.53
54,-5,-6,-5.02
55,-5,-6,-5.01
56,-5,-6,-5.02
57,-5,-6,-5.01
58,-5,-6,-5.04
59,-5,-6,-5.04
60,-5,-6,-5.02
61,-5,-6,-5.02
62,-5,-6,-5.02
63,-5,-6,-5.03
64,-5,-6,-5.02
65,-5,-5,-5
66,-5,-6,-5.03
67,-5,-6,-5.01
68,-5,-6,-5.03
69,-5,-6,-5.02
70,-5,-6,-5.02
71,-5,-6,-5.03
72,-5,-6,-5.02
73,-5,-6,-5.04
74,-5,-6,-5.01
75,-5,-6,-5.02
76,-5,-6,-5.02
77,-5,-6,-5.04
78,-5,-6,-5.04
79,-5,-6,-5.03
80,-5,-6,-5.02
81,-5,-6,-5.03
82,-5,-6,-5.04
83,-5,-6,-5.03
84,-5,-6,-5.03
85,-5,-6,-5.04
86,-5,-6,-5.02
87,-5,-6,-5.03
88,-5,-6,-5.05
89,-5,-6,-5.02
90,-5,-6,-5.03
91,-4,-6,-5
92,-4,-6,-5.01
93,-4,-6,-4.97
94,-4,-6,-4.98
95,-4,-6,-4.95
96,-4,-5,-4.9
97,-4,-5,-4.02
98,-4,-5,-4.02
99,-4,-5,-4.04
100,-4,-5,-4.03
101,-4,-5,-4.02
102,-4,-5,-4.03
103,-4,-5,-4.03
104,-4,-5,-4.01
105,-4,-5,-4.02
106,-4,-5,-4.01
107,-3,-5,-4.01
108,-3,-5,-4.03
109,-3,-5,-3.98
110,-3,-4,-3.86
111,-3,-4,-3.03
112,-3,-4,-3.05
113,-3,-4,-3.03
114,-3,-4,-3.04
115,-3,-4,-3.05
116,-3,-4,-3.02
117,-3,-4,-3.05
118,-3,-4,-3.05
119,-3,-4,-3.05
120,-3,-4,-3.03
121,-3,-4,-3.03
122,-3,-4,-3.04
123,-3,-4,-3.04
124,-3,-4,-3.04
125,-3,-4,-3.04
126,-3,-4,-3.04
127,-3,-4,-3.03
128,-3,-4,-3.03
129,-3,-4,-3.04
130,-3,-4,-3.04
131,-3,-4,-3.04
132,-3,-4,-3.05
133,-3,-4,-3.04
134,-3,-4,-3.05
135,-3,-4,-3.03
136,-3,-4,-3.04
137,-2,-4,-3.02
138,-2,-4,-3.02
139,-2,-4,-3.02
140,-2,-4,-3.03
141,-2,-4,-3.01
142,-2,-4,-3.02
143,-2,-4,-3
144,-2,-4,-2.99
145,-2,-4,-2.92
146,-2,-4,-2.8
147,-2,-4,-2.66
148,-2,-4,-2.49
149,-2,-4,-2.34
150,-2,-4,-2.29
151,-2,-4,-2.23
152,-2,-3,-2.15
153,-2,-3,-2.04
154,-2,-3,-2.04
155,-2,-3,-2.05
156,-2,-3,-2.04
157,-2,-3,-2.03
158,-2,-3,-2.03
159,-2,-3,-2.04
160,-2,-3,-2.05
161,-2,-3,-2.03
162,-1,-3,-2.03
163,-1,-3,-2.03
164,-1,-3,-2.01
165,-1,-3,-2
166,-1,-3,-1.97
167,-1,-3,-1.93
168,-1,-3,-1.79
169,-1,-3,-1.59
170,-1,-3,-1.45
171,-1,-3,-1.28
172,-1,-2,-1.2
173,-1,-2,-1.05
174,-1,-2,-1.04
175,-1,-2,-1.02
176,-1,-2,-1.04
177,-1,-2,-1.05
178,-1,-2,-1.04
179,-1,-2,-1.04
180,-1,-2,-1.03
181,-1,-2,-1.05
182,-1,-2,-1.03
183,-1,-2,-1.05
184,-1,-2,-1.05
185,-1,-2,-1.04
186,-1,-2,-1.04
187,-1,-2,-1.05
188,-1,-2,-1.05
189,-1,-2,-1.05
190,-1,-2,-1.05
191,-1,-2,-1.04
192,-1,-2,-1.04
193,-1,-2,-1.04
194,-1,-2,-1.05
195,-1,-2,-1.04
196,-1,-2,-1.04
197,-1,-2,-1.03
198,-1,-2,-1.05
199,-1,-2,-1.05
200,-1,-2,-1.05
201,-1,-2,-1.04
202,-1,-2,-1.05
203,-1,-2,-1.04
204,-1,-2,-1.05
205,-1,-2,-1.03
206,-1,-2,-1.05
207,-1,-2,-1.05
208,-1,-2,-1.05
209,-1,-2,-1.05
210,-1,-2,-1.05
211,-1,-2,-1.04
212,-1,-2,-1.04
213,-1,-2,-1.04
214,-1,-2,-1.04
215,-1,-2,-1.05
216,-1,-2,-1.05
217,-1,-2,-1.05
218,-1,-2,-1.04
219,-1,-2,-1.05
220,-1,-2,-1.05
221,-1,-2,-1.05
222,-1,-2,-1.04
223,-1,-2,-1.04
224,-1,-2,-1.04
225,-1,-2,-1.04
226,-1,-2,-1.03
227,-1,-2,-1.04
228,-1,-2,-1.05
229,-1,-2,-1.05
230,-1,-2,-1.03
231,-1,-2,-1.05
232,-1,-2,-1.05
233,-1,-2,-1.02
234,-1,-2,-1.05
235,-1,-2,-1.05
236,-1,-2,-1.04
237,-1,-2,-1.04
238,-1,-2,-1.05
239,-1,-2,-1.05
240,-1,-2,-1.05
241,-1,-2,-1.05
242,-1,-2,-1.04
243,-1,-2,-1.03
244,-1,-2,-1.05
245,-1,-2,-1.04
246,-1,-2,-1.05
247,-1,-2,-1.05
248,-1,-2,-1.05
249,-1,-2,-1.05
250,-1,-2,-1.05
251,-1,-2,-1.04
252,-1,-2,-1.05
253,-1,-2,-1.05
254,-1,-2,-1.04
255,-1,-2,-1.03
256,-1,-2,-1.05
257,-1,-2,-1.05
258,-1,-2,-1.04
259,-1,-2,-1.05
260,-1,-2,-1.04
261,-1,-2,-1.05
262,-1,-2,-1.03
263,-1,-2,-1.05
264,-1,-2,-1.05
265,-1,-2,-1.05
266,-1,-2,-1.03
267,-1,-2,-1.04
268,-1,-2,-1.03
269,-1,-2,-1.05
270,-1,-2,-1.05
271,-1,-2,-1.04
272,-1,-2,-1.04
273,-1,-2,-1.05
274,-1,-2,-1.04
275,-1,-2,-1.04
276,-1,-2,-1.05
277,-1,-2,-1.05
278,-1,-2,-1.05
279,-1,-2,-1.04
280,-1,-2,-1.05
281,-1,-2,-1.05
282,-1,-2,-1.05
283,-1,-2,-1.05
284,-1,-2,-1.04
285,-1,-2,-1.05
286,-1,-2,-1.05
287,-1,-2,-1.05
288,-1,-2,-1.04
289,-1,-2,-1.04
290,-1,-2,-1.05
291,-1,-2,-1.05
292,-1,-2,-1.05
293,-1,-2,-1.05
294,-1,-2,-1.03
295,-1,-2,-1.03
296,-1,-2,-1.05
297,-1,-2,-1.05
298,-1,-2,-1.03
299,-1,-2,-1.04
300,-1,-2,-1.05
301,-1,-2,-1.05
302,-1,-2,-1.04
303,-1,-2,-1.05
304,-1,-2,-1.05
305,-1,-2,-1.05
306,-1,-2,-1.04
307,-1,-2,-1.05
308,-1,-2,-1.05
309,-1,-2,-1.05
310,-1,-2,-1.04
311,-1,-2,-1.03
312,-1,-2,-1.05
313,-1,-2,-1.05
314,-1,-2,-1.05
315,-1,-2,-1.05
316,-1,-2,-1.05
317,-1,-2,-1.05
318,-1,-2,-1.05
319,-1,-2,-1.05
320,-1,-2,-1.04
321,-1,-2,-1.05
322,-1,-2,-1.04
323,-1,-2,-1.05
324,-1,-2,-1.03
325,-1,-2,-1.05
326,-1,-2,-1.04
327,-1,-2,-1.04
328,-1,-2,-1.04
329,-1,-2,-1.03
330,-1,-2,-1.04
331,-1,-2,-1.05
332,-1,-2,-1.04
333,-1,-2,-1.04
334,-1,-2,-1.04
335,-1,-2,-1.03
336,-1,-2,-1.05
337,-1,-2,-1.04
338,-1,-2,-1.04
339,-1,-2,-1.03
340,-1,-2,-1.05
341,-1,-2,-1.05
342,-1,-2,-1.05
343,-1,-2,-1.04
344,-1,-2,-1.03
345,-1,-2,-1.05
346,-1,-2,-1.05
347,-1,-2,-1.03
348,-1,-2,-1.05
349,-1,-2,-1.04
350,-1,-2,-1.03
351,-1,-2,-1.04
352,-1,-2,-1.04
353,-1,-2,-1.05
354,-1,-2,-1.03
355,-1,-2,-1.04
356,-1,-2,-1.05
357,-1,-2,-1.04
358,-1,-2,-1.04
359,-1,-2,-1.03
360,-1,-2,-1.05
361,-1,-2,-1.05
362,-1,-2,-1.04
363,-1,-2,-1.04
364,-1,-2,-1.05
365,-1,-2,-1.04
366,-1,-2,-1.05
367,-1,-2,-1.04
368,-1,-2,-1.05
369,-1,-2,-1.04
370,-1,-2,-1.05
371,-1,-2,-1.05
372,-1,-2,-1.04
373,-1,-2,-1.05
374,-1,-2,-1.04
375,-1,-2,-1.04
376,-1,-2,-1.03
377,-1,-2,-1.05
378,-1,-2,-1.05
379,-1,-2,-1.05
380,-1,-2,-1.05
381,-1,-2,-1.04
382,-1,-2,-1.05
383,-1,-2,-1.05
384,-1,-2,-1.04
385,-1,-2,-1.04
386,-1,-2,-1.04
387,-1,-2,-1.05
388,-1,-2,-1.04
389,-1,-2,-1.05
390,-1,-2,-1.05
391,-1,-2,-1.05
392,-1,-2,-1.05
393,-1,-2,-1.05
394,-1,-2,-1.05
395,-1,-2,-1.03
396,-1,-2,-1.05
397,-1,-2,-1.05
398,-1,-2,-1.05
399,-1,-2,-1.03
400,-1,-2,-1.04
401,-1,-2,-1.04
402,-1,-2,-1.04
403,-1,-2,-1.05
404,-1,-2,-1.05
405,-1,-2,-1.05
406,-1,-2,-1.05
407,-1,-2,-1.05
408,-1,-2,-1.05
409,-1,-2,-1.05
410,-1,-2,-1.04
411,-1,-2,-1.04
412,-1,-2,-1.04
413,-1,-2,-1.05
414,-1,-2,-1.04
415,-1,-2,-1.04
416,-1,-2,-1.03
417,-1,-2,-1.05
418,-1,-2,-1.04
419,-1,-2,-1.05
420,-1,-2,-1.04
421,-1,-2,-1.04
422,-1,-2,-1.05
423,-1,-2,-1.04
424,-1,-2,-1.05
425,-1,-2,-1.04
426,-1,-2,-1.03
427,-1,-2,-1.04
428,-1,-2,-1.05
429,-1,-2,-1.05
430,-1,-2,-1.05
431,-1,-2,-1.05
432,-1,-2,-1.04
433,-1,-2,-1.04
434,-1,-2,-1.04
435,-1,-2,-1.05
436,-1,-2,-1.05
437,-1,-2,-1.05
438,-1,-2,-1.05
439,-1,-2,-1.04
440,-1,-2,-1.05
441,-1,-2,-1.04
442,-1,-2,-1.05
443,-1,-2,-1.04
444,-1,-2,-1.05
445,-1,-2,-1.05
446,-1,-2,-1.05
447,-1,-2,-1.04
448,-1,-2,-1.04
449,-1,-2,-1.04
450,-1,-2,-1.03
451,-1,-2,-1.04
452,-1,-2,-1.05
453,-1,-2,-1.04
454,-1,-2,-1.05
455,-1,-2,-1.05
456,-1,-2,-1.04
457,-1,-2,-1.05
458,-1,-2,-1.05
459,-1,-2,-1.05
460,-1,-2,-1.03
461,-1,-2,-1.04
462,-1,-2,-1.04
463,-1,-2,-1.05
464,-1,-2,-1.05
465,-1,-2,-1.05
466,-1,-2,-1.04
467,-1,-2,-1.05
468,-1,-2,-1.05
469,-1,-2,-1.05
470,-1,-2,-1.05
471,-1,-2,-1.05
472,-1,-2,-1.05
473,-1,-2,-1.05
474,-1,-2,-1.04
475,-1,-2,-1.05
476,-1,-2,-1.03
477,-1,-2,-1.05
478,-1,-2,-1.05
479,-1,-2,-1.04
480,-1,-2,-1.05
481,-1,-2,-1.02
482,-1,-2,-1.05
483,-1,-2,-1.05
484,-1,-2,-1.04
485,-1,-2,-1.04
486,-1,-2,-1.05
487,-1,-2,-1.05
488,-1,-2,-1.03
489,-1,-2,-1.04
490,-1,-2,-1.05
491,-1,-2,-1.04
492,-1,-2,-1.04
493,-1,-2,-1.05
494,-1,-2,-1.05
495,-1,-2,-1.05
496,-1,-2,-1.04
497,-1,-2,-1.04
498,-1,-2,-1.05
499,-1,-2,-1.05
500,-1,-2,-1.03
501,-1,-2,-1.04
502,-1,-2,-1.04
503,-1,-2,-1.05
504,-1,-2,-1.04
505,-1,-2,-1.03
506,-1,-2,-1.05
507,-1,-2,-1.04
508,-1,-2,-1.04
509,-1,-2,-1.03
510,-1,-2,-1.05
511,-1,-2,-1.05
512,-1,-2,-1.04
513,-1,-2,-1.05
514,-1,-2,-1.05
515,-1,-2,-1.04
516,-1,-2,-1.03
517,-1,-2,-1.04
518,-1,-2,-1.04
519,-1,-2,-1.05
520,-1,-2,-1.04
521,-1,-2,-1.04
522,-1,-2,-1.04
523,-1,-2,-1.04
524,-1,-2,-1.05
525,-1,-2,-1.05
526,-1,-2,-1.05
527,-1,-2,-1.03
528,-1,-2,-1.05
529,-1,-2,-1.05
530,-1,-2,-1.05
531,-1,-2,-1.04
532,-1,-2,-1.04
533,-1,-2,-1.05
534,-1,-2,-1.04
535,-1,-2,-1.05
536,-1,-2,-1.04
537,-1,-2,-1.04
538,-1,-2,-1.05
539,-1,-2,-1.03
540,-1,-2,-1.04
541,-1,-2,-1.05
542,-1,-2,-1.04
543,-1,-2,-1.05
544,-1,-2,-1.04
545,-1,-2,-1.03
546,-1,-2,-1.05
547,-1,-2,-1.04
548,-1,-2,-1.03
549,-1,-2,-1.05
550,-1,-2,-1.04
551,-1,-2,-1.05
552,-1,-2,-1.05
553,-1,-2,-1.03
554,-1,-2,-1.05
555,-1,-2,-1.05
556,-1,-2,-1.04
557,-1,-2,-1.05
558,-1,-2,-1.04
559,-1,-2,-1.05
560,-1,-2,-1.04
561,-1,-2,-1.05
562,-1,-2,-1.04
563,-1,-2,-1.03
564,-1,-2,-1.05
565,-1,-2,-1.04
566,-1,-2,-1.05
567,-1,-2,-1.05
568,-1,-2,-1.04
569,-1,-2,-1.04
570,-1,-2,-1.04
571,-1,-2,-1.04
572,-1,-2,-1.05
573,-1,-2,-1.05
574,-1,-2,-1.05
575,-1,-2,-1.05
576,-1,-2,-1.04
577,-1,-2,-1.03
578,-1,-2,-1.04
579,-1,-2,-1.05
580,-1,-2,-1.04
581,-1,-2,-1.05
582,-1,-2,-1.04
583,-1,-2,-1.04
584,-1,-2,-1.05
585,-1,-2,-1.05
586,-1,-2,-1.04
587,-1,-2,-1.04
588,-1,-2,-1.04
589,-1,-2,-1.05
590,-1,-2,-1.05
591,-1,-2,-1.05
592,-1,-2,-1.05
593,-1,-2,-1.04
594,-1,-2,-1.05
595,-1,-2,-1.05
596,-1,-2,-1.05
597,-1,-2,-1.04
598,-1,-2,-1.05
599,-1,-2,-1.05
600,-1,-2,-1.05
601,-1,-2,-1.05
602,-1,-2,-1.03
603,-1,-2,-1.05
604,-1,-2,-1.05
605,-1,-2,-1.05
606,-1,-2,-1.04
607,-1,-2,-1.04
608,-1,-2,-1.05
609,-1,-2,-1.05
610,-1,-2,-1.05
611,-1,-2,-1.05
612,-1,-2,-1.05
613,-1,-2,-1.05
614,-1,-2,-1.05
615,-1,-2,-1.05
616,-1,-2,-1.05
617,-1,-2,-1.02
618,-1,-2,-1.05
619,-1,-2,-1.05
620,-1,-2,-1.05
621,-1,-2,-1.03
622,-1,-2,-1.04
623,-1,-2,-1.04
624,-1,-2,-1.05
625,-1,-2,-1.04
626,-1,-2,-1.05
627,-1,-2,-1.05
628,-1,-2,-1.05
629,-1,-2,-1.04
630,-1,-2,-1.05
631,-1,-2,-1.05
632,-1,-2,-1.04
633,-1,-2,-1.05
634,-1,-2,-1.03
635,-1,-2,-1.05
636,-1,-2,-1.04
637,-1,-2,-1.05
638,-1,-2,-1.04
639,-1,-2,-1.04
640,-1,-2,-1.04
641,-1,-2,-1.04
642,-1,-2,-1.05
643,-1,-2,-1.05
644,-1,-2,-1.05
645,-1,-2,-1.03
646,-1,-2,-1.03
647,-1,-2,-1.05
648,-1,-2,-1.03
649,-1,-2,-1.03
650,-1,-2,-1.04
651,-1,-2,-1.05
652,-1,-2,-1.03
653,-1,-2,-1.04
654,-1,-2,-1.05
655,-1,-2,-1.05
656,-1,-2,-1.05
657,-1,-2,-1.04
658,-1,-2,-1.04
659,-1,-2,-1.05
660,-1,-2,-1.05
661,-1,-2,-1.05
662,-1,-2,-1.05
663,-1,-2,-1.05
664,-1,-2,-1.04
665,-1,-2,-1.02
666,-1,-2,-1.05
667,-1,-2,-1.03
668,-1,-2,-1.05
669,-1,-2,-1.04
670,-1,-2,-1.05
671,-1,-2,-1.03
672,-1,-2,-1.04
673,-1,-2,-1.04
674,-1,-2,-1.04
675,-1,-2,-1.05
676,-1,-2,-1.04
677,-1,-2,-1.05
678,-1,-2,-1.04
679,-1,-2,-1.04
680,-1,-2,-1.04
681,-1,-2,-1.03
682,-1,-2,-1.03
683,-1,-2,-1.04
684,-1,-2,-1.05
685,-1,-2,-1.03
686,-1,-2,-1.04
687,-1,-2,-1.05
688,-1,-2,-1.05
689,-1,-2,-1.05
690,-1,-2,-1.04
691,-1,-2,-1.05
692,-1,-2,-1.04
693,-1,-2,-1.04
694,-1,-2,-1.04
695,-1,-2,-1.05
696,-1,-2,-1.04
697,-1,-2,-1.05
698,-1,-2,-1.05
699,-1,-2,-1.05
700,-1,-2,-1.05
701,-1,-2,-1.04
702,-1,-2,-1.03
703,-1,-2,-1.04
704,-1,-2,-1.04
705,-1,-2,-1.05
706,-1,-2,-1.05
707,-1,-2,-1.05
708,-1,-2,-1.05
709,-1,-2,-1.05
710,-1,-2,-1.05
711,-1,-2,-1.04
712,-1,-2,-1.04
713,-1,-2,-1.04
714,-1,-2,-1.05
715,-1,-2,-1.03
716,-1,-2,-1.05
717,-1,-2,-1.04
718,-1,-2,-1.05
719,-1,-2,-1.05
720,-1,-2,-1.04
721,-1,-2,-1.05
722,-1,-2,-1.05
723,-1,-2,-1.02
724,-1,-2,-1.04
725,-1,-2,-1.05
726,-1,-2,-1.05
727,-1,-2,-1.05
728,-1,-2,-1.05
729,-1,-2,-1.04
730,-1,-2,-1.03
731,-1,-2,-1.04
732,-1,-2,-1.05
733,-1,-2,-1.04
734,-1,-2,-1.04
735,-1,-2,-1.04
736,-1,-2,-1.05
737,-1,-2,-1.04
738,-1,-2,-1.05
739,-1,-2,-1.05
740,-1,-2,-1.04
741,-1,-2,-1.05
742,-1,-2,-1.05
743,-1,-2,-1.04
744,-1,-2,-1.04
745,-1,-2,-1.04
746,-1,-2,-1.05
747,-1,-2,-1.05
748,-1,-2,-1.03
749,-1,-2,-1.05
750,-1,-2,-1.05
751,-1,-2,-1.04
752,-1,-2,-1.03
753,-1,-2,-1.05
754,-1,-2,-1.05
755,-1,-2,-1.05
756,-1,-2,-1.05
757,-1,-2,-1.05
758,-1,-2,-1.05
759,0,-2,-1.02
1,-7,-10,-8.82
2,-7,-10,-8.46
3,-7,-9,-8.36
4,-7,-8,-7.91
5,-7,-8,-7.03
6,-7,-8,-7.02
7,-7,-8,-7.01
8,-7,-8,-7.02
9,-7,-7,-7
10,-7,-8,-7.01
11,-7,-8,-7.02
12,-7,-8,-7.01
13,-7,-8,-7.03
14,-7,-8,-7.02
15,-7,-8,-7.02
16,-7,-8,-7.01
17,-7,-7,-7
18,-7,-8,-7.02
19,-7,-8,-7.02
20,-7,-7,-7
21,-7,-8,-7.02
22,-7,-8,-7.01
23,-7,-8,-7.02
24,-7,-8,-7.02
25,-7,-8,-7.02
26,-7,-8,-7.01
27,-6,-7,-6.99
28,-6,-8,-6.28
29,-6,-7,-6.2
30,-6,-7,-6.02
31,-6,-7,-6.02
32,-6,-7,-6.02
33,-6,-7,-6.05
34,-6,-7,-6.02
35,-6,-7,-6.02
36,-6,-6,-6
37,-6,-7,-6.02
38,-6,-7,-6.04
39,-6,-7,-6.03
40,-6,-7,-6.03
41,-6,-7,-6.01
42,-6,-7,-6.04
43,-6,-7,-6.02
44,-6,-7,-6.02
45,-6,-7,-6.02
46,-6,-7,-6.02
47,-6,-7,-6.02
48,-6,-7,-6.03
49,-6,-7,-6.03
50,-6,-7,-6.01
51,-6,-7,-6.01
52,-6,-7,-6.02
53,-6,-7,-6.04
54,-6,-7,-6.02
55,-6,-7,-6.01
56,-6,-7,-6.01
57,-6,-6,-6
58,-6,-7,-6.02
59,-6,-7,-6.04
60,-6,-7,-6.03
61,-6,-7,-6.04
62,-6,-7,-6.01
63,-6,-7,-6.01
64,-6,-7,-6.02
65,-6,-7,-6.02
66,-6,-7,-6.01
67,-6,-7,-6.02
68,-6,-7,-6.02
69,-6,-7,-6.02
70,-6,-7,-6.02
71,-6,-7,-6.02
72,-6,-7,-6.01
73,-6,-7,-6.04
74,-6,-7,-6.02
75,-6,-7,-6.01
76,-6,-7,-6.03
77,-5,-7,-6
78,-5,-7,-6
79,-5,-7,-5.98
80,-5,-7,-5.94
81,-5,-7,-5.84
82,-5,-7,-5.66
83,-5,-6,-5.46
84,-5,-6,-5.02
85,-5,-6,-5.02
86,-5,-6,-5.04
87,-5,-6,-5.03
88,-5,-6,-5.04
89,-5,-6,-5.03
90,-5,-6,-5.02
91,-4,-5,-4.99
92,-4,-6,-4.46
93,-4,-6,-4.32
94,-4,-6,-4.19
95,-4,-6,-4.1
96,-4,-5,-4.07
97,-4,-5,-4.03
98,-4,-5,-4.02
99,-4,-5,-4.02
100,-4,-5,-4.03
101,-4,-5,-4.02
102,-4,-5,-4.03
103,-4,-5,-4.04
104,-4,-5,-4.02
105,-4,-5,-4.03
106,-4,-5,-4.02
107,-4,-5,-4.04
108,-4,-5,-4.04
109,-4,-5,-4.03
110,-4,-5,-4.04
111,-4,-5,-4.04
112,-4,-5,-4.03
113,-3,-5,-4.02
114,-3,-5,-4.02
115,-3,-5,-3.98
116,-3,-5,-3.89
117,-3,-5,-3.82
118,-3,-5,-3.68
119,-3,-5,-3.59
120,-3,-5,-3.45
121,-3,-5,-3.33
122,-3,-4,-3.17
123,-3,-4,-3.03
124,-3,-4,-3.03
125,-3,-4,-3.05
126,-2,-4,-3
127,-2,-4,-3.02
128,-2,-4,-3.02
129,-2,-4,-2.97
130,-2,-4,-2.9
131,-2,-4,-2.83
132,-2,-4,-2.69
133,-2,-4,-2.5
134,-2,-3,-2.36
135,-2,-3,-2.05
136,-2,-3,-2.04
137,-2,-3,-2.03
138,-2,-3,-2.05
139,-2,-3,-2.04
140,-2,-3,-2.04
141,-2,-3,-2.04
142,-2,-3,-2.05
143,-2,-3,-2.04
144,-2,-3,-2.05
145,-2,-3,-2.03
146,-2,-3,-2.05
147,-2,-3,-2.04
148,-2,-3,-2.03
149,-2,-3,-2.04
150,-2,-3,-2.04
151,-2,-3,-2.05
152,-2,-3,-2.05
153,-2,-3,-2.02
154,-2,-3,-2.04
155,-2,-3,-2.05
156,-2,-3,-2.05
157,-2,-3,-2.05
158,-2,-3,-2.05
159,-2,-3,-2.05
160,-2,-3,-2.05
161,-2,-3,-2.03
162,-2,-3,-2.05
163,-2,-3,-2.04
164,-2,-3,-2.04
165,-2,-3,-2.04
166,-2,-3,-2.05
167,-2,-3,-2.04
168,-2,-3,-2.05
169,-2,-3,-2.04
170,-2,-3,-2.04
171,-2,-3,-2.04
172,-2,-3,-2.05
173,-1,-3,-2.02
174,-1,-3,-2.02
175,-1,-3,-2.02
176,-1,-3,-2.04
177,-1,-3,-2.04
178,-1,-3,-1.99
179,-1,-3,-2.01
180,-1,-3,-1.97
181,-1,-3,-1.94
182,-1,-3,-1.72
183,-1,-3,-1.52
184,-1,-3,-1.38
185,-1,-3,-1.31
186,-1,-3,-1.22
187,-1,-2,-1.15
188,-1,-2,-1.05
189,-1,-2,-1.05
190,-1,-2,-1.05
191,-1,-2,-1.04
192,-1,-2,-1.04
193,-1,-2,-1.04
194,-1,-2,-1.04
195,-1,-2,-1.05
196,-1,-2,-1.04
197,-1,-2,-1.05
198,-1,-2,-1.05
199,-1,-2,-1.05
200,-1,-2,-1.04
201,-1,-2,-1.03
202,-1,-2,-1.05
203,-1,-2,-1.05
204,-1,-2,-1.05
205,-1,-2,-1.05
206,-1,-2,-1.03
207,-1,-2,-1.05
208,-1,-2,-1.05
209,-1,-2,-1.04
210,-1,-2,-1.05
211,-1,-2,-1.03
212,-1,-2,-1.05
213,-1,-2,-1.05
214,-1,-2,-1.05
215,-1,-2,-1.04
216,-1,-2,-1.05
217,-1,-2,-1.04
218,-1,-2,-1.05
219,-1,-2,-1.05
220,-1,-2,-1.04
221,-1,-2,-1.04
222,-1,-2,-1.04
223,-1,-2,-1.04
224,-1,-2,-1.04
225,-1,-2,-1.04
226,-1,-2,-1.05
227,-1,-2,-1.05
228,-1,-2,-1.05
229,-1,-2,-1.05
230,-1,-2,-1.03
231,-1,-2,-1.04
232,-1,-2,-1.04
233,-1,-2,-1.05
234,-1,-2,-1.05
235,-1,-2,-1.03
236,-1,-2,-1.05
237,-1,-2,-1.04
238,-1,-2,-1.05
239,-1,-2,-1.03
240,-1,-2,-1.05
241,-1,-2,-1.05
242,-1,-2,-1.05
243,-1,-2,-1.03
244,-1,-2,-1.04
245,-1,-2,-1.04
246,-1,-2,-1.04
247,-1,-2,-1.04
248,-1,-2,-1.04
249,-1,-2,-1.04
250,-1,-2,-1.04
251,-1,-2,-1.05
252,-1,-2,-1.05
253,-1,-2,-1.05
254,-1,-2,-1.05
255,-1,-2,-1.05
256,-1,-2,-1.05
257,-1,-2,-1.05
258,-1,-2,-1.04
259,-1,-2,-1.04
260,-1,-2,-1.03
261,-1,-2,-1.05
262,-1,-2,-1.05
263,-1,-2,-1.05
264,-1,-2,-1.04
265,-1,-2,-1.04
266,-1,-2,-1.03
267,-1,-2,-1.05
268,-1,-2,-1.05
269,-1,-2,-1.04
270,-1,-2,-1.05
271,-1,-2,-1.04
272,-1,-2,-1.05
273,-1,-2,-1.05
274,-1,-2,-1.05
275,-1,-2,-1.05
276,-1,-2,-1.05
277,-1,-2,-1.03
278,-1,-2,-1.05
279,-1,-2,-1.05
280,-1,-2,-1.04
281,-1,-2,-1.04
282,-1,-2,-1.05
283,-1,-2,-1.04
284,-1,-2,-1.05
285,-1,-2,-1.05
286,-1,-2,-1.04
287,-1,-2,-1.05
288,-1,-2,-1.04
289,-1,-2,-1.05
290,-1,-2,-1.05
291,-1,-2,-1.04
292,-1,-2,-1.05
293,-1,-2,-1.03
294,-1,-2,-1.05
295,-1,-2,-1.05
296,-1,-2,-1.04
297,-1,-2,-1.05
298,-1,-2,-1.04
299,0,-2,-1.02
1,-8,-10,-8.63
2,-8,-10,-8.24
3,-8,-10,-8.16
4,-8,-9,-8.05
5,-8,-9,-8.03
6,-8,-8,-8
7,-8,-9,-8.01
8,-8,-9,-8.01
9,-8,-9,-8.03
10,-8,-9,-8.01
11,-7,-8,-7.99
12,-7,-9,-7.74
13,-7,-8,-7.5
14,-7,-8,-7.01
15,-7,-8,-7.01
16,-7,-7,-7
17,-7,-8,-7.01
18,-7,-8,-7.03
19,-7,-7,-7
20,-7,-8,-7.01
21,-7,-8,-7.01
22,-7,-8,-7.02
23,-7,-8,-7.02
24,-7,-8,-7.01
25,-7,-8,-7.02
26,-6,-8,-7
27,-6,-8,-7
28,-6,-8,-6.97
29,-6,-8,-6.95
30,-6,-8,-6.95
31,-6,-7,-6.83
32,-5,-7,-5.91
33,-5,-7,-5.86
34,-5,-7,-5.72
35,-5,-7,-5.52
36,-5,-6,-5.39
37,-5,-6,-5.03
38,-5,-6,-5.03
39,-5,-6,-5.01
40,-5,-6,-5.05
41,-5,-6,-5.01
42,-4,-6,-5.01
43,-4,-6,-4.97
44,-4,-5,-4.92
45,-4,-5,-4.02
46,-4,-4,-4
47,-4,-5,-4.04
48,-4,-5,-4.03
49,-4,-5,-4.04
50,-4,-5,-4.03
51,-4,-5,-4.02
52,-4,-5,-4.03
53,-4,-5,-4.04
54,-4,-5,-4.03
55,-4,-5,-4.02
56,-4,-5,-4.04
57,-4,-5,-4.01
58,-4,-5,-4.02
59,-4,-5,-4.03
60,-4,-5,-4.03
61,-4,-5,-4.04
62,-4,-5,-4.03
63,-4,-5,-4.03
64,-4,-5,-4.04
65,-4,-5,-4.03
66,-4,-5,-4.01
67,-4,-5,-4.04
68,-4,-5,-4.04
69,-4,-5,-4.03
70,-3,-5,-4
71,-3,-5,-4
72,-3,-5,-4
73,-3,-5,-3.99
74,-3,-5,-3.98
75,-3,-5,-3.94
76,-3,-5,-3.81
77,-3,-5,-3.71
78,-3,-5,-3.61
79,-3,-5,-3.4
80,-3,-4,-3.26
81,-3,-4,-3.02
82,-3,-4,-3.03
83,-3,-4,-3.04
84,-3,-4,-3.05
85,-3,-4,-3.03
86,-3,-4,-3.03
87,-3,-4,-3.03
88,-3,-4,-3.04
89,-3,-4,-3.02
90,-3,-4,-3.04
91,-3,-4,-3.03
92,-3,-4,-3.03
93,-3,-4,-3.04
94,-3,-4,-3.04
95,-3,-4,-3.05
96,-3,-4,-3.04
97,-3,-4,-3.04
98,-3,-4,-3.05
99,-3,-4,-3.03
100,-3,-4,-3.03
101,-3,-4,-3.03
102,-3,-4,-3.02
103,-3,-4,-3.03
104,-3,-4,-3.05
105,-3,-4,-3.02
106,-3,-4,-3.02
107,-3,-4,-3.04
108,-2,-4,-3.01
109,-2,-4,-3
110,-2,-4,-3.02
111,-2,-4,-2.96
112,-2,-4,-2.87
113,-2,-3,-2.61
114,-2,-3,-2.03
115,-2,-3,-2.04
116,-2,-3,-2.05
117,-2,-3,-2.03
118,-2,-3,-2.03
119,-2,-3,-2.03
120,-2,-3,-2.05
121,-2,-3,-2.05
122,-2,-3,-2.04
123,-2,-3,-2.01
124,-2,-3,-2.04
125,-2,-3,-2.02
126,-2,-3,-2.03
127,-2,-3,-2.02
128,-2,-3,-2.04
129,-2,-3,-2.04
130,-2,-3,-2.04
131,-2,-3,-2.05
132,-2,-3,-2.05
133,-2,-3,-2.03
134,-2,-3,-2.05
135,-2,-3,-2.03
136,-2,-3,-2.05
137,-2,-3,-2.04
138,-2,-3,-2.04
139,-2,-3,-2.04
140,-2,-3,-2.04
141,-2,-3,-2.03
142,-2,-3,-2.04
143,-2,-3,-2.04
144,-2,-3,-2.05
145,-2,-3,-2.05
146,-2,-3,-2.05
147,-2,-3,-2.05
148,-2,-3,-2.02
149,-2,-3,-2.04
150,-2,-3,-2.04
151,-2,-3,-2.03
152,-2,-3,-2.03
153,-2,-3,-2.05
154,-2,-3,-2.05
155,-2,-3,-2.05
156,-2,-3,-2.03
157,-2,-3,-2.03
158,-2,-3,-2.04
159,-2,-3,-2.04
160,-2,-3,-2.04
161,-2,-3,-2.05
162,-2,-3,-2.05
163,-2,-3,-2.04
164,-2,-3,-2.02
165,-1,-3,-2.03
166,-1,-3,-2.02
167,-1,-3,-2
168,-1,-3,-1.99
169,-1,-3,-1.99
170,-1,-3,-1.92
171,-1,-3,-1.86
172,-1,-3,-1.65
173,-1,-3,-1.48
174,-1,-2,-1.3
175,-1,-2,-1.04
176,-1,-2,-1.03
177,-1,-2,-1.05
178,-1,-2,-1.04
179,-1,-2,-1.04
180,-1,-2,-1.03
181,-1,-2,-1.05
182,-1,-2,-1.04
183,-1,-2,-1.05
184,-1,-2,-1.04
185,-1,-2,-1.04
186,-1,-2,-1.05
187,-1,-2,-1.03
188,-1,-2,-1.04
189,-1,-2,-1.05
190,-1,-2,-1.03
191,-1,-2,-1.04
192,-1,-2,-1.04
193,-1,-2,-1.04
194,-1,-2,-1.05
195,-1,-2,-1.05
196,-1,-2,-1.04
197,-1,-2,-1.04
198,-1,-2,-1.04
199,-1,-2,-1.05
200,-1,-2,-1.05
201,-1,-2,-1.05
202,-1,-2,-1.05
203,-1,-2,-1.04
204,-1,-2,-1.05
205,-1,-2,-1.04
206,-1,-2,-1.05
207,-1,-2,-1.05
208,-1,-2,-1.04
209,-1,-2,-1.04
210,-1,-2,-1.04
211,-1,-2,-1.04
212,-1,-2,-1.05
213,-1,-2,-1.04
214,-1,-2,-1.04
215,-1,-2,-1.05
216,-1,-2,-1.05
217,-1,-2,-1.05
218,-1,-2,-1.05
219,-1,-2,-1.05
220,-1,-2,-1.05
221,-1,-2,-1.05
222,-1,-2,-1.05
223,-1,-2,-1.05
224,-1,-2,-1.03
225,-1,-2,-1.05
226,-1,-2,-1.03
227,-1,-2,-1.05
228,-1,-2,-1.05
229,-1,-2,-1.05
230,-1,-2,-1.04
231,-1,-2,-1.05
232,-1,-2,-1.05
233,-1,-2,-1.05
234,-1,-2,-1.05
235,-1,-2,-1.03
236,-1,-2,-1.05
237,-1,-2,-1.05
238,-1,-2,-1.03
239,-1,-2,-1.05
240,-1,-2,-1.04
241,-1,-2,-1.05
242,-1,-2,-1.04
243,-1,-2,-1.05
244,-1,-2,-1.02
245,-1,-2,-1.05
246,-1,-2,-1.04
247,-1,-2,-1.05
248,-1,-2,-1.05
249,-1,-2,-1.05
250,-1,-2,-1.03
251,-1,-2,-1.04
252,-1,-2,-1.04
253,-1,-2,-1.05
254,-1,-2,-1.04
255,-1,-2,-1.05
256,-1,-2,-1.04
257,-1,-2,-1.05
258,0,-2,-1.03
1,-6,-10,-7.82
2,-6,-10,-7.2
3,-6,-8,-6.9
4,-6,-8,-6.24
5,-5,-8,-6.11
6,-5,-7,-6.05
7,-5,-7,-6.01
8,-5,-7,-5.96
9,-5,-7,-5.96
10,-5,-7,-5.91
11,-5,-7,-5.78
12,-5,-7,-5.68
13,-4,-7,-5.54
14,-4,-6,-5.46
15,-4,-6,-5.01
16,-4,-6,-4.99
17,-4,-6,-4.98
18,-4,-5,-4.89
19,-4,-5,-4.03
20,-4,-5,-4.04
21,-4,-5,-4.04
22,-4,-5,-4.02
23,-4,-5,-4.03
24,-4,-5,-4.03
25,-4,-5,-4.02
26,-4,-5,-4.05
27,-4,-5,-4.03
28,-4,-5,-4.03
29,-4,-5,-4.02
30,-4,-5,-4.04
31,-4,-5,-4.03
32,-4,-5,-4.03
33,-4,-5,-4.03
34,-4,-5,-4.03
35,-4,-5,-4.03
36,-4,-5,-4.03
37,-4,-5,-4.04
38,-4,-5,-4.02
39,-4,-5,-4.03
40,-4,-5,-4.03
41,-4,-5,-4.02
42,-4,-5,-4.05
43,-4,-5,-4.02
44,-4,-5,-4.03
45,-4,-5,-4.03
46,-4,-5,-4.02
47,-4,-5,-4.04
48,-4,-5,-4.05
49,-4,-5,-4.03
50,-4,-5,-4.05
51,-4,-5,-4.03
52,-4,-5,-4.03
53,-4,-5,-4.05
54,-4,-5,-4.02
55,-4,-5,-4.03
56,-4,-5,-4.04
57,-4,-5,-4.02
58,-4,-5,-4.03
59,-4,-5,-4.03
60,-4,-5,-4.05
61,-4,-5,-4.03
62,-4,-5,-4.03
63,-4,-5,-4.03
64,-4,-5,-4.03
65,-4,-5,-4.03
66,-4,-5,-4.01
67,-4,-5,-4.02
68,-4,-5,-4.04
69,-4,-5,-4.04
70,-4,-5,-4.03
71,-4,-5,-4.02
72,-4,-5,-4.02
73,-4,-5,-4.05
74,-4,-5,-4.05
75,-4,-5,-4.03
76,-4,-5,-4.04
77,-4,-5,-4.03
78,-4,-5,-4.01
79,-4,-5,-4.04
80,-4,-5,-4.03
81,-4,-5,-4.05
82,-4,-5,-4.02
83,-4,-5,-4.04
84,-4,-5,-4.02
85,-4,-5,-4.04
86,-4,-5,-4.03
87,-4,-5,-4.04
88,-3,-5,-4
89,-3,-5,-4
90,-3,-5,-3.99
91,-3,-5,-3.98
92,-3,-5,-3.94
93,-3,-5,-3.91
94,-3,-5,-3.91
95,-3,-5,-3.77
96,-3,-5,-3.67
97,-3,-5,-3.5
98,-3,-4,-3.33
99,-3,-4,-3.03
100,-3,-4,-3.03
101,-3,-4,-3.02
102,-3,-4,-3.04
103,-3,-4,-3.03
104,-3,-4,-3.04
105,-3,-4,-3.05
106,-3,-4,-3.04
107,-3,-4,-3.03
108,-3,-4,-3.05
109,-3,-4,-3.02
110,-3,-4,-3.04
111,-2,-4,-3.02
112,-2,-4,-3
113,-2,-4,-2.98
114,-2,-4,-2.93
115,-2,-4,-2.89
116,-2,-4,-2.82
117,-2,-4,-2.7
118,-2,-4,-2.5
119,-2,-4,-2.33
120,-1,-4,-2.26
121,-1,-3,-2.06
122,-1,-3,-1.99
123,-1,-3,-1.93
124,-1,-3,-1.87
125,-1,-3,-1.77
126,-1,-3,-1.63
127,-1,-3,-1.4
128,-1,-2,-1.2
129,-1,-2,-1.05
130,-1,-2,-1.05
131,-1,-2,-1.05
132,-1,-2,-1.05
133,-1,-2,-1.04
134,-1,-2,-1.03
135,-1,-2,-1.04
136,-1,-2,-1.04
137,-1,-2,-1.05
138,-1,-2,-1.02
139,-1,-2,-1.05
140,0,-2,-1.02
1,-8,-10,-8.84
2,-8,-10,-8.44
3,-8,-9,-8.2
4,-8,-9,-8.02
5,-8,-9,-8.03
6,-8,-9,-8.02
7,-8,-9,-8.04
8,-8,-8,-8
9,-8,-9,-8.01
10,-7,-8,-7.99
11,-7,-8,-7.59
12,-7,-8,-7.02
13,-7,-8,-7.01
14,-7,-7,-7
15,-7,-8,-7.02
16,-7,-8,-7.02
17,-7,-8,-7.01
18,-7,-8,-7.02
19,-7,-8,-7.01
20,-7,-7,-7
21,-7,-7,-7
22,-7,-7,-7
23,-7,-7,-7
24,-7,-8,-7.01
25,-7,-8,-7.01
26,-6,-8,-7
27,-6,-8,-6.98
28,-6,-8,-6.96
29,-6,-8,-6.89
30,-6,-8,-6.83
31,-5,-7,-6.72
32,-5,-7,-5.92
33,-5,-7,-5.66
34,-5,-7,-5.53
35,-5,-6,-5.32
36,-5,-6,-5.01
37,-5,-6,-5.03
38,-5,-6,-5.02
39,-5,-6,-5.01
40,-5,-6,-5.03
41,-5,-6,-5.01
42,-5,-6,-5.01
43,-5,-6,-5.03
44,-5,-6,-5.02
45,-5,-6,-5.04
46,-5,-6,-5.02
47,-5,-6,-5.03
48,-5,-6,-5.02
49,-5,-6,-5.03
50,-5,-6,-5.01
51,-4,-6,-5
52,-4,-6,-5.03
53,-4,-6,-4.98
54,-4,-6,-4.95
55,-4,-5,-4.89
56,-4,-5,-4.03
57,-4,-5,-4.04
58,-4,-5,-4.05
59,-4,-5,-4.02
60,-3,-5,-4.02
61,-3,-5,-4
62,-3,-5,-4.01
63,-3,-5,-3.98
64,-3,-5,-3.81
65,-3,-5,-3.69
66,-3,-5,-3.56
67,-3,-4,-3.39
68,-3,-4,-3.03
69,-3,-4,-3.04
70,-3,-4,-3.03
71,-3,-4,-3.03
72,-3,-4,-3.04
73,-3,-4,-3.04
74,-3,-4,-3.04
75,-3,-4,-3.05
76,-3,-4,-3.04
77,-3,-4,-3.04
78,-3,-4,-3.02
79,-3,-4,-3.02
80,-3,-4,-3.03
81,-3,-4,-3.04
82,-3,-4,-3.04
83,-3,-4,-3.04
84,-3,-4,-3.04
85,-3,-4,-3.04
86,-3,-4,-3.05
87,-3,-4,-3.03
88,-3,-4,-3.04
89,-3,-4,-3.03
90,-3,-4,-3.03
91,-3,-4,-3.03
92,-3,-4,-3.03
93,-3,-4,-3.04
94,-3,-4,-3.05
95,-3,-4,-3.02
96,-3,-4,-3.02
97,-3,-4,-3.04
98,-3,-4,-3.03
99,-3,-4,-3.03
100,-3,-4,-3.03
101,-3,-4,-3.03
102,-3,-4,-3.04
103,-3,-4,-3.05
104,-3,-4,-3.05
105,-3,-4,-3.04
106,-3,-4,-3.03
107,-3,-4,-3.03
108,-3,-4,-3.03
109,-3,-4,-3.03
110,-3,-4,-3.04
111,-3,-4,-3.04
112,-3,-4,-3.03
113,-3,-4,-3.04
114,-3,-4,-3.04
115,-3,-4,-3.03
116,-3,-4,-3.04
117,-3,-4,-3.05
118,-3,-4,-3.03
119,-3,-4,-3.04
120,-3,-4,-3.05
121,-3,-4,-3.04
122,-3,-4,-3.03
123,-3,-4,-3.04
124,-3,-4,-3.02
125,-3,-4,-3.05
126,-3,-4,-3.05
127,-3,-4,-3.04
128,-3,-4,-3.02
129,-3,-4,-3.04
130,-3,-4,-3.04
131,-3,-4,-3.03
132,-3,-4,-3.04
133,-3,-4,-3.04
134,-3,-4,-3.02
135,-3,-4,-3.04
136,-3,-4,-3.03
137,-3,-4,-3.05
138,-3,-4,-3.02
139,-3,-4,-3.03
140,-3,-4,-3.03
141,-3,-4,-3.04
142,-3,-4,-3.04
143,-3,-4,-3.04
144,-3,-4,-3.03
145,-3,-4,-3.05
146,-3,-4,-3.03
147,-3,-4,-3.03
148,-3,-4,-3.04
149,-3,-4,-3.04
150,-3,-4,-3.04
151,-3,-4,-3.03
152,-3,-3,-3
153,-3,-4,-3.05
154,-3,-4,-3.03
155,-3,-4,-3.02
156,-3,-4,-3.03
157,-3,-4,-3.03
158,-3,-4,-3.04
159,-3,-4,-3.05
160,-3,-4,-3.03
161,-3,-4,-3.04
162,-3,-4,-3.03
163,-3,-4,-3.02
164,-3,-4,-3.03
165,-3,-4,-3.03
166,-3,-4,-3.04
167,-3,-4,-3.02
168,-3,-4,-3.03
169,-3,-4,-3.04
170,-3,-4,-3.04
171,-3,-4,-3.03
172,-3,-4,-3.03
173,-3,-4,-3.05
174,-3,-4,-3.01
175,-3,-4,-3.03
176,-3,-4,-3.04
177,-3,-4,-3.03
178,-3,-4,-3.05
179,-3,-4,-3.03
180,-3,-4,-3.04
181,-3,-4,-3.03
182,-3,-4,-3.03
183,-3,-4,-3.03
184,-3,-4,-3.04
185,-3,-4,-3.04
186,-3,-4,-3.04
187,-3,-4,-3.04
188,-3,-4,-3.03
189,-3,-4,-3.05
190,-3,-4,-3.03
191,-3,-4,-3.05
192,-3,-4,-3.04
193,-3,-4,-3.01
194,-3,-4,-3.04
195,-3,-4,-3.02
196,-3,-4,-3.05
197,-3,-4,-3.02
198,-3,-4,-3.04
199,-3,-4,-3.04
200,-3,-4,-3.04
201,-3,-4,-3.05
202,-3,-4,-3.04
203,-3,-4,-3.05
204,-3,-4,-3.05
205,-3,-4,-3.04
206,-3,-4,-3.03
207,-3,-4,-3.04
208,-3,-4,-3.03
209,-3,-4,-3.04
210,-2,-4,-3.01
211,-2,-4,-3.02
212,-2,-4,-3.01
213,-2,-4,-2.96
214,-2,-4,-2.94
215,-2,-4,-2.92
216,-2,-4,-2.81
217,-2,-4,-2.71
218,-2,-4,-2.52
219,-2,-4,-2.35
220,-2,-4,-2.24
221,-2,-3,-2.11
222,-2,-3,-2.04
223,-2,-3,-2.05
224,-2,-3,-2.03
225,-2,-3,-2.03
226,-2,-3,-2.03
227,-2,-3,-2.03
228,-2,-3,-2.05
229,-2,-3,-2.05
230,-2,-3,-2.04
231,-2,-3,-2.01
232,-2,-3,-2.03
233,-2,-3,-2.05
234,-2,-3,-2.04
235,-2,-3,-2.03
236,-2,-3,-2.03
237,-2,-3,-2.04
238,-2,-3,-2.03
239,-2,-3,-2.05
240,-2,-3,-2.02
241,-2,-3,-2.04
242,-2,-3,-2.05
243,-2,-3,-2.04
244,-2,-3,-2.05
245,-2,-3,-2.05
246,-2,-3,-2.04
247,-2,-3,-2.04
248,-2,-3,-2.05
249,-2,-3,-2.04
250,-2,-3,-2.05
251,-2,-3,-2.04
252,-2,-3,-2.05
253,-2,-3,-2.04
254,-2,-3,-2.05
255,-2,-3,-2.04
256,-2,-3,-2.04
257,-2,-3,-2.03
258,-2,-3,-2.03
259,-2,-3,-2.04
260,-2,-3,-2.04
261,-2,-3,-2.03
262,-2,-3,-2.04
263,-2,-3,-2.05
264,-2,-3,-2.05
265,-2,-3,-2.04
266,-2,-3,-2.03
267,-2,-3,-2.05
268,-2,-3,-2.03
269,-2,-3,-2.03
270,-2,-3,-2.03
271,-2,-3,-2.04
272,-2,-3,-2.03
273,-2,-3,-2.04
274,-2,-3,-2.04
275,-2,-3,-2.04
276,-2,-3,-2.04
277,-2,-3,-2.05
278,-2,-3,-2.02
279,-2,-3,-2.04
280,-2,-3,-2.03
281,-2,-3,-2.05
282,-2,-3,-2.04
283,-2,-3,-2.04
284,-2,-3,-2.05
285,-2,-3,-2.03
286,-2,-3,-2.05
287,-2,-3,-2.05
288,-2,-3,-2.05
289,-2,-3,-2.04
290,-2,-3,-2.01
291,-2,-3,-2.04
292,-2,-3,-2.05
293,-2,-3,-2.03
294,-2,-3,-2.04
295,-2,-3,-2.03
296,-2,-3,-2.04
297,-2,-3,-2.03
298,-2,-3,-2.04
299,-2,-3,-2.03
300,-2,-3,-2.04
301,-2,-3,-2.04
302,-2,-3,-2.04
303,-2,-3,-2.05
304,-2,-3,-2.04
305,-2,-3,-2.04
306,-2,-3,-2.04
307,-2,-3,-2.05
308,-2,-3,-2.04
309,-2,-3,-2.01
310,-2,-3,-2.03
311,-2,-3,-2.05
312,-2,-3,-2.05
313,-2,-3,-2.05
314,-2,-3,-2.02
315,-2,-3,-2.04
316,-2,-3,-2.05
317,-2,-3,-2.03
318,-2,-3,-2.04
319,-2,-3,-2.04
320,-2,-3,-2.05
321,-2,-3,-2.05
322,-2,-3,-2.03
323,-2,-3,-2.04
324,-2,-3,-2.02
325,-2,-3,-2.04
326,-2,-3,-2.03
327,-2,-3,-2.02
328,-2,-3,-2.05
329,-2,-3,-2.05
330,-2,-3,-2.03
331,-2,-3,-2.04
332,-2,-3,-2.04
333,-2,-3,-2.05
334,-2,-3,-2.05
335,-2,-3,-2.04
336,-2,-3,-2.04
337,-2,-3,-2.04
338,-2,-3,-2.03
339,-2,-3,-2.04
340,-2,-3,-2.05
341,-2,-3,-2.04
342,-2,-3,-2.04
343,-2,-3,-2.05
344,-2,-3,-2.04
345,-2,-3,-2.04
346,-2,-3,-2.04
347,-2,-3,-2.02
348,-2,-3,-2.05
349,-2,-3,-2.02
350,-2,-3,-2.02
351,-2,-3,-2.04
352,-2,-3,-2.05
353,-2,-3,-2.05
354,-2,-3,-2.04
355,-2,-3,-2.03
356,-2,-3,-2.03
357,-2,-3,-2.04
358,-2,-3,-2.02
359,-2,-3,-2.04
360,-2,-3,-2.04
361,-1,-3,-2.03
362,-1,-3,-2.03
363,-1,-3,-2
364,-1,-3,-1.97
365,-1,-3,-1.93
366,-1,-3,-1.9
367,-1,-3,-1.75
368,-1,-3,-1.67
369,-1,-3,-1.56
370,-1,-3,-1.47
371,-1,-3,-1.36
372,-1,-3,-1.25
373,-1,-3,-1.16
374,-1,-2,-1.13
375,-1,-2,-1.05
376,-1,-2,-1.04
377,-1,-2,-1.04
378,-1,-2,-1.05
379,-1,-2,-1.04
380,-1,-2,-1.04
381,-1,-2,-1.04
382,-1,-2,-1.04
383,-1,-2,-1.04
384,-1,-2,-1.05
385,-1,-2,-1.05
386,-1,-2,-1.04
387,-1,-2,-1.05
388,-1,-2,-1.03
389,-1,-2,-1.03
390,-1,-2,-1.04
391,-1,-2,-1.04
392,-1,-2,-1.05
393,-1,-2,-1.04
394,-1,-2,-1.04
395,-1,-2,-1.05
396,-1,-2,-1.05
397,-1,-2,-1.03
398,-1,-2,-1.05
399,-1,-2,-1.05
400,-1,-2,-1.05
401,-1,-2,-1.05
402,-1,-2,-1.05
403,-1,-2,-1.05
404,-1,-2,-1.02
405,-1,-2,-1.05
406,-1,-2,-1.05
407,-1,-2,-1.04
408,-1,-2,-1.05
409,-1,-2,-1.05
410,-1,-2,-1.04
411,-1,-2,-1.05
412,-1,-2,-1.04
413,-1,-2,-1.05
414,-1,-2,-1.05
415,-1,-2,-1.05
416,-1,-2,-1.04
417,-1,-2,-1.05
418,-1,-2,-1.05
419,-1,-2,-1.05
420,-1,-2,-1.05
421,-1,-2,-1.04
422,-1,-2,-1.05
423,-1,-2,-1.04
424,-1,-2,-1.05
425,-1,-2,-1.05
426,-1,-2,-1.05
427,-1,-2,-1.05
428,-1,-2,-1.04
429,-1,-2,-1.04
430,-1,-2,-1.05
431,-1,-2,-1.04
432,-1,-2,-1.04
433,-1,-2,-1.05
434,-1,-2,-1.03
435,-1,-2,-1.04
436,-1,-2,-1.05
437,-1,-2,-1.05
438,-1,-2,-1.04
439,-1,-2,-1.04
440,-1,-2,-1.05
441,-1,-2,-1.04
442,-1,-2,-1.04
443,-1,-2,-1.05
444,-1,-2,-1.05
445,-1,-2,-1.04
446,-1,-2,-1.05
447,-1,-2,-1.04
448,-1,-2,-1.04
449,-1,-2,-1.05
450,-1,-2,-1.05
451,-1,-2,-1.05
452,-1,-2,-1.04
453,-1,-2,-1.04
454,-1,-2,-1.04
455,-1,-2,-1.05
456,-1,-2,-1.05
457,-1,-2,-1.04
458,-1,-2,-1.04
459,-1,-2,-1.04
460,-1,-2,-1.05
461,-1,-2,-1.05
462,-1,-2,-1.05
463,-1,-2,-1.04
464,-1,-2,-1.04
465,-1,-2,-1.04
466,-1,-2,-1.04
467,-1,-2,-1.04
468,-1,-2,-1.04
469,0,-2,-1.03
1,-8,-10,-8.99
2,-8,-10,-8.75
3,-8,-9,-8.48
4,-8,-9,-8.01
5,-8,-9,-8.01
6,-8,-9,-8.04
7,-8,-9,-8.02
8,-8,-8,-8
9,-8,-9,-8.01
10,-8,-9,-8.01
11,-8,-9,-8.03
12,-8,-8,-8
13,-8,-8,-8
14,-8,-9,-8.01
15,-8,-9,-8.02
16,-8,-8,-8
17,-8,-8,-8
18,-8,-8,-8
19,-8,-9,-8.01
20,-8,-8,-8
21,-8,-9,-8.01
22,-8,-9,-8.02
23,-8,-8,-8
24,-8,-9,-8.01
25,-8,-9,-8.01
26,-8,-8,-8
27,-8,-9,-8.02
28,-8,-9,-8.02
29,-8,-9,-8.01
30,-8,-9,-8.02
31,-8,-9,-8.01
32,-8,-9,-8.01
33,-8,-9,-8.01
34,-8,-9,-8.01
35,-8,-8,-8
36,-8,-8,-8
37,-8,-9,-8.02
38,-8,-9,-8.01
39,-8,-9,-8.02
40,-8,-9,-8.02
41,-8,-9,-8.02
42,-8,-9,-8.01
43,-8,-8,-8
44,-8,-9,-8.01
45,-8,-9,-8.01
46,-8,-9,-8.01
47,-8,-9,-8.01
48,-8,-8,-8
49,-7,-9,-8
50,-7,-8,-7.97
51,-7,-8,-7.01
52,-7,-8,-7.03
53,-7,-8,-7.01
54,-7,-8,-7.01
55,-7,-8,-7.01
56,-7,-8,-7.02
57,-7,-8,-7.01
58,-7,-8,-7.01
59,-7,-8,-7.03
60,-7,-8,-7.04
61,-7,-8,-7.01
62,-7,-8,-7.01
63,-7,-7,-7
64,-7,-8,-7.03
65,-7,-8,-7.01
66,-7,-7,-7
67,-7,-8,-7.01
68,-7,-8,-7.01
69,-7,-7,-7
70,-7,-8,-7.01
71,-7,-8,-7.02
72,-7,-8,-7.03
73,-7,-8,-7.03
74,-7,-8,-7.01
75,-7,-8,-7.01
76,-7,-8,-7.02
77,-7,-7,-7
78,-7,-7,-7
79,-7,-7,-7
80,-7,-8,-7.01
81,-7,-8,-7.02
82,-7,-8,-7.01
83,-7,-8,-7.01
84,-7,-7,-7
85,-7,-8,-7.02
86,-7,-8,-7.01
87,-7,-8,-7.01
88,-7,-7,-7
89,-7,-7,-7
90,-7,-8,-7.01
91,-7,-8,-7.02
92,-7,-8,-7.01
93,-7,-7,-7
94,-7,-8,-7.01
95,-7,-7,-7
96,-7,-8,-7.02
97,-6,-8,-7.01
98,-6,-8,-7.01
99,-6,-8,-6.99
100,-6,-8,-6.98
101,-6,-8,-6.92
102,-6,-8,-6.83
103,-6,-8,-6.67
104,-6,-8,-6.56
105,-6,-7,-6.41
106,-6,-7,-6.02
107,-6,-7,-6.02
108,-6,-7,-6.03
109,-6,-7,-6.02
110,-6,-7,-6.04
111,-6,-7,-6.01
112,-6,-7,-6.02
113,-6,-7,-6.02
114,-6,-7,-6.01
115,-6,-7,-6.01
116,-6,-7,-6.01
117,-6,-7,-6.03
118,-6,-7,-6.02
119,-6,-7,-6.03
120,-6,-7,-6.02
121,-6,-7,-6.03
122,-6,-7,-6.03
123,-6,-7,-6.03
124,-6,-7,-6.01
125,-6,-7,-6.04
126,-6,-7,-6.02
127,-6,-7,-6.01
128,-6,-7,-6.01
129,-6,-7,-6.05
130,-6,-7,-6.02
131,-6,-7,-6.03
132,-6,-7,-6.01
133,-6,-7,-6.03
134,-6,-7,-6.01
135,-6,-7,-6.01
136,-6,-7,-6.02
137,-6,-7,-6.04
138,-6,-7,-6.01
139,-6,-7,-6.02
140,-5,-6,-5.99
141,-5,-7,-5.32
142,-5,-6,-5.18
143,-5,-6,-5.05
144,-5,-6,-5.03
145,-5,-6,-5.02
146,-5,-6,-5.01
147,-5,-6,-5.03
148,-5,-6,-5.03
149,-5,-6,-5.01
150,-4,-6,-5
151,-4,-6,-4.98
152,-4,-6,-4.94
153,-4,-6,-4.86
154,-4,-5,-4.67
155,-4,-5,-4.02
156,-4,-5,-4.04
157,-3,-5,-4.01
158,-3,-5,-4.01
159,-3,-5,-3.97
160,-3,-5,-3.91
161,-3,-5,-3.81
162,-3,-5,-3.6
163,-3,-4,-3.47
164,-3,-4,-3.03
165,-3,-4,-3.04
166,-3,-4,-3.03
167,-3,-4,-3.04
168,-3,-4,-3.04
169,-3,-4,-3.02
170,-3,-4,-3.03
171,-3,-4,-3.03
172,-3,-4,-3.03
173,-3,-4,-3.04
174,-3,-4,-3.05
175,-3,-4,-3.03
176,-3,-4,-3.04
177,-3,-4,-3.05
178,-3,-4,-3.05
179,-3,-4,-3.01
180,-3,-4,-3.04
181,-3,-4,-3.03
182,-3,-4,-3.05
183,-3,-4,-3.04
184,-3,-4,-3.02
185,-3,-4,-3.04
186,-3,-4,-3.03
187,-3,-4,-3.03
188,-3,-4,-3.05
189,-3,-4,-3.04
190,-3,-4,-3.03
191,-3,-4,-3.02
192,-3,-4,-3.04
193,-3,-4,-3.02
194,-3,-4,-3.05
195,-3,-4,-3.03
196,-3,-4,-3.03
197,-3,-4,-3.04
198,-3,-4,-3.04
199,-3,-4,-3.01
200,-3,-4,-3.02
201,-3,-4,-3.02
202,-3,-4,-3.01
203,-3,-4,-3.04
204,-3,-4,-3.05
205,-3,-4,-3.05
206,-3,-4,-3.04
207,-3,-4,-3.03
208,-3,-4,-3.03
209,-3,-4,-3.05
210,-3,-4,-3.01
211,-3,-4,-3.02
212,-3,-4,-3.04
213,-3,-4,-3.03
214,-3,-4,-3.02
215,-3,-4,-3.04
216,-3,-4,-3.05
217,-3,-4,-3.04
218,-3,-4,-3.04
219,-2,-4,-3
220,-2,-4,-3.03
221,-2,-4,-3
222,-2,-4,-2.97
223,-2,-4,-2.81
224,-2,-4,-2.65
225,-2,-4,-2.42
226,-2,-4,-2.3
227,-2,-3,-2.22
228,-2,-3,-2.04
229,-2,-3,-2.05
230,-1,-3,-2.03
231,-1,-3,-2.03
232,-1,-3,-2.04
233,-1,-3,-2
234,-1,-3,-1.89
235,-1,-3,-1.77
236,-1,-3,-1.69
237,-1,-3,-1.5
238,-1,-3,-1.31
239,-1,-2,-1.16
240,-1,-2,-1.04
241,-1,-2,-1.05
242,-1,-2,-1.04
243,-1,-2,-1.05
244,-1,-2,-1.04
245,-1,-2,-1.03
246,-1,-2,-1.04
247,-1,-2,-1.04
248,-1,-2,-1.05
249,-1,-2,-1.05
250,-1,-2,-1.04
251,-1,-2,-1.05
252,-1,-2,-1.05
253,-1,-2,-1.05
254,-1,-2,-1.05
255,-1,-2,-1.04
256,-1,-2,-1.05
257,-1,-2,-1.04
258,-1,-2,-1.05
259,-1,-2,-1.04
260,-1,-2,-1.04
261,-1,-2,-1.04
262,-1,-2,-1.04
263,-1,-2,-1.04
264,-1,-2,-1.05
265,-1,-2,-1.04
266,-1,-2,-1.05
267,-1,-2,-1.04
268,-1,-2,-1.05
269,-1,-2,-1.02
270,-1,-2,-1.05
271,-1,-2,-1.04
272,-1,-2,-1.05
273,-1,-2,-1.05
274,-1,-2,-1.05
275,-1,-2,-1.05
276,-1,-2,-1.04
277,-1,-2,-1.05
278,-1,-2,-1.04
279,-1,-2,-1.04
280,-1,-2,-1.04
281,-1,-2,-1.03
282,-1,-2,-1.04
283,-1,-2,-1.04
284,-1,-2,-1.05
285,-1,-2,-1.04
286,-1,-2,-1.05
287,-1,-2,-1.05
288,-1,-2,-1.03
289,-1,-2,-1.05
290,-1,-2,-1.03
291,-1,-2,-1.04
292,-1,-2,-1.04
293,-1,-2,-1.04
294,-1,-2,-1.04
295,-1,-2,-1.04
296,-1,-2,-1.03
297,-1,-2,-1.04
298,-1,-2,-1.04
299,-1,-2,-1.04
300,-1,-2,-1.04
301,-1,-2,-1.05
302,-1,-2,-1.03
303,-1,-2,-1.05
304,-1,-2,-1.05
305,-1,-2,-1.05
306,-1,-2,-1.04
307,-1,-2,-1.05
308,-1,-2,-1.04
309,-1,-2,-1.05
310,-1,-2,-1.05
311,-1,-2,-1.05
312,-1,-2,-1.04
313,-1,-2,-1.03
314,-1,-2,-1.05
315,-1,-2,-1.03
316,-1,-2,-1.02
317,-1,-2,-1.04
318,-1,-2,-1.04
319,-1,-2,-1.03
320,-1,-2,-1.04
321,-1,-2,-1.04
322,-1,-2,-1.04
323,-1,-2,-1.04
324,-1,-2,-1.03
325,-1,-2,-1.05
326,-1,-2,-1.05
327,-1,-2,-1.05
328,-1,-2,-1.05
329,-1,-2,-1.04
330,-1,-2,-1.05
331,-1,-2,-1.04
332,-1,-2,-1.05
333,-1,-2,-1.05
334,-1,-2,-1.05
335,-1,-2,-1.05
336,-1,-2,-1.05
337,-1,-2,-1.05
338,-1,-2,-1.05
339,-1,-2,-1.05
340,-1,-2,-1.05
341,-1,-2,-1.05
342,-1,-2,-1.05
343,-1,-2,-1.05
344,-1,-2,-1.05
345,-1,-2,-1.04
346,-1,-2,-1.04
347,0,-2,-1.02
