1,-22,-166,-87.04
2,-22,-145,-79.17
3,-11,-133,-63.53
4,-9,-129,-51.6
5,-9,-94,-42.33
6,-9,-88,-37.33
7,-9,-73,-31.81
8,-9,-64,-28.34
9,-9,-54,-25.77
10,-9,-62,-23.54
11,-9,-71,-23.32
12,-9,-72,-19.5
13,-8,-41,-17.02
14,-6,-59,-15.59
15,-6,-40,-14.55
16,-6,-58,-13.98
17,-6,-50,-14.16
18,-6,-45,-13.98
19,-6,-53,-13.47
20,-6,-54,-13.57
21,-6,-49,-13.73
22,-6,-45,-12.47
23,-6,-47,-12.59
24,-6,-38,-12.31
25,-6,-25,-11.24
26,-6,-33,-11.14
27,-6,-35,-10.94
28,-6,-45,-11.24
29,-6,-51,-11.81
30,-6,-40,-12.08
31,-6,-51,-11.32
32,-6,-43,-10.93
33,-5,-25,-9.55
34,-5,-47,-9.79
35,-5,-45,-9.99
36,-5,-27,-9.87
37,-5,-54,-9.91
38,-5,-52,-10.42
39,-5,-41,-10.09
40,-5,-45,-9.47
41,-5,-36,-8.44
42,-5,-38,-9.36
43,-5,-41,-8.8
44,-5,-47,-9.27
45,-5,-42,-9.24
46,-5,-43,-9.25
47,-5,-45,-9.03
48,-5,-47,-8.59
49,-5,-36,-8.58
50,-5,-47,-8.88
51,-5,-37,-8.36
52,-5,-43,-8.88
53,-5,-41,-8.45
54,-5,-54,-8.83
55,-5,-51,-8.47
56,-5,-29,-7.8
57,-5,-43,-7.96
58,-5,-34,-7.95
59,-5,-38,-7.8
60,-5,-35,-7.79
61,-5,-47,-8.71
62,-5,-48,-7.86
63,-5,-47,-8.2
64,-5,-43,-8.34
65,-5,-60,-8.19
66,-5,-51,-8.34
67,-5,-37,-7.47
68,-5,-45,-8.02
69,-5,-47,-8.26
70,-4,-32,-7.14
71,-4,-46,-7.15
72,-4,-47,-7.19
73,-4,-31,-7.06
74,-4,-45,-7.44
75,-4,-49,-8.29
76,-3,-16,-6.54
77,-3,-43,-7.31
78,-3,-44,-7.66
79,-3,-38,-7.04
80,-3,-36,-6.73
81,-3,-46,-7.54
82,-3,-44,-7.31
83,-3,-32,-7.45
84,-3,-42,-7.54
85,-3,-49,-7.43
86,-3,-37,-7.5
87,-3,-51,-7.54
88,-3,-39,-7.33
89,-3,-49,-7.4
90,-3,-49,-7.89
91,-3,-44,-7.54
92,-3,-42,-8.02
93,-3,-37,-7.04
94,-3,-40,-6.82
95,-3,-37,-7.21
96,-3,-43,-7.32
97,-3,-37,-7.31
98,-3,-39,-6.79
99,-3,-45,-7.65
100,-3,-37,-7.61
101,-3,-54,-7.9
102,-2,-49,-7.3
103,-2,-55,-7.65
104,-2,-49,-7.81
105,-2,-42,-7.66
106,-2,-38,-7.89
107,-2,-45,-7.62
108,-2,-36,-7.22
109,-2,-48,-7.1
110,-2,-43,-6.36
111,-2,-38,-6.8
112,-2,-40,-6.68
113,-2,-37,-7.32
114,-2,-48,-7.59
115,-2,-39,-7.02
116,-2,-47,-6.63
117,-2,-46,-6.57
118,-2,-35,-6.31
119,-2,-21,-5.47
120,-2,-51,-5.31
121,-2,-36,-5.58
122,-2,-29,-5.63
123,-2,-41,-5.46
124,-2,-44,-6.19
125,-2,-34,-5.83
126,-2,-43,-5.55
127,-2,-23,-5.33
128,-2,-21,-4.71
129,-2,-34,-4.9
130,-2,-46,-5.55
131,-2,-32,-4.45
132,-2,-44,-5.31
133,-2,-65,-5.54
134,-2,-44,-6.02
135,-2,-47,-6.32
136,-2,-43,-5.7
137,-2,-24,-4.79
138,-2,-38,-5.27
139,-2,-45,-5.19
140,-2,-40,-5.45
141,-2,-41,-5.22
142,-2,-63,-5.9
143,-2,-69,-5.7
144,-2,-56,-6.26
145,-2,-41,-5.4
146,-2,-48,-5.83
147,-2,-46,-5.47
148,-2,-39,-5.19
149,-2,-39,-5.1
150,-2,-48,-5.21
151,-2,-72,-5.09
152,-2,-45,-4.66
153,-2,-45,-5.04
154,-2,-39,-5
155,-2,-42,-5.73
156,-2,-45,-5.42
157,-2,-35,-4.67
158,-2,-41,-5.16
159,-2,-42,-5.22
160,-2,-52,-5.21
161,-2,-36,-5.3
162,-2,-30,-5.07
163,-2,-39,-5.29
164,-2,-31,-4.47
165,-2,-44,-4.27
166,-2,-35,-4.83
167,-2,-39,-4.58
168,-2,-45,-5.26
169,-2,-39,-4.07
170,-2,-38,-4.44
171,-2,-40,-4.63
172,-2,-49,-4.4
173,-2,-51,-5.15
174,-2,-28,-4.02
175,-2,-42,-4.82
176,-2,-40,-4.31
177,-2,-41,-4
178,-2,-39,-4.06
179,-2,-42,-4.55
180,-2,-41,-4.84
181,-2,-45,-3.33
182,-2,-36,-3.58
183,-2,-34,-3.65
184,-2,-42,-4.47
185,-2,-21,-3.38
186,-2,-27,-3.3
187,-2,-34,-3.4
188,-2,-33,-3.8
189,-2,-43,-3.67
190,-2,-34,-3.85
191,-2,-36,-3.59
192,-2,-34,-3.54
193,-2,-46,-3.65
194,-2,-47,-4.4
195,-2,-43,-4.53
196,-2,-46,-4.46
197,-2,-58,-3.9
198,-2,-45,-4.73
199,-2,-58,-4.51
200,-2,-34,-3.98
201,-2,-36,-3.85
202,-2,-35,-4.14
203,-2,-35,-4.14
204,-2,-45,-4.32
205,-2,-42,-3.89
206,-2,-42,-4.21
207,-2,-31,-3.61
208,-2,-37,-4.1
209,-2,-32,-3.85
210,-2,-35,-4.33
211,-2,-21,-3.43
212,-2,-43,-4.73
213,-2,-47,-3.94
214,-2,-42,-4.28
215,-2,-35,-4.58
216,-2,-33,-3.62
217,-2,-28,-3.79
218,-2,-29,-3.82
219,-2,-53,-4.31
220,-2,-31,-3.69
221,-2,-39,-4.03
222,-2,-29,-3.77
223,-2,-26,-3.48
224,-2,-29,-3.81
225,-1,-47,-4.28
226,-1,-43,-3.94
227,-1,-31,-3.78
228,-1,-45,-4.2
229,-1,-43,-3.95
230,-1,-34,-4.03
231,-1,-52,-4.1
232,-1,-33,-4.43
233,-1,-67,-4.6
234,-1,-38,-4.02
235,-1,-25,-3.29
236,-1,-32,-3.35
237,-1,-32,-3.06
238,-1,-45,-3.87
239,-1,-35,-4.53
240,-1,-44,-4.04
241,-1,-43,-3.44
242,-1,-33,-3.33
243,-1,-30,-3.36
244,-1,-38,-3.41
245,-1,-24,-2.8
246,-1,-32,-3.07
247,-1,-39,-3.47
248,-1,-35,-3.75
249,-1,-52,-4.41
250,-1,-39,-3.79
251,-1,-40,-3.71
252,-1,-42,-3.58
253,-1,-29,-4.02
254,-1,-34,-3.37
255,-1,-27,-3.64
256,-1,-40,-4.16
257,-1,-43,-3.91
258,-1,-41,-3.7
259,-1,-33,-3.53
260,-1,-37,-3.44
261,-1,-40,-3.72
262,-1,-42,-3.8
263,-1,-34,-3.98
264,-1,-36,-3.59
265,-1,-40,-3.93
266,-1,-31,-3.52
267,-1,-51,-3.56
268,-1,-42,-4.41
269,-1,-37,-3.15
270,-1,-26,-3.21
271,-1,-49,-3.85
272,-1,-36,-3.56
273,-1,-38,-3.34
274,-1,-16,-2.84
275,-1,-35,-3.01
276,-1,-45,-3.49
277,-1,-36,-3.38
278,-1,-55,-3.42
279,0,-26,-3.07
1,-24,-158,-85.3
2,-24,-128,-74.84
3,-20,-114,-58.63
4,-20,-111,-54.54
5,-20,-95,-49.79
6,-19,-85,-44.67
7,-8,-68,-40.24
8,-8,-57,-32.94
9,-8,-46,-26.95
10,-8,-47,-25.01
11,-8,-39,-24.23
12,-8,-63,-24.34
13,-8,-52,-23.62
14,-8,-58,-22.84
15,-8,-64,-22.56
16,-8,-48,-21.87
17,-8,-45,-20.45
18,-8,-53,-20.39
19,-8,-52,-19.49
20,-8,-43,-18.66
21,-7,-52,-16.74
22,-7,-48,-15.37
23,-7,-68,-14.75
24,-7,-40,-13.92
25,-7,-47,-13.62
26,-7,-44,-12.6
27,-7,-44,-12.04
28,-7,-45,-11.88
29,-7,-33,-10.81
30,-7,-28,-9.7
31,-7,-46,-9.75
32,-7,-53,-10.16
33,-6,-37,-9.91
34,-6,-52,-10.61
35,-6,-39,-10.27
36,-6,-38,-9.57
37,-6,-31,-9.76
38,-6,-49,-9.71
39,-6,-37,-9.55
40,-6,-47,-10.13
41,-6,-46,-9.51
42,-6,-50,-10.18
43,-6,-52,-10.07
44,-6,-51,-10.13
45,-6,-45,-10.02
46,-6,-55,-9.94
47,-6,-40,-9.55
48,-6,-28,-9.46
49,-6,-55,-10.53
50,-6,-53,-10.33
51,-6,-48,-10.38
52,-6,-27,-9.42
53,-6,-52,-10.09
54,-6,-43,-9.37
55,-6,-39,-9.32
56,-6,-43,-9.24
57,-6,-45,-9.94
58,-6,-45,-8.95
59,-6,-51,-9.28
60,-6,-50,-9.7
61,-6,-31,-8.78
62,-6,-33,-8.61
63,-6,-37,-8.86
64,-5,-53,-9.18
65,-5,-49,-9.08
66,-5,-44,-9.27
67,-5,-49,-9.16
68,-5,-44,-9.13
69,-5,-39,-8.98
70,-5,-42,-8.95
71,-5,-42,-9.38
72,-5,-41,-9.4
73,-5,-44,-9.16
74,-5,-43,-9.93
75,-5,-43,-9.4
76,-5,-66,-9.84
77,-5,-52,-9.25
78,-5,-47,-9.24
79,-5,-48,-8.95
80,-5,-34,-8.8
81,-5,-41,-8.78
82,-5,-46,-8.8
83,-5,-36,-8.67
84,-5,-42,-8.97
85,-5,-50,-8.93
86,-5,-43,-8.94
87,-5,-40,-9.55
88,-5,-34,-8.67
89,-5,-43,-8.51
90,-5,-53,-8.78
91,-5,-35,-8.42
92,-4,-34,-7.97
93,-4,-40,-8.28
94,-4,-48,-8.17
95,-4,-33,-8.19
96,-4,-51,-8.65
97,-4,-53,-9.73
98,-4,-43,-9.54
99,-4,-47,-9.22
100,-4,-46,-8.3
101,-4,-43,-8.13
102,-4,-28,-7.67
103,-4,-47,-7.92
104,-4,-47,-8.65
105,-4,-52,-8.33
106,-4,-55,-8.53
107,-4,-42,-8.79
108,-4,-38,-8.67
109,-3,-22,-7.15
110,-2,-42,-7.82
111,-2,-55,-7.45
112,-2,-47,-7.56
113,-2,-42,-8.05
114,-2,-40,-7.93
115,-2,-45,-7.77
116,-2,-63,-7.71
117,-3,-39,-8.24
118,-3,-49,-8.13
119,-2,-35,-7.33
120,-2,-36,-7.35
121,-2,-36,-7.2
122,-2,-44,-7.33
123,-2,-47,-7.22
124,-2,-37,-6.75
125,-2,-37,-7.22
126,-2,-27,-7.01
127,-2,-48,-7.16
128,-2,-26,-6.54
129,-2,-44,-7.18
130,-2,-37,-6.44
131,-2,-52,-6.72
132,-2,-35,-6.92
133,-2,-49,-6.21
134,-2,-32,-6.35
135,-2,-30,-5.92
136,-2,-15,-5.59
137,-2,-46,-5.65
138,-2,-44,-6.03
139,-2,-49,-6.1
140,-2,-39,-6.41
141,-2,-43,-6.27
142,-2,-46,-6.37
143,-2,-56,-6.37
144,-2,-39,-6.03
145,-2,-44,-5.96
146,-2,-61,-6.18
147,-2,-50,-6.11
148,-2,-45,-5.87
149,-2,-45,-6.01
150,-2,-42,-6.05
151,-2,-46,-6.03
152,-2,-43,-5.5
153,-2,-43,-5.43
154,-2,-17,-4.44
155,-2,-43,-4.77
156,-2,-45,-5.16
157,-2,-52,-5.63
158,-2,-41,-5.11
159,-2,-48,-5.28
160,-2,-33,-4.52
161,-2,-52,-5.02
162,-2,-52,-4.77
163,-2,-44,-5.06
164,-2,-42,-4.84
165,-2,-44,-5.56
166,-2,-50,-5.24
167,-2,-44,-5.26
168,-2,-43,-5.48
169,-2,-49,-4.6
170,-2,-37,-4.59
171,-2,-35,-5.14
172,-2,-38,-4.89
173,-2,-50,-5.16
174,-2,-27,-4.01
175,-2,-41,-4.41
176,-2,-36,-4
177,-2,-39,-4.56
178,-2,-48,-4.53
179,-2,-33,-4.68
180,-2,-48,-5.32
181,-2,-36,-5.48
182,-1,-50,-5.44
183,-1,-30,-4.23
184,-1,-31,-4.39
185,-1,-33,-4.22
186,-1,-45,-4.48
187,-1,-35,-4.14
188,-1,-43,-4.08
189,-1,-42,-4.37
190,-1,-41,-4.36
191,-1,-36,-4.15
192,-1,-32,-4.41
193,-1,-37,-4.24
194,-1,-33,-4.15
195,-1,-39,-4.52
196,-1,-37,-4.11
197,-1,-37,-4.4
198,-1,-47,-4.7
199,-1,-55,-4.88
200,-1,-47,-4.77
201,-1,-40,-5.16
202,-1,-45,-4.89
203,-1,-57,-4.95
204,-1,-39,-4.23
205,-1,-42,-4.64
206,-1,-44,-4.73
207,-1,-45,-4.79
208,-1,-50,-5.01
209,-1,-45,-5.15
210,-1,-44,-4.57
211,-1,-27,-4.08
212,-1,-35,-3.81
213,-1,-48,-3.94
214,-1,-43,-4.15
215,-1,-37,-4.22
216,-1,-39,-4.42
217,-1,-41,-3.86
218,-1,-46,-4.7
219,-1,-47,-4.11
220,-1,-42,-4.57
221,-1,-44,-3.78
222,-1,-37,-3.59
223,-1,-31,-3.65
224,-1,-44,-3.92
225,-1,-27,-3.34
226,-1,-32,-3.28
227,-1,-39,-3.12
228,-1,-39,-3.17
229,-1,-27,-3.33
230,-1,-45,-3.46
231,-1,-49,-3.46
232,-1,-45,-4.18
233,-1,-44,-3.8
234,-1,-32,-3.06
235,-1,-44,-4
236,-1,-50,-4.31
237,-1,-46,-4.12
238,-1,-44,-3.25
239,-1,-23,-2.98
240,-1,-43,-3.3
241,-1,-42,-3.73
242,-1,-43,-3.31
243,-1,-45,-3.92
244,-1,-43,-3.5
245,-1,-31,-3.18
246,-1,-51,-3.86
247,-1,-44,-4.15
248,0,-44,-3.24
1,-21,-134,-78.39
2,-21,-121,-65.55
3,-17,-125,-59.9
4,-17,-104,-50.87
5,-17,-93,-43.26
6,-17,-72,-37.81
7,-17,-64,-31.46
8,-17,-56,-29.09
9,-17,-53,-26.61
10,-17,-34,-23.65
11,-15,-55,-22.71
12,-15,-46,-22.2
13,-15,-55,-21.89
14,-14,-52,-21.73
15,-14,-59,-22.55
16,-14,-41,-21.42
17,-14,-53,-20.67
18,-14,-53,-20.42
19,-14,-60,-19.75
20,-12,-48,-19.29
21,-12,-55,-19.62
22,-12,-58,-19.21
23,-12,-52,-18.83
24,-12,-63,-18.97
25,-12,-63,-19.35
26,-12,-50,-19.25
27,-12,-47,-18.27
28,-11,-52,-18.83
29,-11,-48,-17.35
30,-11,-46,-17.76
31,-11,-57,-17.74
32,-11,-37,-17.3
33,-11,-54,-16.49
34,-11,-55,-17.14
35,-8,-42,-16.16
36,-8,-43,-15.72
37,-8,-52,-15.84
38,-8,-43,-15.49
39,-8,-53,-15.82
40,-8,-54,-15.03
41,-8,-41,-15.13
42,-8,-59,-15.12
43,-8,-50,-15.19
44,-8,-45,-15.11
45,-8,-55,-14.94
46,-8,-40,-14.26
47,-5,-55,-14.23
48,-5,-65,-14.09
49,-5,-34,-13.58
50,-5,-50,-13.7
51,-5,-46,-13.15
52,-5,-43,-12.72
53,-5,-32,-12.08
54,-5,-43,-12.52
55,-5,-42,-12.31
56,-5,-41,-12.53
57,-5,-36,-11.25
58,-5,-55,-11.57
59,-5,-45,-11.28
60,-5,-44,-11.29
61,-5,-48,-11.6
62,-5,-47,-11.37
63,-4,-48,-11.3
64,-4,-28,-10.05
65,-4,-44,-10.1
66,-4,-49,-10.22
67,-4,-55,-10.41
68,-4,-57,-9.7
69,-4,-45,-9.33
70,-4,-38,-9.35
71,-2,-39,-9.42
72,-2,-40,-9.3
73,-2,-52,-9.56
74,-2,-46,-9.21
75,-2,-66,-8.99
76,-2,-42,-8.26
77,-2,-39,-8.53
78,-2,-52,-8.73
79,-2,-50,-7.94
80,-2,-42,-8.25
81,-2,-50,-8.17
82,-2,-27,-7.52
83,-2,-45,-8.1
84,-2,-35,-7.69
85,-2,-44,-7.62
86,-2,-46,-8.04
87,-2,-41,-7.73
88,-2,-47,-7.46
89,-2,-49,-7.88
90,-2,-49,-8.18
91,-2,-46,-8.01
92,-2,-42,-7.34
93,-2,-32,-6.82
94,-2,-57,-7.35
95,-2,-32,-7.18
96,-2,-42,-7.12
97,-2,-50,-6.84
98,-2,-44,-6.77
99,-2,-47,-6.25
100,-2,-47,-6.57
101,-2,-46,-6.53
102,-2,-36,-6.42
103,-2,-40,-6.26
104,-2,-40,-6.7
105,-2,-45,-6.67
106,-2,-46,-6.95
107,-2,-42,-6.43
108,-2,-53,-6.37
109,-2,-44,-6.62
110,-2,-47,-6.29
111,-2,-52,-7.01
112,-2,-30,-5.78
113,-2,-53,-6.15
114,-2,-43,-6.48
115,-2,-40,-5.68
116,-2,-40,-5.84
117,-2,-43,-5.84
118,-2,-36,-5.56
119,-2,-47,-5.71
120,-2,-47,-5.13
121,-2,-43,-5.13
122,-2,-39,-5.75
123,-2,-36,-5.38
124,-2,-31,-5.02
125,-2,-32,-5.11
126,-2,-39,-5
127,-2,-46,-5.8
128,-2,-32,-5.39
129,-2,-41,-4.88
130,-2,-37,-4.91
131,-2,-48,-5.07
132,-2,-44,-5.23
133,-2,-53,-4.99
134,-2,-52,-5.68
135,-2,-29,-4.27
136,-2,-54,-4.66
137,-2,-38,-4.78
138,-2,-60,-5.19
139,-2,-61,-4.73
140,-2,-35,-4.47
141,-2,-43,-5.21
142,-2,-46,-4.51
143,-2,-53,-4.65
144,-2,-39,-4.22
145,-2,-39,-3.86
146,-2,-41,-3.98
147,-2,-38,-4.25
148,-2,-45,-5.09
149,-2,-43,-4.66
150,-2,-42,-4.51
151,-2,-34,-3.7
152,-2,-44,-4.15
153,-2,-34,-4.29
154,-2,-41,-4.09
155,-2,-51,-4.53
156,-2,-44,-4.71
157,-2,-42,-4.93
158,-2,-40,-4.45
159,-2,-35,-4.33
160,-2,-32,-4.47
161,-2,-35,-4.44
162,-2,-65,-5.07
163,-2,-26,-3.88
164,-2,-30,-3.43
165,-2,-50,-4.11
166,-2,-39,-3.65
167,-2,-52,-3.3
168,-2,-28,-2.99
169,-2,-40,-3.39
170,-2,-41,-3.44
171,-2,-32,-3.62
172,-2,-34,-3.48
173,-2,-35,-4.01
174,-2,-44,-4.09
175,-2,-39,-3.49
176,-2,-44,-3.92
177,-2,-43,-3.73
178,-2,-47,-4.23
179,-2,-35,-3.43
180,-2,-27,-3.6
181,-2,-38,-4.28
182,-2,-28,-3.32
183,-2,-45,-3.88
184,-2,-41,-3.87
185,-2,-41,-3.6
186,-2,-35,-3.88
187,-1,-36,-3.72
188,-1,-46,-3.86
189,-1,-40,-3.52
190,-1,-50,-3.86
191,-1,-48,-4.55
192,-1,-45,-5.34
193,-1,-34,-3.87
194,-1,-38,-4
195,-1,-47,-4.25
196,-1,-53,-4.97
197,-1,-39,-4.28
198,-1,-36,-3.51
199,-1,-52,-3.69
200,-1,-34,-3.94
201,-1,-36,-4.22
202,-1,-31,-3.62
203,-1,-38,-3.83
204,-1,-37,-3.85
205,-1,-43,-3.86
206,-1,-40,-3.69
207,-1,-45,-4.66
208,-1,-36,-3.94
209,-1,-33,-3.78
210,-1,-40,-3.4
211,-1,-42,-3.91
212,-1,-38,-4.08
213,-1,-39,-3.9
214,-1,-42,-4.08
215,-1,-38,-3.23
216,-1,-45,-3.06
217,-1,-39,-3.46
218,-1,-30,-4.22
219,-1,-42,-3.12
220,-1,-39,-3.58
221,-1,-38,-3.31
222,-1,-34,-3.43
223,-1,-41,-4.01
224,-1,-49,-3.68
225,-1,-47,-3.84
226,-1,-35,-3.47
227,-1,-42,-3.73
228,-1,-44,-3.85
229,-1,-30,-3.24
230,-1,-17,-2.88
231,-1,-38,-3.41
232,-1,-41,-3.54
233,-1,-39,-3.4
234,-1,-44,-3.49
235,-1,-47,-3.79
236,-1,-35,-4.2
237,-1,-23,-3.11
238,-1,-40,-3.18
239,-1,-43,-4.11
240,-1,-33,-3.77
241,-1,-41,-4
242,-1,-30,-3.37
243,-1,-39,-3.88
244,-1,-45,-3.32
245,-1,-36,-3.48
246,-1,-40,-3.58
247,-1,-45,-4.23
248,-1,-25,-2.73
249,-1,-44,-4.09
250,-1,-28,-2.83
251,-1,-42,-3.32
252,-1,-20,-2.77
253,-1,-30,-3.21
254,-1,-22,-2.84
255,-1,-21,-3.1
256,-1,-30,-3.21
257,-1,-36,-3.25
258,-1,-41,-3.53
259,-1,-33,-3.57
260,-1,-27,-3.43
261,-1,-35,-2.74
262,-1,-52,-3.51
263,-1,-65,-3.4
264,-1,-37,-3.88
265,-1,-28,-2.9
266,-1,-50,-4.07
267,-1,-52,-2.99
268,-1,-46,-3.12
269,-1,-29,-3.44
270,-1,-49,-4.29
271,-1,-39,-4.72
272,-1,-28,-3.65
273,-1,-40,-3.67
274,-1,-44,-3.37
275,-1,-27,-3.26
276,-1,-28,-3.11
277,-1,-33,-2.93
278,-1,-36,-3.39
279,-1,-41,-3.11
280,-1,-38,-3.76
281,-1,-44,-3.86
282,-1,-44,-3.61
283,-1,-50,-3.56
284,-1,-47,-3.89
285,-1,-67,-3.73
286,-1,-43,-3.49
287,-1,-43,-3.52
288,-1,-33,-2.91
289,-1,-51,-3.99
290,-1,-47,-3.63
291,-1,-35,-3.7
292,-1,-50,-4.08
293,-1,-40,-3.77
294,-1,-38,-3.56
295,-1,-30,-3.34
296,-1,-51,-3.61
297,-1,-47,-3.34
298,-1,-50,-3.62
299,-1,-42,-3.78
300,-1,-38,-2.82
301,-1,-36,-3.45
302,-1,-47,-3.33
303,-1,-32,-2.5
304,-1,-31,-2.82
305,-1,-38,-2.83
306,-1,-45,-3.34
307,-1,-21,-2.51
308,-1,-43,-2.48
309,-1,-51,-2.48
310,-1,-40,-2.41
311,-1,-45,-2.96
312,-1,-43,-3.11
313,-1,-30,-2.52
314,-1,-36,-2.89
315,-1,-27,-2.89
316,-1,-26,-3.11
317,-1,-28,-2.51
318,-1,-43,-3.48
319,-1,-36,-2.63
320,-1,-38,-2.95
321,-1,-50,-2.64
322,-1,-36,-2.86
323,-1,-36,-2.6
324,-1,-35,-2.79
325,-1,-45,-2.99
326,-1,-46,-2.87
327,-1,-35,-3
328,-1,-26,-2.39
329,-1,-46,-3.03
330,-1,-30,-3.19
331,-1,-27,-2.54
332,-1,-27,-2.15
333,0,-42,-2.68
1,-19,-146,-80.09
2,-19,-136,-67.96
3,-19,-113,-61.43
4,-17,-103,-54.11
5,-17,-95,-48.13
6,-17,-83,-40.63
7,-17,-79,-36.52
8,-17,-74,-34.84
9,-17,-70,-31.93
10,-17,-68,-31.12
11,-17,-53,-27.47
12,-12,-57,-25.46
13,-12,-61,-24.49
14,-12,-69,-23.33
15,-12,-55,-22.01
16,-12,-45,-21.66
17,-12,-55,-20.65
18,-12,-49,-20.58
19,-12,-62,-20.55
20,-12,-52,-19.61
21,-12,-55,-19.33
22,-12,-43,-18.55
23,-12,-46,-17.71
24,-12,-51,-17.38
25,-7,-46,-17.31
26,-7,-31,-16.81
27,-7,-29,-16.01
28,-7,-55,-15.57
29,-7,-57,-15.26
30,-7,-48,-15.49
31,-7,-49,-15.2
32,-7,-52,-15.19
33,-7,-58,-14.98
34,-7,-38,-14.6
35,-7,-39,-13.11
36,-7,-58,-13.08
37,-7,-52,-12.12
38,-7,-48,-12.59
39,-7,-48,-12.33
40,-7,-45,-12.25
41,-7,-53,-11.89
42,-6,-44,-10.94
43,-6,-38,-10.23
44,-6,-30,-9.63
45,-6,-43,-9.6
46,-6,-39,-9.37
47,-6,-45,-9.83
48,-6,-45,-9.69
49,-6,-47,-9.9
50,-6,-42,-9.56
51,-6,-35,-8.96
52,-6,-45,-9.55
53,-7,-40,-9.11
54,-7,-38,-8.75
55,-7,-38,-8.55
56,-7,-19,-8.1
57,-7,-48,-8.78
58,-7,-56,-8.9
59,-3,-48,-9.15
60,-3,-47,-8.98
61,-3,-35,-8.34
62,-3,-47,-8.98
63,-3,-39,-8.49
64,-3,-48,-8.93
65,-7,-46,-9.18
66,-7,-45,-8.85
67,-7,-53,-9.21
68,-7,-46,-9.12
69,-7,-48,-9.27
70,-7,-46,-9.44
71,-4,-41,-8.84
72,-4,-56,-8.84
73,-4,-49,-8.71
74,-4,-46,-8.81
75,-4,-36,-8.22
76,-4,-25,-7.85
77,-4,-33,-8.44
78,-4,-45,-9.17
79,-4,-29,-8.06
80,-4,-52,-8.9
81,-4,-48,-8.85
82,-4,-41,-8.19
83,-4,-51,-7.98
84,-4,-52,-8.16
85,-4,-30,-8.09
86,-4,-43,-8.36
87,-4,-43,-7.89
88,-4,-27,-7.98
89,-4,-28,-7.79
90,-4,-25,-7.81
91,-4,-43,-7.72
92,-4,-52,-8.08
93,-4,-49,-8.86
94,-4,-53,-9.4
95,-4,-46,-8.81
96,-4,-42,-8.54
97,-4,-46,-8.98
98,-4,-47,-9.12
99,-4,-53,-8.82
100,-4,-46,-8.72
101,-4,-58,-8.96
102,-4,-41,-8.06
103,-4,-34,-8.17
104,-4,-55,-9.08
105,-4,-43,-8.75
106,-4,-38,-6.88
107,-4,-54,-7.59
108,-4,-41,-7.24
109,-4,-35,-6.97
110,-4,-32,-6.93
111,-4,-36,-7.04
112,-4,-39,-6.87
113,-4,-42,-6.59
114,-4,-38,-6.21
115,-4,-48,-6.57
116,-4,-36,-6.08
117,-3,-57,-6.51
118,-3,-54,-7.47
119,-4,-51,-7.54
120,-4,-43,-6.24
121,-4,-31,-5.91
122,-4,-50,-6.3
123,-4,-29,-6.08
124,-4,-32,-5.67
125,-4,-46,-5.97
126,-4,-45,-5.28
127,-3,-44,-5.42
128,-3,-46,-5.78
129,-3,-28,-5.69
130,-3,-49,-5.89
131,-3,-48,-6.29
132,-3,-36,-5.71
133,-3,-39,-5.55
134,-3,-49,-5.54
135,-3,-44,-5.93
136,-3,-45,-6.11
137,-3,-47,-5.78
138,-3,-45,-6.35
139,-3,-43,-5.91
140,-4,-41,-6.06
141,-4,-20,-5.25
142,-4,-36,-5.35
143,-4,-46,-6
144,-4,-48,-5.66
145,-4,-40,-5.3
146,-4,-39,-5.72
147,-4,-48,-5.83
148,-4,-43,-6.19
149,-4,-32,-5.49
150,-4,-45,-5.88
151,-4,-48,-5.54
152,-4,-44,-5.69
153,-4,-44,-5.77
154,-4,-40,-5.55
155,-4,-49,-6.21
156,-4,-39,-5.72
157,-4,-54,-5.88
158,-4,-44,-5.89
159,-4,-28,-5.48
160,-4,-47,-6.18
161,-4,-38,-6.13
162,-4,-53,-5.83
163,-4,-51,-6.02
164,-4,-45,-6.26
165,-4,-68,-6.76
166,-4,-42,-5.98
167,-4,-52,-5.9
168,-4,-29,-5.63
169,-3,-37,-5.56
170,-3,-51,-5.99
171,-3,-39,-6.23
172,-3,-34,-5.29
173,-3,-44,-6.01
174,-3,-53,-5.99
175,-3,-39,-5.73
176,-3,-52,-6
177,-3,-23,-5.14
178,-3,-30,-4.88
179,-3,-40,-5.76
180,-3,-39,-5.6
181,-3,-51,-5.43
182,-3,-38,-5.74
183,-3,-31,-5.09
184,-3,-51,-5.5
185,-3,-44,-6.04
186,-3,-45,-5.92
187,-3,-46,-5.75
188,-3,-38,-6.03
189,-3,-40,-6.23
190,-3,-27,-5.75
191,-3,-39,-5.39
192,-3,-38,-5.27
193,-3,-52,-5.46
194,-3,-52,-5.87
195,-3,-39,-5.41
196,-3,-48,-6.23
197,-3,-46,-6.07
198,-3,-74,-6.48
199,-3,-48,-6.56
200,-3,-54,-6.32
201,-3,-43,-6.04
202,-3,-40,-5.9
203,-3,-35,-5.04
204,-3,-44,-5.24
205,-3,-31,-5.33
206,-3,-38,-5.92
207,-3,-38,-5.96
208,-3,-44,-6.28
209,-3,-29,-5.34
210,-3,-46,-5.4
211,-3,-44,-5.88
212,-3,-32,-5.21
213,-3,-48,-5.77
214,-3,-32,-5.18
215,-3,-29,-5
216,-3,-53,-5.7
217,-3,-53,-5.66
218,-3,-46,-6.19
219,-3,-26,-5.3
220,-3,-46,-6.01
221,-3,-40,-5.22
222,-3,-59,-6.14
223,-3,-42,-5.32
224,-3,-36,-5.63
225,-3,-28,-5.58
226,-3,-46,-5.41
227,-3,-38,-5.4
228,-3,-53,-6.03
229,-3,-38,-6.12
230,-3,-48,-5.92
231,-3,-33,-5.61
232,-3,-42,-6.31
233,-3,-37,-5.73
234,-3,-39,-5.69
235,-3,-36,-5.66
236,-3,-54,-6
237,-3,-39,-5.96
238,-3,-40,-6.06
239,-3,-36,-5.89
240,-3,-45,-5.46
241,-3,-63,-5.91
242,-3,-53,-6.38
243,-3,-45,-5.73
244,-2,-38,-5.27
245,-2,-38,-4.98
246,-2,-34,-5.65
247,-2,-37,-5.27
248,-2,-38,-5.28
249,-2,-40,-5.66
250,-2,-22,-5.39
251,-2,-44,-5.21
252,-2,-39,-4.98
253,-2,-30,-4.79
254,-2,-44,-5.11
255,-2,-27,-4.58
256,-2,-43,-5.02
257,-2,-42,-5.28
258,-2,-61,-5.7
259,-2,-39,-4.94
260,-2,-41,-5.16
261,-2,-31,-5.19
262,-2,-47,-5.73
263,-2,-47,-5.46
264,-2,-47,-6.29
265,-2,-36,-5.58
266,-2,-42,-5.96
267,-2,-41,-5.62
268,-2,-42,-5.77
269,-2,-38,-6.14
270,-2,-53,-6.26
271,-2,-40,-5.97
272,-2,-49,-5.62
273,-2,-49,-5.81
274,-2,-40,-6.06
275,-2,-41,-6.7
276,-2,-60,-6.67
277,-2,-43,-6.9
278,-2,-45,-7.32
279,-2,-47,-6.91
280,-2,-46,-6.67
281,-2,-48,-6.19
282,-2,-45,-5.3
283,-2,-35,-5.44
284,-2,-37,-5.08
285,-2,-36,-5.02
286,-2,-24,-4.73
287,-2,-44,-5.91
288,-2,-51,-5.69
289,-2,-39,-5.68
290,-2,-33,-4.88
291,-2,-34,-5.3
292,-2,-46,-5.49
293,-2,-41,-5.8
294,-2,-34,-5.1
295,-2,-42,-5.91
296,-2,-31,-4.87
297,-2,-43,-5
298,-2,-47,-6
299,-2,-38,-5.77
300,-2,-50,-5.68
301,-2,-51,-5.46
302,-2,-32,-5.34
303,-2,-30,-5.24
304,-2,-41,-5.4
305,-2,-33,-5.69
306,-2,-43,-5.2
307,-2,-60,-5.8
308,-2,-47,-5.4
309,-2,-46,-5.02
310,-2,-43,-5.39
311,-2,-52,-4.98
312,-2,-36,-5.38
313,-2,-53,-5.79
314,-2,-40,-5.38
315,-2,-31,-5.23
316,-2,-40,-5.34
317,-2,-42,-5.49
318,-2,-28,-4.63
319,-2,-44,-5.35
320,-2,-40,-5.15
321,-2,-32,-5.22
322,-2,-39,-4.89
323,-2,-56,-5.32
324,-2,-42,-5.07
325,-2,-21,-4.36
326,-1,-32,-4.36
327,-1,-45,-4.76
328,-1,-39,-4.47
329,-1,-22,-4.15
330,-1,-42,-4.45
331,-1,-28,-4.54
332,-1,-39,-4.92
333,-1,-33,-4.74
334,-1,-43,-5.53
335,-1,-35,-4.73
336,-1,-44,-5.91
337,-1,-37,-5.14
338,-1,-48,-5.48
339,-1,-48,-5.04
340,-1,-46,-4.38
341,-1,-26,-4.04
342,-1,-43,-4.89
343,-1,-45,-4.74
344,-1,-29,-4.36
345,-1,-36,-4.4
346,-1,-43,-4.41
347,-1,-19,-4
348,-1,-35,-4.14
349,-1,-36,-4.23
350,-1,-29,-4.29
351,-1,-50,-4.79
352,-1,-46,-5.17
353,-1,-41,-6.04
354,-1,-40,-4.9
355,-1,-45,-5.72
356,-1,-28,-4.23
357,-1,-37,-4.42
358,-1,-38,-4.78
359,-1,-43,-4.94
360,-1,-29,-4.17
361,-1,-53,-4.32
362,-1,-42,-3.81
363,-1,-31,-3.83
364,-1,-33,-4.03
365,-1,-54,-4.83
366,-1,-32,-4.32
367,-1,-44,-4.46
368,-1,-42,-4.54
369,-1,-43,-4.87
370,-1,-38,-4.72
371,-1,-51,-4.32
372,-1,-44,-4.34
373,-1,-46,-4.36
374,-1,-35,-3.89
375,-1,-44,-3.96
376,-1,-43,-3.81
377,-1,-39,-3.49
378,-1,-36,-3.34
379,-1,-52,-3.61
380,-1,-43,-3.73
381,-1,-39,-3.96
382,-1,-23,-2.8
383,-1,-14,-2.49
384,-1,-49,-3.29
385,-1,-42,-3.43
386,-1,-34,-2.48
387,-1,-38,-2.77
388,-1,-39,-2.87
389,-1,-43,-3.07
390,-1,-37,-2.96
391,-1,-32,-3.1
392,-1,-27,-2.93
393,-1,-32,-2.74
394,-1,-25,-3.03
395,-1,-44,-2.5
396,-1,-41,-2.6
397,-1,-41,-2.74
398,-1,-33,-2.51
399,-1,-41,-2.77
400,-1,-38,-3.35
401,-1,-32,-2.99
402,-1,-36,-3.05
403,-1,-49,-3.34
404,-1,-37,-3.64
405,-1,-37,-3.13
406,-1,-50,-3.33
407,-1,-39,-3.45
408,-1,-47,-4.22
409,-1,-26,-2.73
410,-1,-23,-2.53
411,-1,-51,-2.99
412,-1,-42,-2.71
413,-1,-33,-3
414,-1,-46,-2.91
415,-1,-36,-2.25
416,-1,-37,-2.89
417,-1,-40,-3.17
418,-1,-47,-2.78
419,-1,-37,-2.98
420,-1,-37,-3.29
421,-1,-42,-2.95
422,-1,-32,-2.61
423,-1,-33,-2.99
424,-1,-28,-2.08
425,-1,-52,-3.27
426,-1,-44,-3.26
427,-1,-21,-2.26
428,-1,-25,-2.02
429,-1,-24,-2.18
430,-1,-36,-2.3
431,-1,-60,-2.93
432,-1,-42,-2.82
433,-1,-37,-2.74
434,-1,-42,-2.34
435,-1,-47,-3.41
436,-1,-35,-3.27
437,-1,-32,-3.35
438,-1,-45,-3.14
439,-1,-34,-2.38
440,-1,-46,-3.15
441,-1,-44,-2.98
442,-1,-37,-3.11
443,-1,-48,-3.03
444,-1,-45,-2.45
445,-1,-25,-2.67
446,-1,-49,-2.79
447,-1,-41,-2.97
448,-1,-37,-3.36
449,-1,-29,-2.18
450,-1,-48,-2.35
451,0,-46,-3.07
1,-29,-153,-85.32
2,-29,-119,-77.45
3,-17,-119,-65.02
4,-9,-105,-55.24
5,-9,-89,-42.94
6,-9,-81,-36.2
7,-9,-82,-30.31
8,-9,-55,-27.01
9,-9,-51,-21.09
10,-9,-71,-18.85
11,-9,-52,-17.92
12,-9,-55,-16.85
13,-9,-50,-15.87
14,-9,-60,-14.1
15,-9,-35,-13.1
16,-9,-44,-12.66
17,-7,-44,-11.88
18,-7,-37,-11.67
19,-7,-42,-11.64
20,-7,-46,-11.05
21,-3,-55,-11.2
22,-3,-48,-10.84
23,-3,-50,-11
24,0,-52,-10.89
1,-20,-158,-83.22
2,-15,-149,-73.98
3,-15,-139,-62.25
4,-15,-110,-49.42
5,-6,-81,-44.64
6,-6,-86,-38.94
7,-6,-75,-34.57
8,-6,-105,-32.46
9,-6,-92,-30.76
10,-6,-51,-26.82
11,-6,-58,-22.48
12,-6,-60,-19.42
13,-6,-50,-17.7
14,-6,-51,-15.69
15,-6,-63,-12.91
16,-6,-37,-12.25
17,-6,-42,-11.02
18,-6,-37,-9.82
19,-6,-45,-9.48
20,-4,-47,-9.31
21,-4,-35,-8.62
22,-4,-57,-9.26
23,-4,-43,-9.15
24,-4,-47,-8.95
25,-4,-42,-7.8
26,-4,-50,-8.22
27,-4,-47,-7.83
28,-4,-45,-8.02
29,-4,-47,-7.62
30,-4,-43,-7.64
31,-4,-42,-7.63
32,-4,-23,-7.45
33,-4,-50,-7.8
34,-4,-35,-7.23
35,-4,-32,-7.11
36,-4,-41,-7.32
37,-4,-49,-7.55
38,-4,-51,-7.59
39,-4,-32,-7.45
40,-4,-45,-7.85
41,-4,-46,-7.25
42,-4,-47,-7.73
43,-4,-43,-7.26
44,-4,-25,-7.07
45,-4,-43,-7.14
46,-4,-30,-6.97
47,-4,-46,-7.83
48,-4,-45,-7.94
49,-4,-47,-8.31
50,-4,-42,-7.89
51,-4,-45,-8.17
52,-4,-46,-7.94
53,-4,-36,-7.83
54,-4,-48,-7.61
55,-4,-43,-7.54
56,-4,-33,-7.57
57,-4,-29,-6.91
58,-4,-53,-7.22
59,-4,-42,-7.55
60,-4,-42,-7.17
61,-4,-55,-7.44
62,-4,-37,-6.94
63,-4,-21,-6.65
64,-4,-44,-7.15
65,-4,-44,-7.85
66,-4,-46,-7.02
67,-4,-49,-7.65
68,-4,-51,-8
69,-4,-52,-7.78
70,-4,-49,-7.06
71,-4,-35,-7.03
72,-4,-40,-7.27
73,-4,-25,-6.51
74,-4,-50,-7.28
75,-4,-39,-7.45
76,-4,-44,-6.98
77,-4,-45,-6.46
78,-4,-44,-6.83
79,-4,-31,-6.94
80,-4,-44,-6.67
81,-4,-31,-6.38
82,-4,-47,-7.04
83,-4,-44,-7.28
84,-4,-47,-7.27
85,-3,-43,-6.82
86,-3,-39,-6.6
87,-3,-29,-6.45
88,-3,-42,-6.86
89,-3,-45,-7.56
90,-3,-50,-7.2
91,-3,-52,-6.83
92,-3,-52,-7.41
93,-3,-35,-6.45
94,-3,-29,-6.12
95,-3,-36,-6.75
96,-3,-44,-6.55
97,-3,-56,-6.64
98,-3,-45,-7.33
99,-3,-44,-7.26
100,-3,-36,-6.25
101,-3,-37,-5.89
102,-3,-37,-6.06
103,-3,-44,-5.8
104,-3,-46,-6.51
105,-3,-43,-5.78
106,-3,-47,-6.37
107,-3,-33,-6.06
108,-3,-54,-6.71
109,-3,-39,-5.98
110,-3,-49,-6.3
111,-3,-44,-6.21
112,-3,-31,-5.64
113,-3,-43,-5.62
114,-3,-49,-5.99
115,-3,-38,-6.34
116,-3,-39,-6.4
117,-3,-43,-6.21
118,-3,-42,-6.66
119,-3,-45,-6.34
120,-3,-42,-6.09
121,-3,-37,-6.32
122,-3,-45,-6.94
123,-3,-45,-6.07
124,-3,-44,-6.56
125,-3,-47,-6.33
126,-3,-34,-6.34
127,-3,-39,-6.24
128,-3,-38,-6.12
129,-3,-38,-5.93
130,-3,-45,-6.04
131,-3,-41,-6
132,-3,-44,-6.28
133,-3,-46,-5.65
134,-3,-44,-5.64
135,-3,-40,-5.49
136,-3,-30,-5.62
137,-3,-43,-5.5
138,-3,-36,-5.64
139,-3,-47,-5.63
140,-3,-52,-6.54
141,-3,-40,-6.17
142,-3,-41,-6.29
143,-3,-40,-6.11
144,-3,-48,-6.64
145,-3,-40,-6.53
146,-3,-46,-6.31
147,-3,-50,-6.01
148,-3,-37,-5.73
149,-3,-44,-5.66
150,-3,-45,-6.98
151,-3,-40,-5.67
152,-3,-34,-5.56
153,-3,-41,-5.33
154,-3,-46,-5.83
155,-3,-50,-5.94
156,-3,-54,-5.92
157,-3,-41,-5.56
158,-3,-43,-5.65
159,-3,-39,-5.36
160,-3,-43,-5.51
161,-3,-44,-5.77
162,-3,-47,-6.25
163,-3,-34,-5.49
164,-3,-46,-5.82
165,-3,-41,-5.92
166,-3,-46,-6.28
167,-3,-44,-6.04
168,-3,-39,-5.92
169,-3,-45,-5.75
170,-3,-39,-5.58
171,-3,-32,-5.29
172,-3,-46,-5.26
173,-3,-63,-6.37
174,-3,-46,-6.12
175,-3,-37,-6.39
176,-3,-38,-5.64
177,-2,-47,-5.65
178,-2,-39,-5.52
179,-2,-56,-5.12
180,-2,-39,-5.45
181,-2,-51,-5.47
182,-2,-31,-5.67
183,-2,-55,-5.75
184,-2,-26,-5.15
185,-2,-33,-5.3
186,-2,-26,-5.66
187,-2,-36,-5.09
188,-2,-43,-5.43
189,-2,-44,-6.11
190,-2,-47,-6.82
191,-2,-39,-5.42
192,-2,-47,-5.47
193,-2,-45,-5.43
194,-2,-39,-5.29
195,-2,-46,-5.67
196,-2,-30,-5.2
197,-2,-49,-4.87
198,-2,-47,-5.46
199,-2,-51,-5.83
200,-2,-46,-4.9
201,-2,-47,-4.96
202,-2,-35,-5.13
203,-2,-43,-5.65
204,-2,-30,-4.97
205,-2,-51,-5.37
206,-2,-36,-5.09
207,-2,-33,-4.77
208,-2,-39,-4.48
209,-2,-32,-4.8
210,-2,-41,-5.36
211,-2,-19,-4.49
212,-2,-51,-4.61
213,-2,-29,-4.58
214,-2,-41,-4.21
215,-2,-44,-5.24
216,-2,-24,-4.27
217,-2,-42,-4.72
218,-2,-37,-4.86
219,-2,-53,-5.31
220,-2,-20,-4.39
221,-2,-44,-4.75
222,-2,-50,-4.75
223,-2,-39,-4.91
224,-2,-18,-4.19
225,-2,-40,-4.45
226,-2,-41,-5.24
227,-2,-38,-4.77
228,-2,-45,-4.89
229,-2,-46,-5.46
230,-2,-38,-5.13
231,-2,-48,-5.16
232,-2,-44,-5.7
233,-2,-42,-5.26
234,-2,-34,-4.26
235,-2,-51,-4.63
236,-2,-29,-4.45
237,-2,-45,-5.51
238,-2,-44,-5.23
239,-2,-34,-4.79
240,-2,-45,-4.94
241,-2,-37,-5.38
242,-2,-45,-5.77
243,-2,-37,-4.79
244,-2,-38,-4.63
245,-2,-52,-5.41
246,-2,-35,-5.22
247,-2,-45,-5
248,-2,-43,-5.16
249,-2,-37,-5.24
250,-2,-54,-5.43
251,-2,-38,-5.39
252,-2,-52,-5.08
253,-2,-14,-3.97
254,-2,-49,-4.64
255,-2,-44,-4.14
256,-2,-49,-4.21
257,-2,-55,-5.31
258,-2,-42,-4.91
259,-2,-49,-4.19
260,-2,-48,-4.89
261,-2,-39,-4.15
262,-2,-44,-4.87
263,-2,-39,-4.63
264,-2,-40,-4.73
265,-2,-44,-4.91
266,-2,-38,-4.56
267,-2,-29,-4.29
268,-2,-31,-4.09
269,-2,-48,-4.21
270,-2,-51,-4.16
271,-2,-41,-4.26
272,-2,-50,-4.85
273,-2,-42,-4.48
274,-2,-39,-5.2
275,-2,-36,-4.37
276,-2,-43,-4.12
277,-2,-27,-3.98
278,-2,-59,-4.41
279,-2,-40,-4.82
280,-2,-48,-4.47
281,-2,-34,-3.84
282,-2,-23,-3.62
283,-2,-42,-4.07
284,-2,-39,-4.33
285,-2,-38,-4.18
286,-2,-45,-4.64
287,-2,-49,-4.34
288,-2,-39,-4.14
289,-2,-40,-4.5
290,-2,-45,-4.77
291,-2,-36,-4.67
292,-2,-44,-4.65
293,-2,-45,-4.11
294,-2,-29,-3.46
295,-2,-44,-4.06
296,-2,-19,-3.26
297,-2,-36,-4.19
298,-2,-39,-3.76
299,-2,-31,-3.99
300,-2,-40,-3.91
301,-2,-46,-4.27
302,-2,-26,-3.55
303,-2,-50,-4.05
304,-2,-36,-4.2
305,-2,-27,-3.83
306,-2,-36,-3.9
307,-2,-44,-4.29
308,-2,-43,-3.86
309,-2,-40,-4.18
310,-2,-30,-3.97
311,-2,-27,-3.69
312,-2,-51,-4.34
313,-1,-50,-4.19
314,-1,-34,-4.45
315,-1,-46,-4.85
316,-1,-40,-4.31
317,-1,-48,-4.06
318,-1,-35,-3.71
319,-1,-23,-3.56
320,-1,-36,-4.12
321,-1,-36,-4.26
322,-1,-43,-4.77
323,-1,-38,-4.71
324,-1,-49,-4.89
325,-1,-40,-4.78
326,-1,-50,-4.72
327,-1,-35,-4.13
328,-1,-36,-4.48
329,-1,-43,-4.87
330,-1,-32,-5.26
331,-1,-36,-3.9
332,-1,-28,-3.98
333,-1,-40,-3.73
334,-1,-37,-4.06
335,-1,-34,-3.79
336,-1,-40,-4.26
337,-1,-44,-4.31
338,-1,-27,-3.3
339,-1,-52,-4.04
340,-1,-45,-4.13
341,-1,-42,-4.09
342,-1,-45,-4.32
343,-1,-54,-4.1
344,-1,-39,-3.76
345,-1,-35,-3.38
346,-1,-45,-3.3
347,-1,-49,-4.05
348,-1,-44,-3.55
349,-1,-41,-3.47
350,-1,-44,-3.38
351,-1,-42,-3.9
352,-1,-41,-3.91
353,-1,-36,-4.09
354,-1,-51,-4.02
355,-1,-40,-3.59
356,-1,-24,-3.11
357,-1,-45,-3.53
358,-1,-36,-3.65
359,-1,-39,-3.42
360,-1,-35,-3.79
361,-1,-23,-2.89
362,-1,-34,-3.24
363,-1,-37,-3.72
364,-1,-46,-3.22
365,-1,-31,-3.44
366,-1,-46,-3.44
367,-1,-27,-3.44
368,-1,-39,-3.9
369,-1,-37,-3.68
370,-1,-51,-3.88
371,-1,-36,-3.56
372,-1,-43,-3.53
373,-1,-46,-3.19
374,-1,-31,-3.43
375,-1,-41,-3.64
376,-1,-40,-3.99
377,-1,-36,-4.01
378,-1,-42,-3.7
379,-1,-29,-3.85
380,-1,-29,-3.46
381,-1,-48,-4.04
382,-1,-35,-3.85
383,-1,-40,-4.15
384,-1,-50,-4.02
385,-1,-22,-3.23
386,-1,-30,-3.45
387,-1,-42,-3.21
388,-1,-29,-3.25
389,-1,-49,-4.05
390,-1,-27,-3.14
391,-1,-50,-3.37
392,-1,-49,-3.87
393,-1,-25,-2.55
394,-1,-50,-3.79
395,-1,-43,-3.21
396,-1,-35,-2.78
397,-1,-34,-2.61
398,-1,-28,-2.61
399,-1,-45,-3.15
400,-1,-26,-2.87
401,-1,-38,-3.89
402,-1,-42,-3.39
403,-1,-40,-3.87
404,-1,-45,-4.13
405,-1,-44,-3.7
406,-1,-33,-3.44
407,-1,-29,-3.58
408,-1,-50,-3.02
409,-1,-26,-3.1
410,-1,-16,-2.89
411,-1,-42,-3.08
412,-1,-35,-2.92
413,-1,-43,-3.28
414,-1,-34,-3.43
415,-1,-46,-3.98
416,-1,-45,-3.83
417,-1,-45,-3.85
418,-1,-51,-4.49
419,-1,-44,-4.03
420,0,-40,-3.58
1,-26,-148,-79.62
2,-26,-108,-66.48
3,-22,-96,-58.84
4,-12,-109,-49.52
5,-12,-94,-44.93
6,-12,-95,-39.92
7,-11,-70,-36.61
8,-11,-72,-34.05
9,-11,-67,-31.1
10,-11,-61,-27.12
11,-11,-78,-25.98
12,-10,-82,-25.26
13,-10,-52,-24.91
14,-10,-50,-21.86
15,-10,-53,-20.61
16,-10,-66,-19.1
17,-10,-65,-18.06
18,-10,-59,-17.78
19,-10,-51,-17.46
20,-10,-58,-17.11
21,-10,-44,-17.14
22,-10,-58,-15.93
23,-10,-47,-15.58
24,-10,-56,-14.64
25,-10,-40,-14.11
26,-10,-47,-14.22
27,-5,-60,-14.34
28,-5,-37,-13.59
29,-5,-57,-13.97
30,-5,-48,-13.74
31,-5,-38,-12.96
32,-5,-47,-12.68
33,-5,-45,-12.73
34,-5,-44,-12.34
35,-5,-48,-12.39
36,-5,-52,-12.37
37,-5,-46,-12.18
38,-4,-39,-11.71
39,-4,-55,-11.26
40,-4,-37,-11.19
41,-4,-50,-11.15
42,-4,-43,-10.17
43,-4,-40,-10.68
44,-4,-46,-9.63
45,-4,-41,-9.39
46,-4,-35,-8.66
47,-4,-43,-8.32
48,-4,-46,-8.49
49,-4,-49,-7.8
50,-3,-32,-7.63
51,-3,-37,-7.05
52,-3,-45,-7.45
53,-3,-36,-7.63
54,-3,-36,-8.14
55,-3,-47,-8.69
56,-3,-52,-8.41
57,-3,-44,-7.38
58,-5,-33,-7.86
59,-5,-30,-6.59
60,-5,-32,-6.82
61,-4,-43,-6.39
62,-4,-43,-6.63
63,-4,-50,-7.11
64,-4,-51,-6.74
65,-4,-43,-7.18
66,-4,-38,-6.78
67,-4,-53,-6.74
68,-4,-41,-6.85
69,-4,-27,-6.02
70,-4,-34,-6.17
71,-4,-38,-6.78
72,-4,-38,-6.36
73,-4,-49,-6.82
74,-4,-45,-6.69
75,-4,-49,-6.28
76,-4,-49,-6.44
77,-4,-47,-6.24
78,-4,-53,-6.14
79,-4,-40,-6.19
80,-4,-33,-6.52
81,-4,-39,-7.05
82,-4,-46,-7.22
83,-4,-37,-6.72
84,-4,-48,-5.98
85,-4,-45,-6.69
86,-4,-49,-7.36
87,-4,-37,-6.78
88,-4,-47,-7.05
89,-4,-34,-7.16
90,-4,-40,-6.9
91,-4,-49,-6.88
92,-4,-25,-6.37
93,-4,-51,-7.3
94,-4,-47,-6.96
95,-4,-53,-7.04
96,-4,-40,-6.92
97,-4,-46,-7.02
98,-4,-43,-6.5
99,-4,-47,-6.44
100,-4,-29,-5.88
101,-4,-41,-6.32
102,-4,-55,-7.45
103,-4,-55,-6.74
104,-4,-53,-6.43
105,-4,-38,-6.26
106,-4,-38,-6.92
107,-4,-43,-6.91
108,-4,-21,-6.22
109,-4,-40,-6.37
110,-4,-34,-6.13
111,-4,-35,-6.2
112,-4,-35,-6.08
113,-4,-30,-5.99
114,-4,-35,-6.5
115,-4,-54,-6.82
116,-4,-49,-7.06
117,-4,-40,-7.1
118,-4,-29,-6.41
119,-4,-46,-6.36
120,-4,-32,-6.37
121,-4,-38,-6.8
122,-4,-55,-6.25
123,-4,-22,-5.8
124,-4,-38,-6.53
125,-4,-43,-6.71
126,-4,-53,-6.98
127,-4,-47,-6.36
128,-4,-44,-6.66
129,-4,-54,-6.86
130,-4,-37,-5.85
131,-4,-46,-6.12
132,-4,-38,-6.34
133,-4,-51,-6.65
134,-4,-42,-6.82
135,-4,-38,-6.57
136,-4,-42,-6.64
137,-4,-45,-6.54
138,-4,-50,-6.6
139,-4,-46,-7.1
140,-4,-48,-7.36
141,-4,-43,-7.81
142,-4,-33,-7.01
143,-4,-64,-6.82
144,-4,-48,-6.97
145,-4,-43,-6.92
146,-4,-47,-6.99
147,-4,-22,-6.41
148,-4,-19,-5.87
149,-4,-39,-6.25
150,-4,-16,-5.73
151,-4,-44,-5.72
152,-4,-52,-6.43
153,-4,-47,-6.73
154,-4,-47,-6.88
155,-4,-43,-6.73
156,-4,-36,-6.26
157,-4,-49,-6.68
158,-4,-43,-6.45
159,-4,-38,-6.79
160,-4,-45,-6.85
161,-4,-49,-7.67
162,-4,-47,-7.34
163,-4,-48,-7.6
164,-4,-40,-7.59
165,-4,-45,-7.15
166,-4,-49,-6.78
167,-4,-49,-7.01
168,-4,-46,-7.12
169,-4,-44,-6.3
170,-4,-61,-7.14
171,-4,-48,-7.62
172,-4,-34,-6.64
173,-4,-39,-6.49
174,-4,-44,-6.87
175,-4,-67,-6.46
176,-4,-50,-6.55
177,-4,-46,-7.15
178,-4,-48,-6.89
179,-3,-37,-5.82
180,-3,-49,-6.7
181,-4,-46,-7.35
182,-4,-45,-7.26
183,-4,-35,-5.68
184,-4,-36,-6.04
185,-4,-45,-6.37
186,-4,-36,-6.24
187,-4,-43,-6.48
188,-4,-30,-6.22
189,-4,-48,-6.31
190,-4,-51,-7.31
191,-4,-43,-6.49
192,-4,-37,-6.4
193,-4,-45,-6.91
194,-4,-40,-6.79
195,-4,-27,-5.86
196,-4,-22,-5.73
197,-4,-52,-6.77
198,-4,-46,-5.81
199,-4,-52,-6.68
200,-4,-41,-6.16
201,-4,-44,-6.34
202,-4,-43,-6.35
203,-4,-41,-6.86
204,-4,-32,-6.21
205,-4,-47,-6.15
206,-4,-48,-5.98
207,-4,-53,-6.27
208,-4,-46,-6.67
209,-4,-39,-6.77
210,-4,-47,-6.6
211,-4,-31,-7.09
212,-4,-41,-6.28
213,-4,-33,-5.85
214,-4,-46,-5.81
215,-4,-27,-5.9
216,-4,-34,-5.88
217,-3,-26,-5.62
218,-3,-47,-6.63
219,-3,-46,-5.98
220,-3,-45,-6.32
221,-3,-31,-5.56
222,-3,-25,-5.66
223,-3,-31,-5.8
224,-3,-30,-6.11
225,-3,-51,-6.52
226,-3,-36,-6.11
227,-3,-40,-6.07
228,-3,-27,-6.06
229,-3,-40,-5.75
230,-3,-34,-5.97
231,-3,-40,-6.45
232,-3,-51,-6.6
233,-3,-37,-6.61
234,-3,-16,-5.88
235,-3,-35,-5.49
236,-3,-42,-5.87
237,-3,-33,-5.79
238,-3,-45,-6.09
239,-3,-36,-6.38
240,-3,-29,-5.71
241,-3,-35,-6.06
242,-3,-38,-6.14
243,-3,-34,-5.97
244,-3,-47,-5.97
245,-3,-45,-6.58
246,-3,-32,-6.28
247,-3,-41,-6.33
248,-3,-41,-5.58
249,-3,-40,-6.18
250,-3,-56,-5.98
251,-3,-36,-6.25
252,-3,-46,-5.72
253,-3,-46,-6.13
254,-3,-53,-5.78
255,-3,-40,-6.08
256,-3,-34,-5.94
257,-3,-47,-6.12
258,-3,-45,-6.79
259,-3,-37,-6.28
260,-3,-40,-6.71
261,-3,-42,-6.27
262,-3,-29,-6.14
263,-3,-44,-5.93
264,-3,-46,-6.43
265,-3,-27,-6.42
266,-3,-45,-6.25
267,-3,-48,-6.33
268,-3,-40,-6.32
269,-3,-41,-5.75
270,-3,-47,-6.19
271,-3,-43,-5.97
272,-3,-33,-6.05
273,-3,-50,-7
274,-3,-44,-6.22
275,-3,-49,-6.47
276,-3,-40,-6
277,-3,-48,-6.35
278,-2,-53,-6.43
279,-1,-45,-6.49
280,-1,-36,-6.66
281,-1,-29,-6.08
282,-1,-43,-5.9
283,-1,-52,-6.3
284,-1,-50,-5.81
285,-1,-43,-5.75
286,-1,-41,-5.83
287,-2,-42,-5.89
288,-2,-47,-6.24
289,-2,-36,-5.87
290,-2,-45,-6.05
291,-2,-37,-6.31
292,-2,-46,-6.59
293,-2,-44,-6.13
294,-2,-42,-6.3
295,-2,-40,-6.21
296,-2,-47,-5.95
297,-2,-30,-5.61
298,-2,-35,-5.68
299,-2,-40,-6.22
300,-2,-46,-5.94
301,-2,-47,-6.21
302,-2,-44,-6.72
303,-2,-40,-6.42
304,-2,-41,-5.85
305,-2,-35,-5.82
306,-2,-34,-5.6
307,-2,-29,-5.67
308,-2,-53,-6.46
309,-2,-45,-6.02
310,-2,-46,-6.4
311,-2,-36,-6.14
312,-2,-43,-6.12
313,-2,-53,-5.77
314,-2,-39,-5.93
315,-2,-31,-5.69
316,-2,-38,-5.69
317,-2,-48,-6.39
318,-2,-42,-6.71
319,-2,-45,-6.46
320,-2,-36,-5.59
321,-2,-45,-5.94
322,-2,-50,-5.42
323,-2,-32,-5.73
324,-2,-46,-6.61
325,-2,-27,-5.73
326,-2,-39,-5.97
327,-2,-36,-6.06
328,-2,-30,-5.73
329,-2,-45,-5.54
330,-2,-40,-5.58
331,-2,-44,-5.84
332,-2,-46,-5.32
333,-2,-43,-5.54
334,-2,-39,-5.75
335,-2,-23,-4.92
336,-2,-23,-4.76
337,-2,-46,-5.3
338,-2,-49,-5.61
339,-2,-35,-5.05
340,-2,-49,-5.48
341,-2,-48,-5.96
342,-2,-53,-6.54
343,-1,-44,-5.2
344,-1,-29,-5.35
345,-1,-52,-5.53
346,-1,-41,-5.9
347,-2,-45,-5.92
348,-2,-46,-5.54
349,-2,-31,-5.43
350,-2,-62,-6.18
351,-2,-48,-6.22
352,-2,-48,-5.9
353,-1,-34,-4.94
354,-1,-48,-5.31
355,-2,-40,-4.85
356,-2,-37,-4.75
357,-2,-49,-5.19
358,-2,-48,-4.78
359,-2,-38,-4.22
360,-2,-45,-4.34
361,-2,-53,-5.19
362,-2,-39,-5.17
363,-2,-32,-4.1
364,-1,-34,-3.86
365,-1,-38,-4.43
366,-1,-45,-3.92
367,-1,-50,-4.06
368,-1,-47,-4.53
369,-1,-23,-3.69
370,-1,-43,-4.25
371,-1,-29,-3.61
372,-1,-38,-4.4
373,-1,-47,-4.08
374,-1,-49,-4.47
375,-1,-46,-4.57
376,-1,-31,-4.14
377,-1,-39,-3.43
378,-1,-44,-3.37
379,-1,-36,-3.8
380,-1,-61,-3.82
381,-1,-44,-4.59
382,-1,-32,-3.88
383,-1,-34,-3.99
384,-1,-32,-3.73
385,-1,-33,-4.08
386,-1,-43,-4.93
387,-1,-36,-3.76
388,-1,-44,-4.33
389,-1,-36,-4.26
390,-1,-30,-4.06
391,-1,-51,-4.17
392,-1,-50,-4.5
393,-1,-38,-4.23
394,-1,-34,-3.91
395,-1,-44,-4.61
396,-1,-37,-4.26
397,-1,-27,-3.78
398,-1,-40,-3.98
399,-1,-31,-3.51
400,-1,-42,-3.93
401,-1,-27,-2.89
402,-1,-24,-2.8
403,-1,-50,-3.71
404,-1,-53,-3.53
405,-1,-31,-3.5
406,-1,-24,-3.19
407,-1,-30,-3.26
408,-1,-40,-3.41
409,-1,-31,-3.5
410,-1,-44,-3.92
411,-1,-52,-4.72
412,-1,-41,-3.86
413,-1,-35,-3.32
414,-1,-38,-3.6
415,-1,-46,-3.99
416,-1,-43,-4.4
417,-1,-38,-4.15
418,-1,-38,-3.4
419,-1,-41,-3.82
420,-1,-45,-3.76
421,-1,-35,-3.78
422,-1,-48,-4.05
423,-1,-44,-3.86
424,-1,-43,-4.4
425,-1,-45,-4.11
426,-1,-35,-3.71
427,-1,-39,-4.57
428,-1,-46,-3.82
429,-1,-44,-3.59
430,-1,-42,-4.2
431,-1,-28,-3.01
432,-1,-40,-3.07
433,-1,-37,-3.04
434,-1,-42,-3.55
435,-1,-34,-3.41
436,-1,-20,-2.7
437,-1,-25,-3.02
438,-1,-46,-3.64
439,-1,-37,-3.28
440,-1,-48,-4.2
441,-1,-49,-4.33
442,-1,-39,-3.54
443,-1,-20,-3.16
444,-1,-49,-3.35
445,-1,-39,-3.73
446,-1,-49,-3.55
447,-1,-36,-4.28
448,-1,-30,-3.86
449,-1,-46,-4.04
450,-1,-50,-3.33
451,-1,-28,-3.2
452,-1,-34,-3.71
453,-1,-48,-3.51
454,-1,-32,-3.64
455,-1,-51,-3.95
456,-1,-36,-3.68
457,-1,-38,-3.29
458,-1,-35,-3.53
459,-1,-29,-3.32
460,-1,-29,-3.43
461,-1,-35,-3.65
462,-1,-37,-4.05
463,-1,-46,-3.59
464,-1,-29,-3.42
465,-1,-46,-3.73
466,-1,-47,-3.74
467,-1,-42,-4.05
468,-1,-47,-3.69
469,-1,-33,-4.71
470,-1,-47,-3.37
471,-1,-37,-3.41
472,-1,-47,-3.64
473,-1,-33,-3.25
474,-1,-47,-3.94
475,-1,-43,-3.83
476,0,-39,-3.22
1,-28,-151,-85.23
2,-22,-133,-66.7
3,-20,-107,-55.6
4,-20,-98,-50.9
5,-17,-81,-44.66
6,-17,-78,-38.96
7,-17,-68,-36.63
8,-13,-94,-35.74
9,-13,-61,-33.05
10,-13,-49,-31.23
11,-13,-60,-26.19
12,-13,-55,-25.1
13,-13,-62,-23.24
14,-13,-49,-22.94
15,-13,-54,-22.86
16,-11,-51,-22
17,-11,-54,-20.77
18,-11,-55,-21.14
19,-11,-66,-21.03
20,-11,-36,-19.83
21,-11,-60,-20.14
22,-11,-56,-20.57
23,-11,-47,-19.92
24,-4,-44,-19.25
25,-4,-51,-18.83
26,-4,-51,-18.85
27,-4,-40,-18.09
28,-4,-42,-18.2
29,-4,-42,-17.39
30,-4,-42,-17.06
31,-4,-61,-16.79
32,-4,-50,-15.65
33,-4,-47,-15.51
34,-4,-48,-14.97
35,-4,-37,-13.57
36,-4,-49,-12.57
37,-4,-36,-11.65
38,-4,-51,-11.04
39,-4,-52,-11.05
40,-4,-27,-9.34
41,-4,-53,-8.57
42,-4,-35,-7.98
43,-4,-38,-7.94
44,-4,-51,-7.84
45,-4,-37,-7.22
46,-3,-40,-7.34
47,-3,-43,-7.11
48,-3,-35,-7.28
49,-3,-21,-6.81
50,-3,-16,-6.06
51,-3,-44,-6.22
52,-3,-51,-6.92
53,-3,-48,-6.85
54,-3,-52,-7.13
55,-3,-42,-7.12
56,-3,-38,-7.13
57,-3,-53,-7.41
58,-3,-43,-7.09
59,-3,-34,-6.35
60,-3,-30,-6.32
61,-3,-16,-5.71
62,-2,-40,-6.53
63,-2,-41,-6.27
64,-2,-36,-5.98
65,-2,-47,-6.18
66,-2,-34,-5.84
67,-2,-46,-5.88
68,-2,-28,-5.73
69,-2,-47,-6.29
70,-2,-50,-6.43
71,-2,-37,-5.48
72,-2,-40,-5.67
73,-2,-40,-5.67
74,-2,-49,-5.85
75,-2,-39,-6.46
76,-2,-49,-6.23
77,-2,-41,-5.4
78,-2,-33,-5.86
79,-2,-49,-5.9
80,-2,-38,-5.71
81,-2,-38,-6.08
82,-2,-32,-5.92
83,-2,-44,-6.26
84,-2,-40,-5.41
85,-2,-43,-5.91
86,-2,-38,-5.61
87,-2,-33,-5.48
88,-2,-49,-5.79
89,-2,-52,-5.97
90,-2,-47,-6.24
91,-2,-50,-6.12
92,-2,-31,-5.94
93,-2,-29,-5.63
94,-2,-43,-5.83
95,-2,-41,-5.95
96,-2,-35,-6.23
97,-2,-44,-5.88
98,-2,-37,-5.88
99,-2,-35,-5.96
100,-2,-36,-5.02
101,-2,-19,-4.93
102,-2,-47,-5.64
103,-2,-45,-5.27
104,-2,-52,-5.51
105,-2,-40,-5.66
106,-2,-43,-6.06
107,-2,-32,-5.2
108,-2,-37,-5.51
109,-2,-43,-5.59
110,-2,-47,-6.33
111,-2,-48,-6.31
112,-2,-39,-5.21
113,-2,-17,-4.9
114,-2,-37,-4.79
115,-2,-45,-5.71
116,-1,-46,-5.65
117,-1,-48,-5.51
118,-1,-35,-5.31
119,-1,-45,-6.06
120,-1,-48,-5.44
121,-2,-46,-5.97
122,-2,-49,-6.02
123,-1,-48,-5.84
124,-1,-34,-5.76
125,-1,-36,-5.36
126,-1,-26,-5.15
127,-1,-40,-5.37
128,-1,-39,-5.36
129,-1,-37,-4.96
130,-1,-41,-4.7
131,-1,-43,-4.97
132,-1,-31,-5.2
133,-1,-37,-4.37
134,-1,-29,-4.43
135,-1,-38,-4.8
136,-1,-41,-4.48
137,-1,-37,-4.6
138,-1,-43,-4.71
139,-1,-44,-4.72
140,-1,-40,-4.99
141,-1,-46,-4.69
142,-1,-18,-4.47
143,-1,-20,-3.82
144,-1,-49,-4.66
145,-1,-39,-4.1
146,-1,-44,-4.04
147,-1,-51,-4.34
148,-1,-46,-4.84
149,-1,-42,-4.83
150,-1,-49,-4.78
151,-1,-42,-4.31
152,-1,-44,-4.67
153,-1,-45,-4.6
154,-1,-44,-5.02
155,-1,-44,-4.82
156,-1,-41,-4.96
157,-1,-40,-5
158,-1,-36,-4.86
159,-1,-38,-4.35
160,-1,-31,-4.13
161,-1,-40,-4.53
162,-1,-44,-4.62
163,-1,-37,-4.15
164,-1,-33,-3.87
165,-1,-48,-4.19
166,-1,-47,-4.29
167,-1,-49,-4.21
168,-1,-40,-3.91
169,-1,-20,-3.49
170,-1,-39,-4.28
171,-1,-45,-4.36
172,-1,-44,-4.71
173,-1,-49,-4.21
174,-1,-31,-3.63
175,-1,-40,-3.8
176,-1,-39,-3.71
177,-1,-30,-3.88
178,-1,-41,-4.1
179,-1,-39,-4.17
180,-1,-41,-4.4
181,-1,-48,-3.9
182,-1,-39,-3.93
183,-1,-51,-3.73
184,-1,-45,-4.18
185,-1,-49,-4.22
186,-1,-54,-4.83
187,-1,-52,-5.75
188,-1,-42,-4.56
189,-1,-41,-4.34
190,-1,-31,-3.65
191,-1,-25,-3.19
192,-1,-42,-3.83
193,-1,-27,-3.37
194,-1,-30,-3.59
195,-1,-37,-4.34
196,-1,-39,-4.35
197,-1,-25,-3.01
198,-1,-24,-2.97
199,-1,-23,-2.97
200,-1,-36,-3.34
201,-1,-45,-3.78
202,-1,-26,-2.75
203,-1,-35,-3.03
204,-1,-45,-3.8
205,-1,-47,-3.34
206,-1,-39,-3.24
207,-1,-45,-3.3
208,-1,-38,-3.28
209,-1,-33,-3.22
210,-1,-46,-3
211,-1,-51,-3.19
212,-1,-30,-2.94
213,-1,-28,-2.92
214,-1,-45,-3.16
215,-1,-45,-3.52
216,-1,-35,-3.54
217,-1,-36,-3.65
218,-1,-13,-2.62
219,-1,-21,-2.58
220,-1,-26,-2.53
221,-1,-43,-3.02
222,-1,-33,-3.23
223,-1,-26,-2.73
224,-1,-30,-2.72
225,-1,-44,-3.61
226,-1,-34,-3.8
227,-1,-40,-3.39
228,-1,-47,-3.36
229,-1,-42,-3.89
230,-1,-42,-3.42
231,-1,-48,-3.45
232,-1,-42,-3.51
233,-1,-41,-3.45
234,-1,-43,-3.55
235,-1,-43,-3.15
236,-1,-35,-3.24
237,-1,-21,-2.83
238,-1,-54,-3.57
239,-1,-37,-3.54
240,-1,-37,-3.83
241,-1,-45,-4.42
242,-1,-36,-3.58
243,-1,-30,-2.95
244,-1,-42,-3.24
245,-1,-40,-3.99
246,-1,-43,-3.2
247,-1,-48,-3.16
248,-1,-34,-3.09
249,-1,-40,-3.68
250,-1,-33,-2.79
251,-1,-31,-2.67
252,-1,-34,-2.92
253,-1,-38,-3.09
254,-1,-44,-3.54
255,-1,-39,-3.23
256,-1,-43,-3.4
257,-1,-42,-3.65
258,-1,-39,-2.75
259,-1,-32,-2.98
260,-1,-45,-3.07
261,-1,-48,-2.93
262,-1,-32,-2.65
263,-1,-30,-2.85
264,-1,-31,-3.5
265,-1,-45,-3.37
266,-1,-39,-3.1
267,-1,-22,-2.94
268,-1,-34,-2.49
269,-1,-56,-2.83
270,-1,-33,-2.8
271,-1,-24,-2.31
272,-1,-38,-2.86
273,-1,-29,-2.42
274,-1,-47,-2.82
275,-1,-38,-2.76
276,-1,-54,-3.46
277,-1,-49,-2.94
278,-1,-31,-2.7
279,-1,-36,-2.51
280,-1,-48,-2.66
281,-1,-44,-3.13
282,-1,-30,-2.73
283,-1,-53,-3.54
284,-1,-51,-4.23
285,-1,-29,-2.93
286,-1,-38,-2.69
287,-1,-39,-3.27
288,-1,-66,-4.25
289,-1,-41,-3.53
290,-1,-30,-3.14
291,-1,-40,-3.4
292,-1,-34,-2.98
293,-1,-47,-3.71
294,-1,-49,-3.44
295,-1,-34,-3.22
296,-1,-27,-3.01
297,-1,-45,-3.31
298,-1,-37,-2.95
299,-1,-44,-3.53
300,-1,-39,-2.86
301,-1,-48,-2.78
302,-1,-30,-2.56
303,-1,-27,-2.68
304,-1,-23,-2.66
305,-1,-33,-2.76
306,-1,-47,-3.07
307,-1,-33,-3.47
308,-1,-37,-2.8
309,-1,-31,-2.71
310,-1,-32,-2.54
311,-1,-42,-2.35
312,-1,-22,-2.32
313,-1,-41,-3.01
314,-1,-38,-2.67
315,-1,-32,-2.14
316,-1,-39,-2.7
317,-1,-51,-2.7
318,-1,-44,-2.98
319,-1,-41,-2.73
320,-1,-47,-2.99
321,-1,-38,-2.96
322,-1,-30,-2.96
323,-1,-46,-3.5
324,-1,-42,-3.96
325,-1,-33,-3.32
326,-1,-43,-3.37
327,-1,-37,-3.71
328,-1,-33,-2.46
329,-1,-31,-2.84
330,-1,-17,-2.24
331,-1,-39,-2.85
332,-1,-18,-2.53
333,-1,-35,-2.63
334,-1,-42,-3.55
335,-1,-40,-2.74
336,-1,-43,-3.35
337,-1,-43,-3.71
338,-1,-42,-3.42
339,-1,-49,-3.98
340,-1,-42,-3.84
341,-1,-30,-2.99
342,-1,-41,-3.31
343,-1,-46,-3.79
344,-1,-50,-3.78
345,-1,-32,-3.54
346,-1,-23,-2.7
347,-1,-24,-2.4
348,-1,-42,-3.18
349,-1,-41,-2.58
350,-1,-41,-2.93
351,-1,-31,-2.98
352,-1,-27,-2.58
353,-1,-44,-2.51
354,-1,-30,-2.36
355,-1,-31,-2.4
356,-1,-31,-2.74
357,-1,-36,-3.4
358,-1,-40,-2.85
359,-1,-45,-3.11
360,-1,-32,-2.39
361,-1,-50,-3.17
362,-1,-34,-2.45
363,-1,-42,-2.86
364,-1,-40,-2.62
365,-1,-40,-2.5
366,-1,-45,-2.69
367,-1,-32,-2.85
368,-1,-41,-3.02
369,-1,-37,-3.03
370,-1,-36,-2.54
371,-1,-36,-2.18
372,-1,-43,-2.38
373,-1,-32,-2.56
374,-1,-41,-2.52
375,-1,-42,-2.53
376,-1,-28,-2.36
377,-1,-40,-2.84
378,-1,-34,-2.61
379,-1,-36,-3.46
380,-1,-46,-3.93
381,-1,-48,-3
382,-1,-35,-3.32
383,-1,-38,-3.23
384,-1,-28,-2.46
385,-1,-23,-2.19
386,-1,-14,-1.71
387,-1,-43,-2.1
388,-1,-41,-2.22
389,-1,-26,-2.43
390,-1,-15,-2.22
391,-1,-30,-2.59
392,-1,-41,-3.3
393,-1,-34,-2.43
394,-1,-32,-2.18
395,-1,-42,-2.59
396,-1,-34,-2.56
397,-1,-43,-2.76
398,-1,-44,-2.34
399,-1,-28,-2.25
400,-1,-26,-2.33
401,-1,-35,-2.36
402,-1,-28,-2.26
403,-1,-39,-2.39
404,-1,-35,-2.22
405,-1,-41,-2.96
406,-1,-29,-2.67
407,0,-24,-2.02
1,-40,-170,-88.6
2,-31,-138,-76.45
3,-31,-141,-68.98
4,-16,-118,-62.92
5,-16,-107,-53.88
6,-16,-91,-48.61
7,-16,-95,-46.19
8,-16,-73,-38.78
9,-14,-66,-33.59
10,-11,-69,-32.18
11,-11,-61,-29.72
12,-11,-67,-26.16
13,-11,-65,-25.22
14,-11,-54,-23.59
15,-11,-51,-22.38
16,-11,-63,-22.52
17,-11,-66,-22.12
18,-11,-60,-21.81
19,-11,-61,-22.27
20,-11,-44,-20.64
21,-11,-50,-19.93
22,-11,-54,-18.3
23,-11,-56,-18.66
24,-11,-59,-17.62
25,-11,-48,-17.37
26,-11,-52,-16.65
27,-11,-49,-16.25
28,-11,-53,-15.73
29,-11,-56,-15.86
30,-11,-59,-15.36
31,-10,-51,-13.6
32,-10,-28,-13.43
33,-10,-46,-14.19
34,-11,-45,-13.77
35,-11,-44,-13.48
36,-11,-55,-13.37
37,-11,-40,-13.15
38,-5,-59,-13.36
39,-5,-31,-12.83
40,-5,-43,-12.45
41,-5,-56,-13.4
42,-5,-49,-13.79
43,-5,-49,-13.23
44,-5,-49,-13.35
45,-5,-48,-14.41
46,-5,-45,-12.99
47,-5,-47,-12.94
48,-5,-42,-12.8
49,-5,-54,-13.37
50,-5,-57,-13.16
51,-5,-55,-13.63
52,-5,-51,-14.07
53,-5,-48,-13.14
54,-5,-59,-12.81
55,-5,-45,-12.94
56,-5,-44,-12.92
57,-5,-71,-12.86
58,-5,-38,-12.12
59,-5,-32,-12.04
60,-5,-46,-12.66
61,-5,-39,-11.76
62,-5,-48,-11.82
63,-5,-47,-12.33
64,-5,-39,-11.77
65,-5,-37,-12.11
66,-5,-54,-12.25
67,-5,-54,-12.53
68,-5,-51,-13.43
69,-5,-52,-12.87
70,-5,-48,-11.98
71,-5,-50,-11.95
72,-5,-45,-11.61
73,-5,-50,-12.06
74,-5,-56,-11.99
75,-5,-38,-11.68
76,-5,-42,-11.35
77,-5,-51,-11.74
78,-5,-38,-11.63
79,-5,-54,-11.73
80,-5,-59,-11.98
81,-5,-75,-12.21
82,-5,-39,-11.73
83,-5,-56,-11.71
84,-5,-48,-12.16
85,-5,-48,-11.67
86,-5,-51,-11.8
87,-5,-45,-10.81
88,-5,-46,-10.94
89,-5,-44,-11.46
90,-5,-51,-11.64
91,-5,-43,-11.22
92,-5,-39,-10.66
93,-5,-45,-10.96
94,-5,-38,-10.9
95,-5,-38,-10.31
96,-5,-40,-10.4
97,-5,-37,-10.34
98,-5,-46,-10.38
99,-5,-48,-10.32
100,-5,-35,-9.86
101,-5,-32,-9.37
102,-5,-38,-8.83
103,-5,-35,-8.58
104,-5,-26,-8.41
105,-5,-53,-8.53
106,-5,-36,-7.94
107,-5,-46,-8.43
108,-5,-42,-7.66
109,-5,-31,-7.38
110,-5,-46,-8.03
111,-5,-42,-8.18
112,-5,-33,-7.09
113,-5,-47,-7.33
114,-5,-46,-7.5
115,-5,-48,-7.31
116,-4,-25,-6.8
117,-4,-28,-6.4
118,-4,-51,-7.11
119,-4,-34,-6.84
120,-4,-22,-6.17
121,-4,-47,-6.92
122,-4,-49,-6.82
123,-4,-38,-6.38
124,-4,-37,-6.58
125,-4,-22,-6.14
126,-4,-49,-6.93
127,-4,-39,-6.71
128,-4,-27,-6.5
129,-4,-39,-6.55
130,-4,-41,-6.12
131,-4,-50,-7.21
132,-4,-44,-7.3
133,-4,-45,-7.2
134,-4,-48,-7.3
135,-4,-23,-6.24
136,-4,-34,-6.14
137,-4,-53,-6.51
138,-4,-40,-6.17
139,-4,-45,-6.07
140,-4,-22,-6.3
141,-4,-47,-5.95
142,-4,-45,-6.46
143,-4,-45,-6.09
144,-4,-49,-6.44
145,-4,-47,-6.8
146,-4,-47,-7.5
147,-4,-49,-7.22
148,-4,-27,-6.6
149,-4,-36,-6.52
150,-4,-55,-7.21
151,-4,-48,-7.32
152,-4,-29,-6.86
153,-4,-49,-6.65
154,-4,-42,-6.21
155,-4,-52,-7.01
156,-4,-20,-5.82
157,-4,-51,-6.54
158,-4,-28,-6.28
159,-4,-45,-6.11
160,-4,-52,-6.76
161,-4,-30,-6.09
162,-4,-25,-5.79
163,-4,-53,-6.55
164,-4,-47,-6.59
165,-4,-24,-5.78
166,-4,-47,-5.94
167,-4,-39,-5.99
168,-4,-42,-6.2
169,-4,-42,-6.07
170,-4,-35,-5.73
171,-4,-16,-5.52
172,-4,-50,-5.79
173,-4,-52,-5.82
174,-4,-38,-5.99
175,-4,-23,-5.69
176,-4,-44,-6.63
177,-4,-54,-6.16
178,-4,-47,-6.01
179,-4,-53,-7.14
180,-4,-42,-6.34
181,-4,-41,-6.64
182,-3,-48,-6.53
183,-3,-51,-6.98
184,-3,-35,-6.59
185,-3,-46,-6.56
186,-3,-37,-6.65
187,-3,-34,-5.67
188,-3,-26,-5.48
189,-3,-45,-6.08
190,-3,-50,-6.42
191,-3,-33,-5.84
192,-3,-24,-5.42
193,-3,-45,-5.23
194,-3,-28,-5.26
195,-3,-19,-4.81
196,-3,-14,-4.69
197,-3,-46,-5.16
198,-3,-52,-5.79
199,-3,-52,-5.82
200,-3,-49,-6.15
201,-3,-38,-5.62
202,-3,-44,-5.34
203,-3,-46,-5.85
204,-3,-72,-6.83
205,-3,-38,-6.61
206,-3,-50,-5.85
207,-3,-43,-6.25
208,-3,-53,-6.27
209,-3,-44,-6.59
210,-3,-42,-6.23
211,-3,-31,-5.2
212,-3,-43,-5.82
213,-3,-45,-5.95
214,-3,-36,-5.52
215,-3,-43,-5.27
216,-3,-42,-5.87
217,-3,-46,-5.46
218,-3,-50,-5.9
219,-3,-40,-5.95
220,-3,-21,-5.22
221,-3,-38,-5.15
222,-3,-50,-5.67
223,-3,-47,-5.56
224,-3,-32,-5.7
225,-3,-42,-5.94
226,-3,-49,-5.65
227,-3,-50,-6.39
228,-3,-35,-5.75
229,-3,-44,-5.77
230,-3,-41,-6.24
231,-3,-34,-5.11
232,-3,-45,-5.55
233,-3,-44,-6.71
234,-3,-37,-5.84
235,-3,-34,-5.65
236,-3,-17,-4.96
237,-3,-45,-5.8
238,-3,-45,-5.35
239,-3,-44,-5.93
240,-3,-33,-5.22
241,-3,-51,-5.62
242,-3,-36,-5.39
243,-3,-46,-5.34
244,-3,-43,-5.79
245,-3,-45,-5.62
246,-3,-25,-4.57
247,-3,-32,-4.67
248,-3,-35,-5.11
249,-3,-52,-5.18
250,-3,-48,-5.09
251,-3,-28,-5.11
252,-3,-36,-5.32
253,-3,-46,-5.73
254,-3,-47,-6.41
255,-3,-48,-5.62
256,-3,-50,-5.51
257,-3,-40,-5.47
258,-2,-25,-5.08
259,-2,-25,-4.52
260,-2,-33,-4.57
261,-2,-52,-5.24
262,-2,-29,-4.91
263,-3,-31,-5.08
264,-3,-40,-5.42
265,-3,-49,-5.98
266,-2,-40,-5.58
267,-2,-43,-5.53
268,-2,-47,-4.59
269,-2,-32,-4.67
270,-2,-48,-5.54
271,-2,-33,-5.3
272,-2,-31,-5.01
273,-2,-43,-5.07
274,-2,-46,-5.69
275,-2,-51,-5.14
276,-2,-37,-4.69
277,-2,-54,-5.24
278,-2,-33,-5.71
279,-2,-49,-5.54
280,-2,-29,-5.16
281,-2,-40,-4.82
282,-2,-47,-5.43
283,-2,-27,-5.22
284,-2,-45,-5.47
285,-2,-47,-5.58
286,-2,-31,-4.95
287,-2,-46,-5.15
288,-2,-41,-5.45
289,-2,-18,-4.89
290,-2,-25,-4.54
291,-2,-39,-5.42
292,-2,-46,-5.33
293,-2,-46,-5.19
294,-2,-36,-5.38
295,-2,-42,-5.37
296,-2,-30,-5.14
297,-2,-43,-4.89
298,-2,-41,-5.44
299,-2,-50,-5.49
300,-2,-24,-4.83
301,-2,-23,-5.05
302,-2,-39,-4.59
303,-2,-47,-5.1
304,-2,-41,-4.52
305,-2,-46,-4.55
306,-2,-28,-4.5
307,-2,-16,-4.22
308,-2,-37,-4.57
309,-2,-35,-4.74
310,-2,-42,-4.84
311,-2,-44,-5.41
312,-2,-70,-5.5
313,-2,-45,-5.01
314,-2,-41,-4.9
315,-2,-21,-4.62
316,-2,-42,-5.23
317,-2,-29,-4.61
318,-2,-45,-5.06
319,-2,-29,-4.25
320,-2,-23,-4.25
321,-2,-42,-4.42
322,-2,-44,-4.96
323,-2,-60,-5.28
324,-2,-40,-5.47
325,-2,-38,-4.93
326,-2,-22,-4.56
327,-2,-35,-4.98
328,-2,-33,-5.07
329,-2,-40,-4.7
330,-2,-48,-4.85
331,-2,-32,-4.6
332,-2,-35,-4.46
333,-2,-48,-4.99
334,-2,-16,-4.13
335,-2,-44,-4.69
336,-2,-29,-4.34
337,-2,-43,-5.02
338,-2,-42,-4.53
339,-2,-43,-4.75
340,-2,-37,-4.42
341,-2,-40,-5.08
342,-2,-46,-5.18
343,-2,-44,-5.78
344,-2,-42,-5.64
345,-2,-36,-5.11
346,-2,-44,-5.27
347,-2,-37,-5.26
348,-2,-26,-4.92
349,-2,-49,-4.85
350,-2,-37,-4.61
351,-2,-41,-4.81
352,-2,-47,-4.26
353,-2,-34,-4.77
354,-2,-45,-5.14
355,-2,-32,-4.62
356,-2,-35,-4.5
357,-2,-28,-4.5
358,-2,-44,-4.37
359,-2,-37,-4.9
360,-2,-45,-4.48
361,-2,-46,-4.92
362,-2,-50,-4.94
363,-2,-36,-4.19
364,-2,-35,-4.16
365,-2,-45,-4.65
366,-2,-59,-5.02
367,-2,-33,-4.44
368,-2,-36,-4.38
369,-2,-29,-4.25
370,-2,-39,-4.54
371,-2,-46,-4.5
372,-2,-40,-4.75
373,-2,-52,-4.94
374,-1,-51,-5.11
375,-1,-45,-4.69
376,-1,-46,-4.3
377,-1,-37,-4.17
378,-2,-31,-4.09
379,-2,-38,-4
380,-2,-42,-4.44
381,-2,-21,-3.79
382,-2,-47,-4.43
383,-2,-35,-4.41
384,-2,-50,-4.57
385,-2,-41,-5.06
386,-1,-41,-4.32
387,-1,-39,-3.8
388,-1,-51,-4.49
389,-1,-29,-3.44
390,-1,-47,-3.93
391,-1,-34,-3.98
392,-1,-43,-4.07
393,-1,-42,-4.89
394,-1,-29,-4.21
395,-1,-38,-4.03
396,-1,-38,-3.86
397,-1,-13,-3.51
398,-1,-39,-4.06
399,-1,-47,-4.19
400,-1,-41,-3.73
401,-1,-53,-4.62
402,-1,-51,-4.41
403,-1,-48,-4.96
404,-1,-46,-4.88
405,-1,-40,-4.48
406,-1,-39,-3.77
407,-1,-49,-4.31
408,-1,-52,-4.42
409,-1,-46,-3.87
410,-1,-43,-4.17
411,-1,-46,-4.28
412,-1,-44,-3.83
413,-1,-40,-3.71
414,-1,-47,-4.07
415,-1,-27,-3.29
416,-1,-45,-3.81
417,-1,-34,-3.8
418,-1,-40,-4.21
419,-1,-46,-4.13
420,-1,-26,-3.16
421,-1,-35,-3.53
422,-1,-23,-2.86
423,-1,-32,-3.1
424,-1,-31,-3.44
425,-1,-41,-3.32
426,-1,-31,-3.16
427,-1,-16,-3.07
428,-1,-43,-3.66
429,-1,-46,-4.18
430,-1,-29,-4.03
431,-1,-24,-3.19
432,-1,-42,-3.59
433,-1,-48,-3.82
434,-1,-40,-3.99
435,-1,-34,-3.15
436,-1,-20,-2.88
437,-1,-44,-3.4
438,-1,-13,-2.74
439,-1,-40,-3.54
440,-1,-16,-2.88
441,-1,-45,-3.38
442,-1,-34,-3.45
443,-1,-38,-3.16
444,-1,-35,-3.22
445,-1,-39,-3.53
446,-1,-26,-3.21
447,-1,-31,-3.43
448,-1,-25,-2.89
449,-1,-24,-2.99
450,-1,-42,-3.38
451,-1,-32,-3.56
452,-1,-45,-3.86
453,-1,-46,-3.47
454,-1,-51,-3.73
455,-1,-36,-3.39
456,-1,-44,-3.59
457,-1,-47,-3.48
458,-1,-43,-3.18
459,-1,-46,-3.57
460,-1,-42,-3.73
461,-1,-45,-3.6
462,-1,-27,-2.98
463,-1,-42,-3.65
464,-1,-37,-3.81
465,-1,-43,-3.8
466,-1,-47,-4.35
467,-1,-28,-3.18
468,-1,-24,-3.22
469,-1,-42,-3.27
470,-1,-47,-4.03
471,-1,-35,-3.26
472,-1,-30,-3.73
473,-1,-46,-4
474,-1,-41,-4.03
475,-1,-52,-3.8
476,-1,-27,-2.92
477,-1,-28,-2.94
478,-1,-46,-4.32
479,-1,-34,-3.62
480,-1,-48,-3.87
481,-1,-44,-3.52
482,-1,-46,-3.32
483,-1,-22,-2.99
484,-1,-36,-3.31
485,-1,-37,-3.61
486,-1,-34,-3.4
487,-1,-40,-3.71
488,-1,-43,-3.47
489,-1,-48,-3.91
490,-1,-42,-4.16
491,-1,-47,-3.68
492,-1,-27,-2.69
493,-1,-39,-3.34
494,-1,-18,-3.02
495,-1,-33,-3.12
496,-1,-43,-3.24
497,-1,-29,-2.93
498,-1,-41,-2.98
499,-1,-46,-4.42
500,-1,-41,-3.56
501,-1,-39,-2.97
502,-1,-48,-3.46
503,-1,-44,-3.54
504,-1,-38,-3.06
505,-1,-42,-3.11
506,-1,-33,-2.98
507,-1,-44,-3.47
508,-1,-40,-3.86
509,-1,-48,-3.63
510,-1,-48,-3.26
511,-1,-21,-2.98
512,-1,-33,-3.3
513,-1,-35,-2.88
514,-1,-45,-3.47
515,-1,-44,-3.13
516,-1,-42,-3.49
517,-1,-38,-2.78
518,-1,-33,-3.19
519,-1,-30,-2.98
520,-1,-41,-3.28
521,-1,-39,-3.03
522,-1,-20,-2.31
523,-1,-45,-3.08
524,-1,-41,-3.02
525,-1,-35,-2.86
526,-1,-36,-2.99
527,-1,-39,-2.95
528,-1,-30,-2.65
529,-1,-33,-3.12
530,-1,-27,-2.75
531,-1,-29,-3.08
532,-1,-35,-3.1
533,-1,-42,-3.04
534,-1,-37,-2.4
535,-1,-42,-2.47
536,-1,-37,-2.75
537,-1,-27,-2.99
538,-1,-42,-3.17
539,-1,-35,-3.06
540,-1,-42,-2.63
541,-1,-37,-2.81
542,-1,-51,-3.56
543,-1,-50,-3.71
544,-1,-30,-2.66
545,-1,-37,-2.93
546,-1,-49,-2.97
547,-1,-48,-2.9
548,-1,-36,-3.22
549,-1,-38,-3.1
550,-1,-42,-3.26
551,-1,-41,-2.77
552,-1,-34,-2.8
553,-1,-44,-3.42
554,-1,-40,-2.98
555,-1,-33,-2.59
556,-1,-44,-2.79
557,-1,-35,-2.7
558,-1,-40,-3.05
559,-1,-34,-3.12
560,-1,-41,-3.33
561,-1,-42,-3.54
562,-1,-46,-3.16
563,-1,-17,-2.57
564,-1,-41,-2.97
565,-1,-34,-2.64
566,-1,-48,-3.53
567,-1,-39,-3.44
568,-1,-36,-2.62
569,-1,-28,-2.38
570,-1,-37,-2.3
571,-1,-43,-2.82
572,-1,-40,-3.22
573,-1,-50,-3.4
574,-1,-54,-3.51
575,-1,-44,-3.38
576,-1,-30,-2.92
577,-1,-43,-3.17
578,-1,-42,-2.55
579,-1,-33,-2.51
580,-1,-37,-2.54
581,-1,-41,-2.89
582,-1,-48,-2.69
583,-1,-47,-3.33
584,-1,-39,-3.53
585,-1,-39,-2.9
586,-1,-35,-2.32
587,-1,-47,-3.18
588,-1,-43,-2.95
589,-1,-29,-2.45
590,-1,-33,-2.39
591,-1,-45,-2.84
592,-1,-47,-3.24
593,-1,-31,-2.81
594,-1,-42,-3.49
595,-1,-41,-2.58
596,-1,-48,-3.2
597,-1,-44,-3.02
598,-1,-38,-3.68
599,-1,-47,-3.04
600,-1,-36,-2.89
601,-1,-47,-2.64
602,-1,-25,-2.64
603,-1,-50,-2.99
604,0,-24,-2.41
1,-28,-131,-79.89
2,-22,-127,-67.99
3,-11,-119,-60.86
4,-11,-99,-53.1
5,-11,-90,-46.03
6,-11,-76,-42.72
7,-11,-97,-38
8,-11,-75,-33.56
9,-11,-69,-28.62
10,-11,-50,-24.93
11,-11,-54,-22.91
12,-9,-70,-22.12
13,-9,-54,-21.45
14,-9,-66,-20.95
15,-9,-50,-18.7
16,-9,-55,-17.84
17,-8,-65,-16.46
18,-8,-57,-15.46
19,-8,-35,-14.01
20,-8,-33,-13.5
21,-8,-53,-13.18
22,-8,-45,-13.1
23,-8,-47,-13.48
24,-8,-54,-13.52
25,-8,-58,-13.45
26,-8,-52,-13.37
27,-8,-67,-13.28
28,-8,-39,-12.12
29,-8,-48,-12.23
30,-8,-33,-11.59
31,-8,-44,-12.03
32,-8,-51,-12.12
33,-5,-42,-12.06
34,-5,-53,-11.27
35,-5,-45,-11.42
36,-5,-52,-11.9
37,-5,-38,-12.12
38,-5,-55,-11.74
39,-5,-47,-11.51
40,-5,-47,-10.38
41,-5,-39,-11.13
42,-5,-56,-10.72
43,-5,-25,-9.88
44,-5,-53,-10.93
45,-5,-36,-10.24
46,-5,-47,-10.05
47,-5,-47,-10.04
48,-5,-46,-10.55
49,-5,-51,-10.14
50,-5,-22,-8.87
51,-5,-34,-8.67
52,-5,-36,-9.21
53,-5,-47,-9.65
54,-5,-49,-9.21
55,-5,-48,-9.04
56,-5,-42,-8.86
57,-5,-43,-8.85
58,-5,-42,-8.28
59,-5,-46,-8.42
60,-5,-41,-7.77
61,-5,-35,-7.37
62,-5,-39,-7.29
63,-5,-44,-7.72
64,-5,-41,-8.03
65,-4,-31,-7.03
66,-4,-41,-7.05
67,-4,-40,-7.26
68,-4,-47,-6.75
69,-4,-47,-7.18
70,-4,-36,-7.46
71,-4,-29,-7.13
72,-5,-26,-6.82
73,-5,-50,-6.79
74,-5,-45,-7.06
75,-5,-47,-7.69
76,-5,-49,-7.59
77,-5,-55,-7.34
78,-5,-38,-6.58
79,-5,-50,-6.97
80,-5,-43,-6.85
81,-5,-32,-6.12
82,-5,-41,-6.69
83,-4,-46,-7.24
84,-4,-33,-6.83
85,-4,-49,-6.96
86,-5,-40,-6.94
87,-5,-46,-7.34
88,-4,-44,-7.06
89,-4,-42,-6.8
90,-4,-52,-7.75
91,-4,-49,-7.67
92,-4,-42,-7.16
93,-4,-39,-6.6
94,-4,-48,-6.99
95,-4,-46,-6.66
96,-4,-32,-6.09
97,-4,-45,-6.69
98,-4,-29,-6.08
99,-4,-38,-6.34
100,-4,-44,-6.25
101,-4,-53,-7.14
102,-4,-49,-7.74
103,-4,-35,-6.8
104,-4,-47,-6.38
105,-4,-24,-5.89
106,-4,-33,-6
107,-4,-36,-6.1
108,-4,-50,-7.13
109,-4,-46,-6.7
110,-4,-41,-6.12
111,-3,-39,-6.46
112,-3,-46,-6.18
113,-3,-25,-6.2
114,-3,-35,-6.37
115,-3,-52,-6.75
116,-3,-38,-6.05
117,-3,-58,-6.97
118,-3,-45,-6.76
119,-3,-45,-6.78
120,-3,-36,-6.52
121,-3,-26,-6.32
122,-3,-35,-6.01
123,-3,-47,-6.45
124,-3,-46,-6.35
125,-3,-45,-6.55
126,-3,-55,-7.72
127,-3,-36,-6.31
128,-4,-50,-7.28
129,-4,-39,-7
130,-4,-45,-6.24
131,-4,-23,-5.77
132,-4,-37,-5.97
133,-4,-41,-6.96
134,-4,-38,-6.43
135,-4,-19,-6.06
136,-4,-48,-6.7
137,-4,-39,-5.96
138,-4,-30,-5.64
139,-4,-43,-6.43
140,-3,-50,-6.97
141,-3,-38,-6.61
142,-3,-43,-6.07
143,-3,-53,-6.7
144,-3,-43,-6.03
145,-3,-49,-6.12
146,-3,-42,-6.36
147,-3,-38,-5.45
148,-3,-41,-6
149,-3,-48,-5.78
150,-3,-43,-6.03
151,-3,-43,-6.27
152,-3,-43,-6.09
153,-3,-36,-6.56
154,-3,-41,-6.12
155,-3,-46,-6.36
156,-3,-49,-6.51
157,-3,-48,-6.41
158,-3,-49,-5.97
159,-3,-48,-6.03
160,-3,-43,-5.83
161,-3,-41,-5.34
162,-3,-24,-5.33
163,-3,-27,-5.64
164,-3,-37,-6.01
165,-3,-53,-5.7
166,-3,-37,-5.78
167,-3,-39,-6.18
168,-3,-32,-5.63
169,-3,-37,-5.63
170,-3,-46,-5.39
171,-3,-47,-6.33
172,-3,-41,-6.12
173,-3,-45,-6.5
174,-3,-37,-5.82
175,-3,-44,-5.99
176,-3,-37,-5.52
177,-3,-42,-5.78
178,-3,-46,-5.67
179,-3,-28,-5.32
180,-3,-49,-5.97
181,-3,-37,-5.9
182,-3,-46,-5.65
183,-3,-30,-5.57
184,-3,-40,-5.7
185,-3,-36,-5.28
186,-3,-46,-5.59
187,-3,-39,-5.12
188,-3,-40,-5.36
189,-3,-36,-5.44
190,-3,-48,-5.66
191,-3,-27,-4.91
192,-3,-28,-4.61
193,-3,-47,-5.01
194,-3,-51,-5.5
195,-3,-44,-5.79
196,-3,-47,-5.67
197,-3,-51,-5.36
198,-3,-27,-5.21
199,-3,-42,-5.48
200,-3,-45,-5.87
201,-3,-63,-5.22
202,-3,-36,-5.08
203,-3,-45,-5.85
204,-3,-47,-5.57
205,-2,-43,-5.7
206,-2,-30,-4.91
207,-2,-42,-5.19
208,-2,-37,-5.34
209,-2,-50,-6.02
210,-2,-56,-5.4
211,-2,-42,-4.6
212,-2,-49,-5.08
213,-2,-45,-4.96
214,-2,-35,-4.51
215,-2,-46,-4.88
216,-2,-44,-5.28
217,-2,-42,-4.7
218,-2,-48,-5.04
219,-2,-38,-4.79
220,-2,-48,-4.9
221,-2,-33,-4.3
222,-2,-27,-3.96
223,-2,-39,-4.38
224,-2,-37,-4.49
225,-2,-49,-5.16
226,-2,-44,-4.93
227,-2,-44,-4.59
228,-3,-38,-4.88
229,-3,-30,-4.47
230,-3,-51,-5.05
231,-3,-45,-5.65
232,-3,-47,-4.87
233,-3,-39,-4.83
234,-3,-39,-4.35
235,-3,-41,-4.81
236,-2,-32,-4.83
237,-2,-38,-4.78
238,-2,-50,-5.16
239,-2,-46,-5.86
240,-2,-40,-5.33
241,-2,-46,-5.41
242,-2,-51,-5.44
243,-2,-36,-5.53
244,-2,-23,-4.84
245,-2,-46,-4.59
246,-2,-34,-4.71
247,-3,-32,-4.53
248,-3,-35,-4.6
249,-3,-24,-4.09
250,-3,-35,-4.26
251,-3,-45,-4.48
252,-3,-48,-4.74
253,-3,-39,-4.63
254,-3,-44,-4.56
255,-3,-38,-4.39
256,-3,-54,-4.51
257,-3,-42,-4.11
258,-2,-46,-4.7
259,-2,-52,-4.37
260,-2,-46,-4.48
261,-2,-42,-4.33
262,-2,-37,-4.51
263,-2,-40,-4.93
264,-2,-54,-5.09
265,-2,-50,-4.93
266,-2,-28,-3.76
267,-2,-45,-4.6
268,-2,-24,-3.69
269,-2,-46,-4.67
270,-2,-44,-4.37
271,-2,-41,-4.82
272,-2,-34,-4.66
273,-2,-47,-5.63
274,-3,-44,-5.21
275,-3,-49,-5.4
276,-3,-39,-5.2
277,-3,-26,-4.81
278,-3,-51,-4.77
279,-3,-52,-5.22
280,-3,-37,-4.73
281,-3,-68,-4.75
282,-3,-36,-4.74
283,-3,-43,-5.13
284,-3,-34,-4.31
285,-3,-31,-4.18
286,-3,-29,-4.47
287,-3,-43,-4.51
288,-3,-48,-4.47
289,-3,-41,-5.05
290,-3,-39,-4.49
291,-3,-44,-4.62
292,-3,-45,-4.64
293,-3,-37,-5.14
294,-3,-37,-4.92
295,-3,-34,-4.38
296,-3,-44,-4.01
297,-3,-43,-4.66
298,-3,-40,-4.79
299,-3,-44,-4.65
300,-3,-42,-5.21
301,-3,-47,-4.47
302,-3,-50,-5.44
303,-3,-46,-5.66
304,-3,-42,-4.34
305,-3,-45,-5.16
306,-3,-47,-5.37
307,-3,-44,-5.22
308,-3,-40,-4.39
309,-3,-40,-4.77
310,-3,-40,-4.43
311,-3,-49,-4.95
312,-3,-40,-5.12
313,-3,-39,-4.91
314,-3,-46,-5.75
315,-3,-39,-5.79
316,-3,-28,-4.77
317,-3,-33,-4.35
318,-3,-36,-4.68
319,-3,-29,-4.66
320,-3,-49,-4.86
321,-3,-44,-4.97
322,-3,-43,-5
323,-3,-56,-5.15
324,-3,-37,-5.24
325,-3,-33,-5
326,-3,-48,-4.81
327,-3,-38,-4.73
328,-3,-33,-5.1
329,-3,-48,-4.96
330,-3,-27,-5.08
331,-3,-47,-5.39
332,-2,-43,-5.08
333,-2,-46,-5.23
334,-2,-49,-5.38
335,-2,-41,-4.86
336,-2,-45,-5.24
337,-2,-39,-5.16
338,-2,-46,-5.62
339,-2,-50,-5.65
340,-2,-41,-4.54
341,-2,-36,-4.61
342,-2,-34,-4.46
343,-2,-45,-4.79
344,-2,-42,-5.02
345,-2,-44,-5.5
346,-2,-41,-5.42
347,-2,-38,-5.12
348,-2,-40,-4.88
349,-2,-42,-4.54
350,-2,-46,-4.65
351,-2,-36,-4.27
352,-2,-47,-4.23
353,-2,-28,-3.71
354,-2,-36,-4.37
355,-2,-33,-4.44
356,-2,-38,-4.56
357,-2,-40,-4.82
358,-2,-34,-4.76
359,-2,-48,-4.71
360,-2,-44,-4.27
361,-2,-33,-4.42
362,-2,-50,-4.43
363,-2,-42,-4.84
364,-2,-32,-3.55
365,-2,-38,-3.79
366,-2,-47,-4.55
367,-2,-50,-5.73
368,-2,-31,-4.56
369,-2,-29,-4.1
370,-2,-34,-4.2
371,-2,-35,-4.29
372,-2,-34,-4.34
373,-2,-30,-4.14
374,-2,-46,-4.62
375,-2,-49,-4.29
376,-2,-44,-4.82
377,-2,-31,-4.76
378,-2,-51,-5.49
379,-2,-36,-4.9
380,-2,-47,-4.9
381,-2,-26,-4.61
382,-2,-25,-4.04
383,-2,-37,-4.36
384,-2,-43,-4.27
385,-2,-45,-4.62
386,-2,-31,-4.13
387,-2,-42,-4.32
388,-2,-39,-4.57
389,-2,-44,-4.17
390,-2,-31,-4.13
391,-2,-33,-4.46
392,-2,-48,-4.17
393,-2,-31,-4.31
394,-2,-44,-4.59
395,-2,-56,-4.7
396,-2,-41,-4.05
397,-2,-38,-4.33
398,-2,-64,-5.06
399,-2,-52,-5.38
400,-2,-45,-4.79
401,-2,-45,-4.71
402,-2,-41,-4.47
403,-2,-26,-4.16
404,-2,-26,-4.18
405,-2,-52,-4.56
406,-1,-52,-4.51
407,-1,-41,-4.79
408,-1,-46,-5.1
409,-1,-28,-4.27
410,-1,-49,-4.72
411,-1,-22,-3.74
412,-1,-44,-4.64
413,-1,-39,-4.46
414,-1,-31,-4.41
415,-2,-40,-4.15
416,-2,-50,-5.58
417,-2,-45,-5.54
418,-2,-44,-4.24
419,-2,-21,-3.67
420,-2,-14,-3.65
421,-2,-42,-3.93
422,-2,-36,-4.25
423,-2,-24,-3.57
424,-2,-52,-4.93
425,-2,-44,-5.1
426,-2,-42,-4.79
427,-2,-36,-4.82
428,-2,-46,-5.01
429,-2,-45,-4.69
430,-2,-35,-4.1
431,-2,-43,-4.16
432,-2,-28,-4.12
433,-2,-36,-4.38
434,-2,-31,-4.19
435,-2,-47,-4.84
436,-2,-45,-4.91
437,-2,-40,-4.7
438,-2,-38,-3.99
439,-2,-48,-4.02
440,-2,-41,-4.4
441,-2,-39,-4.71
442,-2,-43,-5.16
443,-1,-44,-4.88
444,-1,-38,-4.78
445,-1,-38,-4.01
446,-1,-35,-4.24
447,-1,-28,-4.11
448,-1,-45,-3.72
449,-1,-45,-3.81
450,-1,-24,-3.51
451,-1,-39,-3.95
452,-1,-36,-3.74
453,-1,-39,-3.7
454,-1,-37,-4.42
455,-1,-49,-5.28
456,-1,-40,-4.74
457,-1,-37,-4.52
458,-1,-48,-4.54
459,-1,-44,-4.68
460,-1,-29,-4.03
461,-1,-42,-4.26
462,-1,-31,-3.93
463,-1,-30,-3.29
464,-1,-39,-3.81
465,-1,-35,-3.82
466,-1,-37,-3.81
467,-1,-39,-3.82
468,-1,-41,-3.55
469,-1,-42,-3.65
470,-1,-31,-3.75
471,-1,-40,-4.01
472,-1,-46,-3.54
473,-1,-38,-3.36
474,-1,-46,-3.89
475,-1,-34,-3.62
476,-1,-41,-3.81
477,-1,-38,-3.89
478,-1,-28,-3.35
479,-1,-40,-4.12
480,-1,-25,-3.43
481,-1,-32,-3.26
482,-1,-45,-3.79
483,-1,-37,-3.78
484,-1,-43,-3.69
485,-1,-29,-3.18
486,-1,-42,-3.99
487,-1,-35,-3.59
488,-1,-34,-3.74
489,-1,-51,-3.95
490,-1,-38,-3.88
491,-1,-34,-3.51
492,-1,-48,-4.02
493,-1,-36,-3.02
494,-1,-39,-3.32
495,-1,-49,-3.87
496,-1,-43,-3.66
497,-1,-28,-3.78
498,-1,-44,-3.75
499,-1,-34,-3.34
500,-1,-49,-4.05
501,-1,-31,-3.4
502,-1,-40,-3.51
503,-1,-36,-3.35
504,-1,-42,-3.56
505,-1,-30,-3.13
506,-1,-33,-3.77
507,-1,-46,-3.69
508,-1,-37,-3.69
509,-1,-29,-3.68
510,-1,-38,-3.38
511,-1,-44,-3.98
512,-1,-24,-3.16
513,-1,-29,-2.65
514,-1,-46,-3.07
515,-1,-43,-2.86
516,-1,-44,-3.1
517,-1,-52,-3.63
518,-1,-32,-3.13
519,-1,-37,-3.39
520,-1,-28,-2.81
521,-1,-33,-2.65
522,-1,-44,-2.42
523,-1,-36,-2.72
524,-1,-28,-2.52
525,-1,-43,-2.45
526,-1,-46,-2.55
527,-1,-43,-3.23
528,-1,-43,-2.91
529,-1,-50,-3.87
530,-1,-36,-3.57
531,-1,-38,-3.53
532,-1,-51,-3.55
533,-1,-43,-3.55
534,-1,-33,-3.16
535,-1,-31,-2.41
536,-1,-45,-3.19
537,-1,-22,-2.38
538,-1,-39,-2.83
539,-1,-37,-2.93
540,-1,-31,-2.73
541,-1,-35,-2.91
542,-1,-48,-3.37
543,-1,-39,-2.7
544,-1,-45,-3.37
545,-1,-49,-3.8
546,-1,-46,-3.8
547,-1,-36,-3.52
548,-1,-25,-3.01
549,-1,-60,-3.26
550,-1,-52,-2.76
551,-1,-44,-2.94
552,-1,-37,-3.25
553,-1,-34,-2.47
554,-1,-30,-2.35
555,-1,-43,-2.94
556,-1,-44,-3.27
557,-1,-39,-3.52
558,-1,-27,-2.77
559,-1,-43,-3.73
560,-1,-48,-3.5
561,-1,-45,-3.4
562,-1,-35,-3.33
563,-1,-33,-3.13
564,0,-41,-3.63
