1,-71,-227,-149.59
2,-58,-168,-108
3,-58,-123,-74.27
4,-58,-71,-58.48
5,-58,-99,-58.65
6,-58,-94,-58.88
7,-58,-95,-59.05
8,-53,-92,-58.74
9,-53,-83,-58.51
10,-53,-71,-57.72
11,-48,-89,-57.49
12,-48,-90,-53.65
13,-48,-76,-50.22
14,-45,-83,-48.88
15,-45,-86,-48.89
16,-44,-89,-48.64
17,-41,-76,-47.36
18,-36,-72,-44.52
19,-36,-80,-41.84
20,-28,-76,-40.9
21,-26,-75,-37.48
22,-26,-54,-30.16
23,-26,-48,-27.74
24,-26,-67,-27.24
25,-26,-49,-26.4
26,-26,-58,-26.46
27,-26,-58,-26.59
28,-26,-59,-27.3
29,-26,-73,-27.21
30,-26,-65,-27.33
31,-25,-45,-26.43
32,-23,-53,-26.54
33,-22,-64,-26.3
34,-22,-53,-25.11
35,-22,-61,-23.99
36,-22,-52,-23.35
37,-22,-52,-22.83
38,-22,-55,-22.73
39,-21,-40,-22.37
40,-21,-52,-22.67
41,-21,-63,-23.19
42,-21,-62,-22.9
43,-17,-63,-21.94
44,-17,-60,-21.3
45,-17,-51,-20.17
46,-17,-58,-18.71
47,-17,-61,-18.34
48,-17,-59,-18.23
49,-17,-51,-18.29
50,-17,-57,-18.17
51,-17,-58,-18.34
52,-17,-30,-17.24
53,-17,-47,-17.71
54,-17,-51,-17.93
55,-17,-49,-17.79
56,-17,-51,-17.77
57,-17,-50,-17.69
58,-15,-48,-17.62
59,-15,-54,-17.75
60,-15,-47,-17.65
61,-15,-47,-17.18
62,-15,-43,-16.34
63,-15,-58,-15.62
64,-14,-65,-16.01
65,-14,-56,-15.77
66,-14,-40,-15.48
67,-12,-48,-15.14
68,-12,-44,-14.88
69,-12,-48,-15.05
70,-12,-54,-13.72
71,-12,-33,-12.43
72,-7,-39,-12.37
73,-4,-28,-11.9
74,-4,-61,-11.01
75,-4,-47,-7.68
76,-4,-41,-5.22
77,-3,-43,-4.72
78,-3,-29,-4.29
79,-3,-43,-4.87
80,-3,-35,-4.34
81,-3,-44,-3.89
82,-3,-42,-4.14
83,-3,-28,-3.62
84,-3,-22,-3.5
85,-3,-41,-4.28
86,-3,-45,-3.9
87,-3,-48,-3.94
88,-3,-40,-4.11
89,-3,-38,-4.09
90,-3,-36,-3.72
91,-3,-45,-4.1
92,-3,-37,-4.09
93,-3,-42,-3.75
94,-3,-33,-4.04
95,-3,-38,-4.07
96,-3,-17,-3.33
97,-3,-42,-4.41
98,-3,-33,-3.74
99,-3,-28,-3.72
100,-3,-44,-3.98
101,-3,-45,-3.88
102,-3,-37,-3.73
103,-3,-32,-3.61
104,-3,-33,-3.7
105,-3,-29,-3.49
106,-3,-38,-3.96
107,-3,-17,-3.46
108,-3,-42,-4.06
109,-3,-38,-4.03
110,-3,-25,-3.46
111,-3,-33,-3.81
112,-3,-29,-3.76
113,-3,-45,-3.69
114,-2,-39,-3.54
115,-2,-10,-3.18
116,-2,-34,-3.86
117,-2,-46,-3.58
118,-2,-27,-2.4
119,-2,-28,-2.91
120,-2,-39,-3.29
121,-2,-38,-3.03
122,-2,-29,-2.7
123,-2,-24,-2.64
124,-2,-31,-2.89
125,-2,-34,-2.96
126,-2,-37,-3.05
127,-2,-38,-3.19
128,-2,-30,-2.8
129,-2,-31,-2.88
130,-2,-42,-3.02
131,-2,-40,-2.97
132,-2,-29,-2.72
133,-2,-35,-2.85
134,-2,-11,-2.27
135,-2,-19,-2.66
136,-2,-34,-2.49
137,-2,-46,-2.99
138,-2,-42,-3.31
139,-2,-47,-3.16
140,-2,-47,-3.03
141,-2,-29,-2.5
142,-2,-21,-2.59
143,-2,-36,-2.78
144,-2,-42,-2.66
145,-2,-46,-3.14
146,-2,-27,-2.78
147,-2,-41,-3.05
148,-2,-33,-2.75
149,-2,-50,-3.16
150,-2,-38,-3.29
151,-2,-36,-3.08
152,-2,-46,-3.11
153,-2,-36,-2.69
154,-2,-34,-2.87
155,-2,-31,-2.64
156,-2,-31,-2.9
157,-2,-44,-3.34
158,-2,-42,-3.27
159,-2,-42,-3.33
160,-2,-38,-2.96
161,-2,-38,-2.61
162,-2,-43,-3.46
163,-2,-40,-3.01
164,-2,-48,-3.02
165,-2,-34,-3.06
166,-2,-41,-2.98
167,-2,-43,-3.14
168,-2,-33,-2.61
169,-2,-35,-2.58
170,-2,-48,-2.95
171,-2,-21,-2.64
172,-2,-45,-3.59
173,-2,-39,-2.96
174,-2,-43,-3.06
175,-2,-34,-2.88
176,-2,-39,-3.27
177,-2,-45,-3.42
178,-2,-35,-3.19
179,-2,-48,-3.09
180,-2,-48,-3.24
181,-2,-43,-2.85
182,-2,-33,-2.68
183,-2,-17,-2.43
184,-2,-36,-2.75
185,-2,-26,-2.58
186,-2,-44,-2.9
187,-2,-24,-2.84
188,-2,-40,-2.97
189,-2,-37,-2.77
190,-2,-27,-2.58
191,-2,-50,-3.08
192,-2,-23,-2.55
193,-2,-40,-2.57
194,-2,-42,-2.97
195,-2,-36,-3.01
196,-2,-47,-3.34
197,-2,-41,-2.82
198,-2,-39,-3.05
199,-2,-44,-3.51
200,-2,-45,-3.1
201,-2,-21,-2.49
202,-2,-42,-3.53
203,-2,-44,-3.52
204,-2,-37,-2.97
205,-2,-37,-2.94
206,-2,-48,-2.93
207,-2,-35,-2.82
208,-2,-39,-3.33
209,-2,-37,-2.9
210,-2,-42,-3.72
211,-2,-43,-2.97
212,-2,-24,-2.61
213,-2,-45,-3.3
214,-2,-42,-2.85
215,-2,-47,-3.49
216,-2,-44,-3.02
217,-2,-45,-3.38
218,-2,-46,-3.6
219,-2,-44,-3.18
220,-2,-30,-2.71
221,-2,-45,-3.03
222,-2,-45,-2.93
223,-2,-23,-2.47
224,-2,-22,-2.77
225,-2,-35,-3.05
226,-2,-48,-3.5
227,-2,-46,-2.96
228,-2,-40,-3.44
229,-2,-25,-2.7
230,-2,-48,-3.24
231,-2,-37,-3.07
232,-2,-34,-2.62
233,-2,-37,-2.82
234,-2,-44,-2.87
235,-2,-39,-2.98
236,-2,-37,-2.96
237,-2,-43,-2.75
238,-2,-37,-3.28
239,-2,-14,-2.43
240,-2,-44,-3.35
241,-2,-35,-2.8
242,-2,-44,-3.02
243,-2,-36,-3.4
244,-2,-29,-2.48
245,-1,-43,-3.13
246,-1,-27,-2.45
247,-1,-52,-2.81
248,-1,-33,-2.52
249,-1,-36,-2.24
250,0,-23,-1.47
1,-73,-189,-145.95
2,-60,-182,-109.5
3,-51,-103,-78.08
4,-51,-96,-64.1
5,-51,-100,-60.76
6,-51,-80,-58.68
7,-40,-79,-52.32
8,-38,-63,-50.51
9,-38,-81,-48.63
10,-31,-61,-40.1
11,-31,-62,-38.25
12,-31,-72,-37.94
13,-27,-79,-35.36
14,-27,-66,-31.41
15,-27,-64,-30.03
16,-23,-48,-27.33
17,-23,-62,-27.47
18,-23,-57,-26.72
19,-23,-46,-23.49
20,-18,-54,-23.51
21,-18,-66,-24.35
22,-18,-60,-23.6
23,-18,-50,-22.35
24,-15,-54,-20.68
25,-12,-58,-17.86
26,-12,-50,-16.02
27,-12,-59,-16.08
28,-12,-43,-15.64
29,-11,-48,-15.26
30,-10,-57,-14.08
31,-10,-41,-12.53
32,-10,-38,-12.13
33,-10,-45,-11.09
34,-10,-39,-10.61
35,-10,-55,-11.08
36,-10,-40,-10.69
37,-10,-35,-10.9
38,-8,-23,-10.22
39,-8,-41,-10.69
40,-8,-41,-10.81
41,-8,-48,-10.82
42,-7,-41,-8.61
43,-7,-28,-8.49
44,-7,-40,-8.33
45,-7,-36,-7.82
46,-7,-40,-8.22
47,-7,-47,-8.03
48,-7,-43,-7.99
49,-7,-57,-8.33
50,-7,-48,-8.69
51,-7,-50,-7.94
52,-7,-50,-8.23
53,-7,-34,-7.83
54,-7,-27,-7.67
55,-7,-45,-8.46
56,-7,-44,-7.84
57,-7,-34,-7.55
58,-7,-19,-7.32
59,-7,-55,-8.64
60,-7,-50,-7.9
61,-6,-52,-8.04
62,-6,-41,-7.55
63,-6,-32,-7.67
64,-6,-38,-7.4
65,-6,-33,-6.51
66,-6,-37,-6.83
67,-6,-33,-6.7
68,-6,-31,-6.64
69,-6,-45,-7.09
70,-6,-45,-7.5
71,-6,-36,-6.72
72,-6,-49,-7.07
73,-6,-44,-7.11
74,-6,-46,-6.94
75,-6,-47,-7.08
76,-6,-45,-7.03
77,-6,-16,-6.26
78,-6,-19,-6.42
79,-6,-47,-6.65
80,-6,-22,-6.4
81,-6,-31,-6.48
82,-6,-42,-7.01
83,-6,-48,-7.01
84,-6,-43,-7.28
85,-6,-34,-6.85
86,-6,-42,-7.09
87,-6,-39,-6.86
88,-6,-32,-6.86
89,-6,-42,-7.1
90,-6,-40,-6.83
91,-6,-45,-6.87
92,-6,-27,-6.38
93,-6,-48,-7.52
94,-6,-43,-7.16
95,-6,-48,-7.07
96,-6,-44,-6.83
97,-6,-28,-6.41
98,-6,-45,-6.88
99,-6,-35,-6.73
100,-6,-36,-7.08
101,-6,-53,-7.19
102,-6,-54,-6.92
103,-6,-36,-6.88
104,-6,-41,-7.26
105,-6,-34,-6.6
106,-6,-50,-7.04
107,-6,-47,-7.11
108,-6,-19,-6.49
109,-6,-38,-6.72
110,-6,-35,-6.79
111,-5,-45,-6.85
112,-5,-38,-6.56
113,-4,-37,-6.52
114,-4,-44,-5.68
115,-4,-44,-5.75
116,-4,-45,-4.68
117,-4,-33,-5.07
118,-4,-45,-5.09
119,-4,-45,-5.38
120,-4,-43,-4.73
121,-4,-48,-4.93
122,-4,-37,-4.69
123,-4,-47,-5.01
124,-4,-47,-5.37
125,-4,-28,-4.58
126,-4,-46,-5.01
127,-4,-42,-5.2
128,-4,-37,-4.77
129,-4,-25,-4.53
130,-4,-49,-4.73
131,-4,-39,-4.98
132,-4,-51,-4.87
133,-4,-43,-5.12
134,-4,-43,-4.88
135,-4,-52,-5.75
136,-4,-46,-4.91
137,-4,-49,-5.47
138,-4,-50,-5.03
139,-3,-13,-4.15
140,-3,-40,-4.94
141,-3,-35,-4.64
142,-3,-48,-3.71
143,-3,-39,-4.05
144,-3,-46,-4.06
145,-3,-35,-3.72
146,-3,-44,-4.09
147,-3,-42,-4.16
148,-3,-48,-3.82
149,-3,-35,-3.66
150,-3,-32,-4
151,-2,-27,-3.61
152,-2,-44,-3.92
153,-2,-32,-4.22
154,-2,-46,-3.78
155,-2,-35,-3.23
156,-2,-35,-3.14
157,-2,-46,-2.87
158,-2,-27,-2.57
159,-2,-37,-2.95
160,-2,-43,-2.79
161,-2,-50,-3.68
162,-2,-48,-3.14
163,-2,-39,-3.03
164,-2,-22,-2.48
165,-2,-32,-2.68
166,-2,-41,-3.19
167,-2,-48,-3.45
168,-2,-40,-3.16
169,-2,-36,-2.82
170,-2,-47,-2.88
171,-2,-37,-2.58
172,-2,-45,-2.83
173,-2,-34,-3.01
174,-2,-34,-2.9
175,-2,-47,-2.95
176,-2,-45,-3.22
177,-2,-32,-3.05
178,-2,-34,-2.98
179,-2,-27,-2.69
180,-2,-35,-2.84
181,-2,-36,-2.68
182,-2,-33,-2.95
183,-2,-43,-3.35
184,-2,-29,-2.58
185,-2,-41,-2.91
186,-2,-41,-3
187,-2,-19,-2.45
188,-2,-38,-2.91
189,-2,-35,-2.87
190,-2,-51,-3.06
191,-2,-46,-3.03
192,-2,-18,-2.38
193,-2,-18,-2.31
194,-2,-34,-2.67
195,-2,-34,-3.06
196,-2,-51,-3.5
197,-2,-39,-3.13
198,-2,-46,-2.94
199,-2,-40,-3
200,-2,-42,-3.14
201,-2,-31,-2.56
202,-2,-50,-2.95
203,-2,-32,-3.06
204,-2,-36,-3.15
205,-2,-46,-3.46
206,-2,-38,-2.5
207,-2,-39,-2.8
208,-2,-44,-3.32
209,-2,-41,-2.74
210,-2,-43,-2.88
211,-2,-35,-2.84
212,-2,-43,-3.11
213,-2,-33,-2.66
214,-2,-35,-2.99
215,-2,-43,-3.02
216,-2,-48,-3.42
217,-2,-42,-2.91
218,-2,-33,-2.8
219,-2,-45,-3.11
220,-2,-27,-2.83
221,-2,-31,-3.14
222,-2,-21,-2.41
223,-2,-30,-2.88
224,-2,-40,-2.83
225,-2,-32,-2.66
226,-2,-30,-2.72
227,-2,-25,-2.59
228,-2,-44,-2.83
229,-2,-34,-2.78
230,-2,-40,-3.1
231,-2,-37,-3.2
232,-2,-44,-2.84
233,-2,-47,-3.3
234,-2,-36,-2.96
235,-2,-50,-3.16
236,-2,-25,-2.43
237,-2,-43,-2.9
238,-2,-50,-2.9
239,-2,-33,-3.15
240,-2,-44,-2.9
241,-2,-32,-2.74
242,-2,-43,-3.39
243,-2,-27,-2.79
244,-2,-44,-3.31
245,-2,-47,-3.16
246,-2,-42,-2.8
247,-2,-45,-3.44
248,-2,-44,-3.08
249,-2,-34,-3.13
250,-2,-44,-3.02
251,-2,-49,-2.75
252,-2,-18,-2.35
253,-2,-31,-2.79
254,-2,-46,-2.99
255,-2,-39,-3.04
256,-2,-40,-3.21
257,-2,-46,-2.99
258,-2,-48,-2.93
259,-2,-27,-2.59
260,-2,-34,-2.83
261,-2,-20,-2.64
262,-2,-45,-2.74
263,-2,-43,-2.7
264,-2,-43,-2.82
265,-2,-44,-2.99
266,-2,-46,-3.13
267,-2,-40,-3.17
268,-2,-33,-2.79
269,-2,-45,-2.68
270,-2,-13,-2.27
271,-2,-35,-2.63
272,-2,-18,-2.58
273,-2,-46,-3.21
274,-2,-32,-3.01
275,-2,-47,-3.25
276,-2,-42,-3.23
277,-2,-44,-3.1
278,-2,-37,-2.85
279,-2,-32,-2.85
280,-2,-45,-3.04
281,-2,-32,-2.92
282,-2,-30,-2.85
283,-2,-28,-2.84
284,-2,-37,-2.51
285,-2,-39,-2.99
286,-2,-45,-3.09
287,-2,-34,-2.97
288,-2,-29,-2.97
289,-2,-44,-2.78
290,-2,-45,-3.15
291,-2,-47,-3.63
292,-2,-28,-2.81
293,-2,-30,-2.98
294,-2,-21,-2.43
295,-2,-41,-3.25
296,-2,-44,-3.21
297,-2,-25,-2.54
298,-2,-48,-3.53
299,-2,-37,-2.75
300,-2,-48,-3.34
301,-2,-37,-3.2
302,-2,-29,-2.78
303,-2,-30,-2.78
304,-2,-43,-2.76
305,-2,-19,-2.39
306,-2,-33,-2.91
307,-2,-29,-2.79
308,-2,-16,-2.45
309,-2,-30,-2.57
310,-2,-28,-2.68
311,-2,-38,-3
312,-2,-47,-3.19
313,-2,-46,-2.73
314,-2,-46,-3.32
315,-2,-51,-3.2
316,-2,-45,-2.93
317,-2,-47,-3.29
318,-2,-34,-2.9
319,-2,-43,-3.37
320,-2,-12,-2.3
321,-2,-25,-2.48
322,-2,-39,-3.03
323,-2,-41,-3.64
324,-2,-46,-3.02
325,-2,-28,-2.89
326,-2,-43,-3.1
327,-2,-25,-2.61
328,-2,-50,-3.56
329,-2,-23,-2.62
330,-2,-12,-2.29
331,-2,-45,-3.14
332,-2,-26,-2.49
333,-2,-30,-2.6
334,-2,-38,-2.95
335,-2,-26,-2.67
336,-2,-28,-2.51
337,-2,-43,-3.37
338,-2,-39,-3.06
339,-2,-23,-2.48
340,-2,-43,-3.56
341,-2,-28,-2.64
342,-1,-29,-2.92
343,-1,-25,-2.53
344,-1,-37,-3.22
345,-1,-26,-2.57
346,-1,-23,-2.52
347,-1,-14,-1.41
348,-1,-42,-1.96
349,-1,-42,-2.35
350,-1,-44,-1.83
351,-1,-46,-2.4
352,-1,-22,-1.41
353,-1,-35,-2.07
354,-1,-33,-2
355,-1,-31,-1.49
356,-1,-28,-1.58
357,-1,-35,-2.33
358,-1,-22,-1.52
359,-1,-35,-1.55
360,-1,-38,-2.17
361,-1,-46,-2.34
362,-1,-50,-1.9
363,-1,-43,-2.24
364,-1,-44,-2.3
365,-1,-33,-1.66
366,-1,-39,-1.97
367,-1,-15,-1.4
368,-1,-38,-1.73
369,-1,-37,-1.98
370,-1,-37,-2.06
371,-1,-44,-1.86
372,-1,-41,-2.32
373,-1,-46,-2.31
374,-1,-23,-1.44
375,-1,-31,-1.67
376,-1,-35,-2.06
377,-1,-36,-2.05
378,-1,-39,-1.94
379,-1,-35,-1.81
380,-1,-32,-1.85
381,-1,-45,-2.39
382,0,-37,-1.56
1,-91,-207,-141.02
2,-64,-164,-116.97
3,-64,-122,-86.26
4,-59,-98,-68.67
5,-59,-99,-64.76
6,-59,-102,-64.6
7,-50,-68,-60.2
8,-45,-66,-57.66
9,-45,-72,-54.68
10,-35,-99,-52.14
11,-35,-94,-45.53
12,-31,-84,-39.1
13,-31,-73,-35.78
14,-31,-69,-35.78
15,-31,-77,-35.44
16,-31,-68,-34.48
17,-31,-68,-31.97
18,-27,-60,-31.51
19,-27,-41,-31.15
20,-27,-60,-31.72
21,-19,-52,-30.2
22,-19,-68,-28.05
23,-19,-73,-26.52
24,-17,-56,-24.86
25,-16,-54,-24.2
26,-16,-49,-21.52
27,-14,-46,-16.5
28,-14,-55,-16.93
29,-14,-50,-16.86
30,-14,-54,-16.18
31,-14,-40,-14.52
32,-14,-60,-14.93
33,-14,-61,-14.75
34,-11,-50,-14.89
35,-11,-42,-14.3
36,-11,-50,-13.83
37,-11,-38,-11.6
38,-11,-35,-11.64
39,-11,-51,-12.18
40,-11,-56,-12.15
41,-11,-56,-11.97
42,-11,-41,-11.77
43,-11,-58,-12.2
44,-10,-44,-11.67
45,-10,-38,-11.89
46,-8,-48,-11.8
47,-8,-51,-11.58
48,-8,-43,-11.43
49,-8,-29,-9.07
50,-8,-42,-8.76
51,-8,-46,-8.85
52,-8,-39,-8.77
53,-7,-39,-8.7
54,-7,-45,-9.18
55,-7,-40,-8.93
56,-7,-34,-8.48
57,-7,-43,-8.54
58,-7,-55,-8.27
59,-7,-40,-7.79
60,-7,-53,-8.08
61,-7,-54,-8.36
62,-7,-32,-7.7
63,-7,-40,-7.86
64,-5,-54,-7.81
65,-5,-28,-7.41
66,-4,-39,-7.71
67,-4,-51,-7.28
68,-4,-33,-5.17
69,-4,-50,-5.04
70,-4,-50,-5.18
71,-4,-31,-4.51
72,-4,-44,-5.4
73,-4,-45,-4.73
74,-4,-37,-4.76
75,-4,-44,-4.91
76,-4,-43,-5.39
77,-4,-35,-4.84
78,-4,-46,-5.02
79,-4,-38,-4.75
80,-4,-30,-4.67
81,-4,-51,-4.91
82,-4,-41,-5.05
83,-4,-40,-5.1
84,-4,-40,-5
85,-4,-43,-4.89
86,-4,-38,-4.78
87,-4,-32,-4.78
88,-4,-45,-5.37
89,-4,-43,-5.2
90,-4,-28,-4.51
91,-4,-47,-4.86
92,-4,-54,-5.18
93,-3,-36,-4.81
94,-3,-47,-4.98
95,-3,-42,-4.13
96,-3,-34,-3.76
97,-3,-37,-4.04
98,-3,-45,-3.77
99,-3,-45,-3.85
100,-3,-33,-3.94
101,-3,-42,-4.21
102,-3,-42,-4.17
103,-3,-31,-3.9
104,-3,-47,-3.87
105,-3,-32,-3.69
106,-2,-18,-3.39
107,-2,-37,-4.15
108,-2,-32,-3.9
109,-2,-31,-3.55
110,-2,-53,-3.79
111,-2,-43,-2.61
112,-2,-51,-3.45
113,-2,-34,-3.11
114,-2,-50,-2.88
115,-2,-44,-3.11
116,-2,-19,-2.61
117,-2,-40,-3.14
118,-2,-31,-2.8
119,-2,-28,-2.61
120,-2,-42,-2.81
121,-2,-44,-2.79
122,-2,-48,-3.25
123,-2,-28,-2.49
124,-2,-10,-2.24
125,-2,-46,-2.76
126,-2,-36,-3.09
127,-2,-29,-2.61
128,-2,-36,-3.12
129,-2,-45,-3.19
130,-2,-39,-2.76
131,-2,-50,-3.05
132,-2,-44,-2.89
133,-2,-38,-3.03
134,-2,-40,-2.65
135,-2,-15,-2.55
136,-2,-13,-2.3
137,-2,-50,-3.26
138,-2,-36,-2.85
139,-2,-41,-3.17
140,-2,-39,-3.2
141,-2,-27,-2.67
142,-2,-41,-3
143,-2,-36,-2.86
144,-2,-39,-3.49
145,-2,-34,-2.96
146,-2,-48,-3.39
147,-2,-40,-3.09
148,-2,-27,-2.53
149,-2,-42,-2.77
150,-2,-38,-3.1
151,-2,-47,-3.72
152,-2,-36,-2.6
153,-2,-30,-2.73
154,-2,-28,-2.83
155,-2,-39,-3.09
156,-2,-42,-3.53
157,-2,-34,-2.92
158,-2,-31,-2.72
159,-2,-44,-3.29
160,-2,-49,-2.67
161,-2,-36,-3.07
162,-2,-36,-2.67
163,-2,-44,-3.15
164,-2,-43,-3.13
165,-2,-43,-3.05
166,-2,-47,-3.15
167,-2,-38,-2.96
168,-2,-48,-3.19
169,-2,-40,-3.03
170,-2,-34,-2.56
171,-2,-38,-3.37
172,-2,-39,-3.53
173,-2,-40,-2.5
174,-2,-50,-3.04
175,-2,-39,-2.7
176,-2,-48,-3.38
177,-2,-51,-3.3
178,-2,-43,-2.86
179,-2,-49,-2.99
180,-2,-24,-2.61
181,-2,-38,-2.95
182,-2,-45,-3.55
183,-2,-22,-2.55
184,-2,-47,-3.35
185,-2,-30,-2.6
186,-2,-46,-3.11
187,-2,-40,-3.07
188,-2,-34,-3.13
189,-2,-38,-2.9
190,-2,-27,-2.53
191,-2,-43,-3.17
192,-2,-35,-2.68
193,-2,-51,-3.5
194,-1,-20,-2.31
195,-1,-41,-3.34
196,-1,-13,-2.17
197,-1,-31,-3.05
198,-1,-28,-2.66
199,-1,-36,-2.06
200,-1,-43,-1.82
201,-1,-49,-2.04
202,-1,-36,-1.84
203,-1,-48,-2.24
204,-1,-34,-2.17
205,-1,-47,-2.01
206,-1,-40,-1.59
207,-1,-21,-1.37
208,-1,-24,-1.79
209,-1,-38,-1.82
210,-1,-38,-1.81
211,-1,-22,-1.57
212,-1,-26,-1.46
213,-1,-45,-1.94
214,-1,-39,-1.73
215,-1,-46,-1.68
216,-1,-39,-1.99
217,-1,-13,-1.36
218,-1,-49,-1.92
219,-1,-26,-1.53
220,-1,-20,-1.47
221,-1,-43,-2.46
222,-1,-34,-1.51
223,-1,-42,-1.83
224,-1,-33,-1.83
225,-1,-30,-1.78
226,-1,-35,-1.95
227,-1,-33,-1.8
228,-1,-31,-1.83
229,-1,-37,-1.86
230,-1,-37,-2.28
231,-1,-44,-2.23
232,-1,-35,-1.71
233,-1,-40,-1.53
234,-1,-39,-1.85
235,-1,-43,-1.77
236,-1,-33,-1.84
237,-1,-47,-2.03
238,-1,-33,-1.83
239,-1,-39,-2
240,-1,-37,-1.85
241,-1,-49,-2.13
242,0,-27,-1.4
1,-83,-170,-130.69
2,-76,-178,-108.6
3,-76,-112,-91.57
4,-62,-93,-81.26
5,-62,-113,-75.58
6,-61,-109,-71.55
7,-61,-92,-63.6
8,-60,-94,-63.65
9,-60,-88,-62.32
10,-57,-83,-60.7
11,-57,-91,-60.44
12,-57,-80,-59.68
13,-57,-106,-57.79
14,-49,-95,-57.44
15,-45,-91,-57.49
16,-45,-67,-56.22
17,-45,-83,-53.81
18,-44,-89,-47.11
19,-36,-92,-45.66
20,-38,-82,-45.67
21,-38,-73,-44.98
22,-31,-69,-41.63
23,-27,-70,-38.93
24,-27,-64,-34.43
25,-27,-71,-32.37
26,-27,-39,-31.1
27,-27,-71,-31.43
28,-27,-63,-30.22
29,-27,-59,-27.92
30,-27,-59,-27.94
31,-27,-49,-27.4
32,-27,-59,-28.17
33,-27,-58,-27.53
34,-27,-53,-27.51
35,-23,-55,-27.48
36,-23,-71,-27.57
37,-22,-66,-27.13
38,-22,-66,-24.46
39,-22,-43,-23.4
40,-18,-60,-23.33
41,-18,-59,-23.04
42,-18,-55,-22.51
43,-17,-50,-22.41
44,-17,-53,-21.54
45,-17,-49,-18.28
46,-17,-62,-18.05
47,-15,-51,-17.96
48,-15,-42,-17.79
49,-15,-50,-17.14
50,-15,-46,-15.65
51,-15,-55,-15.89
52,-15,-39,-15.71
53,-12,-34,-15.25
54,-12,-57,-15.72
55,-12,-50,-15.17
56,-10,-55,-14.2
57,-12,-47,-12.7
58,-12,-60,-12.92
59,-12,-53,-13.45
60,-11,-31,-12.22
61,-11,-50,-12.57
62,-11,-48,-13.12
63,-11,-58,-13.27
64,-11,-44,-13.09
65,-11,-36,-12.12
66,-11,-39,-11.97
67,-11,-50,-11.68
68,-11,-34,-11.6
69,-11,-32,-11.65
70,-11,-23,-11.25
71,-11,-41,-11.6
72,-11,-53,-12.31
73,-11,-50,-12.29
74,-11,-53,-12.04
75,-11,-24,-11.24
76,-11,-51,-11.87
77,-10,-37,-11.61
78,-10,-42,-11.97
79,-10,-28,-11.42
80,-10,-49,-12.17
81,-10,-36,-10.75
82,-10,-51,-11.09
83,-10,-45,-10.86
84,-10,-53,-11.19
85,-10,-34,-10.51
86,-10,-28,-10.57
87,-10,-45,-10.99
88,-10,-31,-10.63
89,-10,-50,-10.94
90,-10,-48,-10.98
91,-10,-51,-11.03
92,-10,-48,-11.39
93,-10,-51,-10.85
94,-10,-37,-10.89
95,-10,-54,-11.42
96,-10,-46,-11.19
97,-10,-52,-11.2
98,-10,-53,-10.99
99,-10,-52,-11.43
100,-10,-29,-10.58
101,-10,-50,-10.98
102,-10,-39,-10.64
103,-10,-50,-11.18
104,-10,-47,-10.75
105,-10,-48,-10.92
106,-10,-53,-11.43
107,-9,-48,-11.08
108,-9,-46,-10.78
109,-9,-55,-11.21
110,-9,-41,-9.94
111,-7,-35,-9.59
112,-7,-22,-9.33
113,-7,-40,-9.38
114,-7,-50,-8.84
115,-7,-36,-7.94
116,-7,-50,-8.19
117,-7,-41,-7.77
118,-7,-46,-7.94
119,-7,-41,-7.6
120,-7,-20,-7.28
121,-7,-49,-7.79
122,-7,-38,-7.86
123,-7,-54,-8.58
124,-7,-54,-8.3
125,-7,-45,-8.17
126,-7,-54,-8.36
127,-6,-29,-7.51
128,-6,-40,-7.97
129,-6,-47,-7.46
130,-6,-45,-7.32
131,-6,-48,-7.29
132,-6,-49,-7.19
133,-6,-36,-7.02
134,-6,-40,-6.71
135,-6,-40,-6.91
136,-6,-48,-7.04
137,-6,-53,-7.1
138,-6,-53,-7.2
139,-6,-28,-6.73
140,-6,-48,-6.97
141,-6,-47,-6.68
142,-6,-36,-6.55
143,-6,-40,-6.97
144,-6,-26,-6.67
145,-6,-46,-6.96
146,-6,-55,-7.36
147,-6,-26,-6.52
148,-6,-53,-7.14
149,-6,-31,-6.62
150,-5,-46,-6.9
151,-5,-49,-7.13
152,-5,-29,-6.37
153,-5,-49,-6.64
154,-4,-46,-6.7
155,-4,-40,-5.7
156,-4,-33,-4.9
157,-4,-45,-5.23
158,-4,-39,-4.86
159,-4,-42,-5.28
160,-3,-33,-4.69
161,-3,-44,-5.16
162,-3,-11,-4.16
163,-3,-48,-4.63
164,-3,-40,-4.27
165,-3,-30,-3.73
166,-3,-35,-3.94
167,-3,-39,-4.28
168,-3,-42,-4.37
169,-2,-20,-3.3
170,-2,-32,-3.68
171,-2,-42,-4.2
172,-2,-42,-3.58
173,-2,-48,-3.67
174,-2,-28,-2.57
175,-2,-46,-3.43
176,-2,-36,-2.72
177,-2,-39,-2.62
178,-2,-50,-2.83
179,-2,-28,-2.81
180,-2,-42,-3.01
181,-2,-35,-2.98
182,-2,-44,-2.97
183,-2,-30,-2.55
184,-2,-19,-2.37
185,-2,-34,-2.96
186,-2,-27,-2.75
187,-2,-26,-2.88
188,-2,-48,-2.99
189,-2,-50,-2.92
190,-2,-44,-3.27
191,-2,-35,-3.05
192,-2,-46,-2.94
193,-2,-26,-2.57
194,-2,-33,-2.92
195,-2,-42,-2.94
196,-2,-32,-2.49
197,-2,-44,-2.98
198,-2,-35,-2.67
199,-2,-42,-3.1
200,-2,-42,-2.71
201,-2,-48,-2.85
202,-2,-37,-2.56
203,-2,-52,-3.32
204,-2,-36,-2.5
205,-2,-39,-2.82
206,-1,-33,-2.64
207,-1,-41,-3.04
208,-1,-42,-3.12
209,-1,-48,-2.09
210,-1,-46,-2.07
211,-1,-48,-2.17
212,-1,-30,-1.89
213,-1,-34,-1.66
214,-1,-27,-1.76
215,-1,-46,-2.46
216,-1,-41,-2.27
217,-1,-30,-2.01
218,-1,-46,-2.22
219,-1,-29,-1.77
220,-1,-24,-1.46
221,-1,-43,-2.04
222,-1,-26,-1.66
223,-1,-42,-2.11
224,-1,-35,-2
225,-1,-38,-1.86
226,-1,-43,-2.01
227,-1,-33,-1.73
228,-1,-41,-2.15
229,-1,-13,-1.37
230,-1,-26,-1.55
231,-1,-42,-1.91
232,-1,-19,-1.47
233,-1,-33,-1.83
234,-1,-44,-1.93
235,-1,-39,-1.84
236,-1,-24,-1.67
237,-1,-40,-1.79
238,-1,-44,-1.53
239,-1,-36,-1.83
240,-1,-34,-2.1
241,-1,-30,-1.64
242,-1,-40,-1.72
243,-1,-28,-1.5
244,-1,-38,-1.78
245,-1,-41,-2
246,-1,-41,-2.44
247,-1,-35,-1.82
248,-1,-44,-1.92
249,-1,-44,-2.16
250,-1,-33,-2.11
251,-1,-44,-1.72
252,-1,-37,-1.58
253,-1,-33,-1.45
254,-1,-46,-1.99
255,-1,-40,-1.97
256,-1,-34,-2
257,-1,-48,-2.32
258,-1,-44,-1.71
259,-1,-34,-1.84
260,-1,-29,-1.65
261,-1,-43,-2.38
262,-1,-42,-2.18
263,-1,-50,-2.49
264,-1,-35,-1.85
265,-1,-48,-2
266,-1,-30,-1.64
267,-1,-35,-1.61
268,-1,-36,-1.74
269,-1,-41,-2.47
270,-1,-31,-1.77
271,-1,-38,-1.73
272,-1,-47,-2.24
273,-1,-23,-1.57
274,-1,-41,-2.1
275,-1,-37,-2.31
276,-1,-24,-1.73
277,-1,-41,-2.3
278,-1,-47,-2.58
279,-1,-25,-1.82
280,-1,-36,-1.66
281,-1,-44,-2.16
282,-1,-23,-1.4
283,-1,-48,-2.02
284,-1,-40,-2.09
285,-1,-44,-2.01
286,-1,-44,-2.28
287,-1,-37,-2.04
288,-1,-44,-2.37
289,-1,-40,-1.62
290,-1,-41,-2.12
291,-1,-22,-1.65
292,-1,-45,-2.09
293,-1,-44,-2.1
294,-1,-47,-2.36
295,-1,-35,-1.76
296,-1,-44,-2.03
297,-1,-37,-2.38
298,-1,-23,-1.58
299,-1,-43,-2.22
300,-1,-35,-1.73
301,-1,-51,-2.01
302,-1,-25,-1.46
303,-1,-38,-2.18
304,-1,-34,-1.81
305,-1,-27,-2.05
306,-1,-36,-2.03
307,-1,-15,-1.19
308,-1,-42,-2
309,-1,-27,-1.77
310,-1,-39,-1.67
311,-1,-31,-1.94
312,-1,-26,-1.53
313,-1,-46,-2.29
314,-1,-23,-1.7
315,-1,-38,-1.67
316,-1,-47,-2.09
317,-1,-33,-2.21
318,-1,-40,-1.81
319,-1,-32,-1.84
320,-1,-46,-2.18
321,-1,-23,-1.57
322,-1,-39,-2.14
323,-1,-23,-1.61
324,-1,-35,-1.85
325,-1,-36,-1.67
326,-1,-38,-2.06
327,-1,-44,-1.84
328,-1,-32,-1.8
329,-1,-41,-1.73
330,-1,-33,-2.01
331,-1,-35,-1.9
332,-1,-36,-2.06
333,-1,-42,-2.19
334,-1,-46,-1.98
335,-1,-35,-1.71
336,-1,-41,-2.31
337,-1,-41,-1.84
338,-1,-46,-2.34
339,-1,-38,-2.13
340,-1,-38,-1.88
341,-1,-33,-2.04
342,-1,-45,-2.14
343,-1,-36,-2.04
344,-1,-15,-1.35
345,-1,-47,-1.65
346,-1,-43,-2.24
347,-1,-36,-1.77
348,-1,-42,-1.81
349,-1,-41,-1.81
350,-1,-18,-1.4
351,-1,-22,-1.53
352,-1,-24,-1.59
353,-1,-45,-2.1
354,-1,-47,-2.36
355,-1,-35,-1.81
356,-1,-23,-1.8
357,-1,-30,-2.02
358,-1,-44,-2.23
359,-1,-40,-2.02
360,-1,-31,-1.81
361,-1,-30,-1.67
362,-1,-28,-1.79
363,-1,-37,-1.62
364,-1,-34,-2.32
365,-1,-33,-1.78
366,-1,-44,-2.09
367,-1,-43,-1.91
368,-1,-32,-1.6
369,-1,-47,-2.58
370,-1,-37,-1.98
371,-1,-33,-1.85
372,-1,-45,-2.31
373,-1,-38,-1.81
374,-1,-46,-2.17
375,-1,-36,-1.98
376,-1,-26,-1.82
377,-1,-41,-2.24
378,-1,-44,-2.34
379,-1,-30,-1.39
380,-1,-22,-1.61
381,-1,-37,-1.77
382,-1,-42,-2.19
383,-1,-41,-1.95
384,-1,-23,-1.77
385,-1,-39,-1.85
386,-1,-47,-1.81
387,-1,-46,-2.17
388,-1,-43,-1.86
389,-1,-49,-2.78
390,-1,-33,-2.01
391,-1,-26,-1.83
392,-1,-44,-2.11
393,-1,-35,-1.99
394,-1,-32,-1.85
395,-1,-30,-1.63
396,-1,-51,-2.54
397,-1,-35,-1.85
398,-1,-39,-1.89
399,-1,-33,-1.83
400,-1,-43,-2.08
401,-1,-35,-1.88
402,-1,-42,-2.46
403,-1,-48,-1.92
404,-1,-34,-2.13
405,-1,-45,-2.2
406,-1,-43,-1.99
407,-1,-39,-1.92
408,-1,-38,-2.22
409,-1,-38,-1.59
410,-1,-28,-1.65
411,-1,-35,-1.93
412,-1,-49,-2.76
413,-1,-40,-2.11
414,-1,-48,-2.16
415,-1,-23,-1.64
416,-1,-36,-1.8
417,-1,-45,-2.11
418,-1,-40,-2.32
419,-1,-44,-1.97
420,-1,-48,-1.89
421,-1,-31,-1.72
422,-1,-22,-1.5
423,-1,-41,-2.63
424,-1,-38,-1.99
425,-1,-33,-2.05
426,-1,-27,-1.73
427,-1,-44,-2.2
428,-1,-29,-1.59
429,-1,-40,-2.24
430,-1,-30,-1.77
431,-1,-34,-1.85
432,-1,-22,-1.58
433,-1,-47,-2.24
434,-1,-50,-2.19
435,-1,-44,-1.93
436,-1,-50,-2.22
437,-1,-38,-1.9
438,-1,-23,-1.69
439,-1,-29,-1.37
440,-1,-50,-2.01
441,-1,-45,-1.98
442,-1,-40,-1.74
443,-1,-28,-1.83
444,-1,-24,-1.47
445,-1,-34,-2.08
446,-1,-30,-1.69
447,-1,-30,-1.7
448,-1,-24,-1.52
449,-1,-37,-2.06
450,-1,-40,-1.78
451,-1,-41,-2.03
452,-1,-29,-1.79
453,-1,-36,-1.77
454,-1,-34,-2.01
455,-1,-47,-2.03
456,-1,-44,-1.95
457,-1,-35,-1.99
458,-1,-43,-2.52
459,-1,-47,-1.8
460,-1,-22,-1.67
461,-1,-45,-2.13
462,-1,-44,-2.2
463,-1,-49,-2.26
464,-1,-41,-1.94
465,-1,-23,-1.51
466,-1,-41,-1.86
467,-1,-24,-1.53
468,-1,-32,-2.02
469,-1,-47,-2.07
470,-1,-46,-2.24
471,-1,-40,-1.81
472,-1,-41,-1.64
473,-1,-44,-1.76
474,-1,-27,-1.55
475,-1,-27,-1.78
476,-1,-43,-2.15
477,-1,-34,-1.83
478,-1,-31,-1.93
479,-1,-31,-1.72
480,-1,-24,-1.63
481,-1,-41,-2.01
482,-1,-39,-2.37
483,-1,-22,-1.59
484,-1,-46,-2.14
485,-1,-44,-1.82
486,-1,-37,-2.01
487,-1,-40,-1.79
488,-1,-33,-1.52
489,-1,-30,-1.74
490,-1,-50,-2.3
491,-1,-39,-2.22
492,-1,-28,-1.39
493,-1,-23,-1.61
494,-1,-43,-1.69
495,-1,-41,-2.08
496,-1,-43,-1.66
497,-1,-24,-1.73
498,-1,-15,-1.44
499,-1,-39,-2.1
500,-1,-37,-2.06
501,-1,-50,-2.05
502,-1,-34,-1.93
503,-1,-28,-1.66
504,-1,-41,-1.85
505,-1,-36,-2.11
506,-1,-45,-2.84
507,-1,-26,-1.93
508,-1,-36,-1.81
509,-1,-46,-2.22
510,-1,-42,-1.84
511,-1,-45,-1.67
512,-1,-20,-1.43
513,-1,-25,-1.59
514,-1,-42,-2.05
515,-1,-33,-1.81
516,-1,-37,-2.07
517,-1,-36,-1.96
518,-1,-37,-2.32
519,-1,-29,-2.12
520,-1,-43,-2.09
521,-1,-42,-2.01
522,-1,-11,-1.25
523,-1,-35,-1.89
524,-1,-27,-1.82
525,-1,-44,-2.45
526,-1,-10,-1.2
527,-1,-31,-1.59
528,-1,-34,-1.81
529,-1,-35,-1.76
530,-1,-33,-1.81
531,-1,-43,-1.95
532,-1,-44,-2.22
533,-1,-41,-1.82
534,-1,-35,-1.72
535,-1,-37,-2.27
536,-1,-46,-2.17
537,-1,-37,-1.87
538,-1,-26,-1.78
539,-1,-30,-1.7
540,-1,-23,-1.58
541,-1,-35,-2.05
542,-1,-30,-1.97
543,-1,-46,-2.24
544,-1,-33,-1.91
545,-1,-47,-2.01
546,-1,-15,-1.46
547,-1,-20,-1.39
548,-1,-49,-1.89
549,-1,-37,-2.37
550,-1,-37,-1.73
551,-1,-47,-2.08
552,-1,-33,-1.75
553,-1,-48,-1.87
554,-1,-43,-2.32
555,-1,-32,-1.96
556,-1,-40,-1.95
557,-1,-30,-1.76
558,-1,-44,-1.99
559,-1,-30,-2.02
560,-1,-45,-1.88
561,-1,-29,-1.75
562,-1,-42,-2.02
563,-1,-34,-2.08
564,-1,-43,-2.33
565,-1,-38,-1.95
566,-1,-47,-2.18
567,-1,-47,-2.41
568,-1,-26,-1.71
569,-1,-36,-1.8
570,-1,-28,-1.8
571,-1,-29,-1.69
572,-1,-43,-2.35
573,-1,-46,-2.7
574,-1,-46,-2.29
575,-1,-34,-1.95
576,-1,-43,-2.19
577,-1,-49,-2.3
578,-1,-33,-1.53
579,-1,-45,-2.08
580,-1,-32,-1.71
581,-1,-40,-1.94
582,-1,-42,-1.93
583,-1,-36,-1.81
584,-1,-31,-1.81
585,-1,-36,-2.27
586,-1,-24,-1.7
587,-1,-40,-1.94
588,-1,-36,-2.23
589,-1,-47,-2.17
590,-1,-33,-2.1
591,-1,-42,-2.26
592,-1,-47,-1.69
593,-1,-43,-2.11
594,-1,-43,-2.11
595,-1,-18,-1.44
596,-1,-43,-1.98
597,-1,-38,-1.9
598,-1,-35,-1.5
599,-1,-37,-2.25
600,-1,-45,-2.19
601,-1,-41,-2.47
602,-1,-23,-1.45
603,-1,-40,-1.98
604,-1,-44,-2.38
605,-1,-33,-1.89
606,-1,-45,-2.33
607,-1,-29,-1.49
608,-1,-36,-2.3
609,-1,-40,-1.63
610,-1,-38,-2.33
611,-1,-38,-1.92
612,-1,-32,-1.65
613,-1,-34,-1.83
614,-1,-32,-1.64
615,-1,-33,-1.59
616,-1,-28,-1.89
617,-1,-43,-1.93
618,-1,-29,-1.55
619,-1,-48,-2.33
620,-1,-24,-1.67
621,-1,-23,-1.8
622,-1,-41,-1.79
623,-1,-22,-1.62
624,-1,-36,-1.65
625,-1,-42,-1.74
626,-1,-35,-1.8
627,-1,-42,-1.94
628,-1,-44,-1.59
629,-1,-23,-1.68
630,-1,-20,-1.61
631,-1,-35,-1.71
632,-1,-32,-1.7
633,-1,-31,-1.7
634,-1,-34,-1.72
635,-1,-31,-1.75
636,-1,-48,-2.28
637,-1,-51,-2.65
638,-1,-44,-2.53
639,-1,-42,-1.73
640,-1,-49,-2.05
641,-1,-40,-1.79
642,-1,-47,-2.09
643,-1,-27,-1.58
644,-1,-43,-2.1
645,-1,-44,-1.75
646,-1,-26,-1.64
647,-1,-43,-2.56
648,-1,-45,-2.46
649,-1,-26,-1.56
650,-1,-46,-2.2
651,-1,-30,-1.75
652,-1,-40,-2.13
653,-1,-40,-2.36
654,-1,-44,-2.13
655,-1,-49,-2
656,-1,-36,-1.7
657,-1,-35,-2.09
658,-1,-41,-2.18
659,-1,-21,-1.39
660,-1,-26,-1.72
661,-1,-39,-1.96
662,-1,-34,-2.07
663,-1,-17,-1.52
664,0,-30,-1.55
1,-73,-203,-135.51
2,-65,-148,-103.59
3,-49,-116,-80.31
4,-49,-99,-68.51
5,-45,-95,-60.38
6,-45,-96,-49.34
7,-45,-69,-48.51
8,-42,-83,-45.6
9,-42,-71,-45.51
10,-40,-67,-44.8
11,-40,-85,-44.58
12,-37,-72,-42.3
13,-34,-66,-40.77
14,-30,-66,-37.99
15,-29,-75,-34.26
16,-29,-63,-30.81
17,-28,-58,-30.6
18,-28,-64,-30.26
19,-27,-74,-29.73
20,-27,-61,-28.54
21,-24,-57,-27.81
22,-24,-52,-27.52
23,-24,-63,-27.25
24,-24,-53,-24.99
25,-22,-64,-24.64
26,-20,-53,-24.69
27,-20,-61,-24.67
28,-18,-48,-22.61
29,-18,-53,-19.77
30,-18,-60,-19.41
31,-18,-48,-18.88
32,-17,-42,-18.33
33,-17,-59,-18.99
34,-17,-58,-18.38
35,-16,-64,-18.03
36,-16,-50,-17.6
37,-16,-51,-16.94
38,-16,-57,-16.86
39,-16,-57,-17.22
40,-16,-59,-17.19
41,-16,-62,-17.25
42,-16,-32,-16.45
43,-16,-44,-16.51
44,-13,-52,-16.84
45,-13,-48,-16.72
46,-13,-40,-16.31
47,-11,-53,-16.03
48,-11,-46,-13.8
49,-11,-48,-14.07
50,-11,-51,-13.95
51,-11,-43,-13.05
52,-11,-37,-11.85
53,-11,-45,-11.6
54,-11,-42,-11.97
55,-11,-53,-12.58
56,-10,-39,-11.64
57,-10,-53,-11.97
58,-10,-44,-12.06
59,-10,-39,-11.74
60,-10,-51,-11.46
61,-10,-52,-10.87
62,-10,-42,-11.15
63,-10,-54,-11.42
64,-10,-52,-11.12
65,-6,-29,-10.19
66,-6,-54,-10.56
67,-6,-37,-9.13
68,-6,-41,-7.64
69,-6,-38,-7.16
70,-6,-20,-6.36
71,-6,-49,-7.28
72,-6,-39,-6.85
73,-6,-40,-6.82
74,-6,-50,-6.98
75,-6,-42,-6.67
76,-4,-30,-6.41
77,-4,-46,-6.79
78,-4,-33,-6.7
79,-4,-45,-6.87
80,-4,-40,-5.26
81,-4,-51,-4.7
82,-4,-18,-4.53
83,-4,-43,-4.7
84,-4,-38,-5.19
85,-4,-44,-5.15
86,-4,-37,-4.98
87,-4,-16,-4.46
88,-4,-36,-4.97
89,-4,-38,-5
90,-4,-38,-4.77
91,-4,-35,-5.04
92,-4,-48,-5.22
93,-4,-46,-5.31
94,-4,-46,-5.47
95,-4,-36,-5.06
96,-4,-36,-4.77
97,-4,-35,-4.77
98,-4,-33,-4.85
99,-4,-33,-4.97
100,-4,-42,-5.12
101,-4,-46,-4.77
102,-4,-45,-4.88
103,-4,-46,-5.3
104,-4,-45,-5.59
105,-4,-37,-4.84
106,-4,-35,-5.09
107,-4,-26,-4.79
108,-4,-49,-5.11
109,-4,-51,-5.22
110,-4,-33,-4.59
111,-4,-38,-4.82
112,-4,-49,-5.11
113,-4,-46,-4.99
114,-4,-41,-5.05
115,-4,-42,-5.2
116,-4,-47,-5.31
117,-4,-39,-5.2
118,-4,-41,-5.05
119,-4,-46,-5.15
120,-4,-48,-5
121,-4,-17,-4.44
122,-4,-31,-4.67
123,-4,-37,-5.1
124,-4,-27,-4.66
125,-4,-36,-5.09
126,-4,-52,-5.33
127,-4,-44,-5.11
128,-4,-38,-4.98
129,-4,-38,-4.59
130,-4,-38,-5.01
131,-4,-35,-4.94
132,-4,-37,-5.18
133,-4,-43,-4.86
134,-4,-26,-4.6
135,-4,-30,-4.42
136,-4,-48,-5.55
137,-4,-36,-5.39
138,-4,-37,-5.23
139,-4,-36,-4.64
140,-4,-15,-4.27
141,-4,-36,-5.12
142,-4,-33,-5
143,-3,-42,-5.15
144,-3,-42,-4.84
145,-3,-47,-4.78
146,-2,-35,-4.63
147,-2,-40,-3.93
148,-2,-30,-3.9
149,-2,-48,-3.97
150,-2,-18,-3.35
151,-2,-31,-3.52
152,-2,-34,-2.7
153,-2,-42,-3.21
154,-2,-32,-2.49
155,-2,-28,-2.66
156,-2,-36,-2.98
157,-2,-45,-3.2
158,-2,-40,-3.04
159,-2,-48,-2.8
160,-2,-43,-3.11
161,-2,-42,-3.12
162,-2,-38,-3.01
163,-2,-35,-3.59
164,-2,-41,-3.32
165,-2,-26,-2.71
166,-2,-37,-3.12
167,-2,-26,-2.88
168,-2,-47,-2.94
169,-2,-36,-3.23
170,-2,-34,-2.97
171,-2,-45,-3.29
172,-2,-33,-2.78
173,-2,-44,-2.76
174,-2,-41,-3.39
175,-2,-36,-2.59
176,-2,-44,-3.09
177,-2,-44,-3.21
178,-2,-28,-2.74
179,-2,-40,-2.94
180,-2,-27,-2.74
181,-2,-38,-3.39
182,-2,-45,-3.38
183,-2,-36,-2.61
184,-2,-35,-2.88
185,-2,-47,-2.64
186,-2,-46,-3.22
187,-2,-27,-2.54
188,-2,-31,-3.19
189,-2,-22,-2.7
190,-2,-28,-2.59
191,-2,-19,-2.4
192,-2,-45,-2.65
193,-2,-39,-2.59
194,-2,-42,-3.04
195,-2,-37,-3.05
196,-2,-34,-2.69
197,-2,-34,-2.79
198,-2,-42,-3.3
199,-2,-48,-3.34
200,-2,-47,-2.96
201,-2,-45,-3.52
202,-2,-24,-2.71
203,-2,-36,-2.78
204,-2,-14,-2.36
205,-2,-41,-3.01
206,-2,-33,-3.09
207,-2,-26,-2.71
208,-2,-48,-3.01
209,-2,-35,-2.7
210,-2,-33,-2.44
211,-2,-34,-2.7
212,-2,-31,-2.83
213,-2,-42,-2.97
214,-2,-26,-2.41
215,-2,-39,-2.91
216,-2,-39,-2.95
217,-2,-51,-2.86
218,-2,-45,-2.93
219,-2,-35,-2.94
220,-2,-13,-2.23
221,-2,-21,-2.55
222,-2,-32,-2.75
223,-2,-49,-2.72
224,-2,-38,-3.2
225,-2,-44,-3.01
226,-2,-33,-2.69
227,-2,-44,-3.34
228,-2,-37,-2.91
229,-2,-31,-2.8
230,-2,-45,-3.3
231,-2,-37,-3.13
232,-2,-45,-3.51
233,-2,-27,-2.73
234,-2,-42,-3.16
235,-2,-45,-3.44
236,-2,-38,-2.97
237,-2,-32,-2.93
238,-2,-45,-3.04
239,-1,-40,-2.79
240,-1,-31,-2.65
241,-1,-35,-2.48
242,-1,-41,-2.42
243,-1,-36,-1.92
244,-1,-38,-2.06
245,-1,-36,-1.8
246,-1,-31,-2
247,-1,-33,-1.82
248,-1,-29,-1.65
249,-1,-50,-2.2
250,-1,-21,-1.37
251,-1,-34,-1.79
252,-1,-34,-1.75
253,-1,-35,-2.53
254,-1,-22,-1.42
255,-1,-32,-1.97
256,-1,-24,-1.71
257,-1,-29,-1.51
258,-1,-44,-1.89
259,-1,-32,-1.74
260,-1,-42,-2.17
261,-1,-35,-1.98
262,-1,-40,-2.15
263,-1,-41,-2.4
264,-1,-31,-1.74
265,-1,-30,-1.84
266,-1,-49,-2.22
267,-1,-20,-1.41
268,-1,-42,-2.04
269,-1,-31,-2.05
270,-1,-29,-1.77
271,-1,-40,-1.83
272,-1,-35,-1.45
273,-1,-34,-2.36
274,-1,-28,-1.42
275,-1,-41,-2.08
276,-1,-38,-2.4
277,-1,-42,-1.84
278,-1,-44,-2.06
279,-1,-25,-1.71
280,-1,-34,-2.13
281,-1,-40,-2.04
282,-1,-41,-1.98
283,-1,-42,-2.63
284,-1,-35,-2.11
285,-1,-21,-1.61
286,0,-38,-2.04
1,-52,-228,-132.96
2,-52,-136,-106.85
3,-52,-116,-79.91
4,-51,-90,-65.22
5,-51,-96,-52.76
6,-51,-75,-52.39
7,-51,-75,-51.86
8,-51,-91,-52.18
9,-45,-90,-51.88
10,-45,-97,-51.75
11,-45,-79,-50.08
12,-45,-86,-47.02
13,-44,-79,-45.88
14,-44,-79,-45.74
15,-44,-73,-45.12
16,-31,-83,-44.68
17,-31,-84,-44.55
18,-31,-83,-43.9
19,-31,-77,-42.33
20,-31,-68,-35.66
21,-31,-64,-31.83
22,-31,-70,-31.82
23,-27,-65,-31.69
24,-27,-75,-31.55
25,-26,-59,-30.48
26,-26,-63,-28.16
27,-26,-66,-28.19
28,-26,-41,-26.96
29,-25,-67,-26.82
30,-25,-66,-27.06
31,-25,-56,-26.52
32,-16,-63,-26.2
33,-16,-59,-25.49
34,-16,-71,-25.86
35,-16,-62,-25.12
36,-16,-55,-23.4
37,-16,-55,-18.01
38,-16,-45,-16.98
39,-16,-63,-17.22
40,-16,-49,-16.75
41,-15,-59,-17.32
42,-14,-54,-16.67
43,-14,-59,-16.28
44,-14,-51,-15.78
45,-14,-46,-15.76
46,-14,-58,-16.52
47,-14,-50,-15.3
48,-14,-60,-15.35
49,-12,-30,-14.27
50,-12,-47,-14.96
51,-12,-54,-15.03
52,-12,-46,-14.73
53,-12,-20,-13.02
54,-8,-47,-12.65
55,-8,-44,-12.49
56,-8,-47,-12.72
57,-8,-45,-12.09
58,-8,-47,-11.21
59,-8,-45,-9.24
60,-8,-34,-8.87
61,-8,-49,-9.08
62,-7,-47,-8.89
63,-7,-35,-8.62
64,-7,-44,-8.84
65,-5,-40,-8.19
66,-5,-48,-8.03
67,-5,-34,-7.33
68,-5,-33,-7.76
69,-5,-47,-7.71
70,-5,-49,-7.34
71,-5,-45,-6.32
72,-5,-39,-5.82
73,-5,-26,-5.62
74,-5,-41,-6.12
75,-5,-22,-5.59
76,-5,-22,-5.39
77,-5,-41,-6.32
78,-5,-30,-5.84
79,-5,-38,-6.01
80,-3,-39,-5.76
81,-3,-49,-6.13
82,-3,-39,-5.47
83,-3,-48,-4.67
84,-3,-45,-4.43
85,-3,-39,-3.81
86,-3,-18,-3.44
87,-3,-50,-3.92
88,-3,-42,-4.14
89,-3,-41,-4.36
90,-3,-43,-3.81
91,-3,-49,-3.83
92,-3,-36,-3.85
93,-3,-35,-3.86
94,-3,-35,-3.89
95,-3,-37,-3.83
96,-3,-40,-3.89
97,-3,-38,-3.92
98,-3,-36,-3.91
99,-3,-38,-3.6
100,-3,-46,-3.72
101,-3,-35,-3.81
102,-3,-42,-4.17
103,-2,-44,-3.72
104,-2,-49,-4.45
105,-2,-46,-3.76
106,-2,-49,-3.61
107,-2,-29,-2.81
108,-2,-43,-3.35
109,-2,-43,-3.09
110,-2,-45,-3.17
111,-2,-39,-3.17
112,-2,-32,-2.87
113,-2,-42,-3.14
114,-2,-13,-2.34
115,-2,-38,-3.18
116,-2,-27,-2.93
117,-2,-49,-3.76
118,-2,-43,-3.2
119,-2,-45,-3.15
120,-2,-18,-2.4
121,-2,-46,-2.71
122,-2,-35,-2.84
123,-2,-29,-2.5
124,-2,-36,-2.85
125,-2,-39,-3.07
126,-2,-28,-2.89
127,-2,-46,-2.98
128,-2,-43,-2.94
129,-2,-24,-2.63
130,-2,-43,-2.91
131,-1,-31,-2.47
132,-1,-37,-3.01
133,-1,-34,-2.66
134,-1,-45,-3.42
135,-1,-51,-3.24
136,-1,-41,-2.87
137,-1,-44,-2.85
138,-1,-37,-2.73
139,-1,-30,-2.16
140,-1,-39,-1.69
141,-1,-40,-2.33
142,-1,-50,-2.35
143,-1,-36,-1.68
144,-1,-49,-2.31
145,-1,-41,-2.02
146,-1,-35,-2.02
147,-1,-44,-1.89
148,-1,-49,-2.54
149,-1,-39,-1.73
150,-1,-31,-1.56
151,-1,-44,-2.26
152,-1,-36,-1.64
153,0,-33,-2.02
1,-76,-204,-144.34
2,-57,-174,-112.69
3,-40,-125,-83.38
4,-40,-110,-70.98
5,-40,-90,-56.81
6,-36,-84,-54.22
7,-31,-61,-43.76
8,-31,-72,-36.28
9,-30,-35,-31.1
10,-30,-71,-31.68
11,-30,-61,-31.52
12,-30,-56,-31.37
13,-29,-66,-31.13
14,-28,-69,-30.86
15,-28,-71,-30.82
16,-27,-71,-30.5
17,-26,-51,-28.64
18,-26,-55,-27.78
19,-17,-66,-27.67
20,-17,-59,-27.55
21,-14,-56,-26.3
22,-14,-52,-22.87
23,-14,-50,-17.22
24,-14,-39,-14.63
25,-14,-42,-14.74
26,-14,-48,-14.58
27,-14,-40,-15.15
28,-14,-53,-14.9
29,-14,-43,-14.6
30,-14,-37,-14.7
31,-14,-46,-15
32,-13,-56,-15.13
33,-13,-48,-14.71
34,-13,-57,-15.03
35,-13,-24,-14.06
36,-13,-57,-14.27
37,-11,-57,-14.04
38,-11,-49,-13.89
39,-11,-24,-13.19
40,-11,-25,-12.89
41,-11,-55,-12.89
42,-11,-51,-12.41
43,-10,-51,-11.8
44,-10,-56,-12.42
45,-10,-48,-12.09
46,-10,-55,-10.9
47,-10,-40,-10.8
48,-10,-29,-10.59
49,-10,-51,-11.02
50,-10,-53,-11.14
51,-9,-39,-10.37
52,-9,-41,-10.81
53,-8,-30,-10.22
54,-7,-39,-9.44
55,-7,-29,-8.91
56,-6,-37,-7.63
57,-6,-40,-7.9
58,-6,-31,-7.31
59,-6,-18,-6.69
60,-5,-20,-6.27
61,-6,-46,-7.28
62,-6,-48,-7.3
63,-6,-43,-6.89
64,-6,-35,-6.71
65,-6,-48,-7.22
66,-6,-49,-6.65
67,-6,-27,-6.52
68,-6,-51,-7.41
69,-6,-49,-7.17
70,-6,-45,-6.94
71,-3,-46,-7.03
72,-3,-41,-6.87
73,-3,-50,-6.53
74,-3,-26,-4.21
75,-3,-26,-3.67
76,-3,-46,-4.44
77,-2,-23,-3.58
78,-2,-22,-3.43
79,-2,-40,-3.09
80,-2,-38,-3.29
81,-2,-27,-2.8
82,-2,-33,-2.55
83,-2,-37,-2.66
84,-2,-41,-2.85
85,-2,-41,-2.69
86,-2,-13,-2.26
87,-2,-50,-3.36
88,-2,-39,-3.12
89,-2,-42,-2.81
90,-2,-44,-3.45
91,-2,-42,-3.44
92,-2,-44,-3.1
93,-2,-44,-3.06
94,-2,-49,-3.25
95,-2,-46,-3.07
96,-2,-28,-2.81
97,-2,-40,-3.4
98,-2,-37,-2.94
99,-2,-38,-3.04
100,-2,-41,-2.94
101,-2,-26,-2.55
102,-2,-47,-3.07
103,-2,-29,-2.78
104,-2,-35,-3.11
105,-2,-36,-2.73
106,-2,-47,-3.44
107,-2,-42,-3.23
108,-2,-36,-2.95
109,-2,-47,-3.04
110,-2,-45,-2.93
111,-2,-26,-2.59
112,-2,-45,-2.93
113,-2,-45,-3.46
114,-2,-38,-2.54
115,-2,-45,-3.31
116,-2,-45,-3.36
117,-2,-38,-3.2
118,-2,-35,-2.86
119,-2,-45,-3.28
120,-2,-37,-3
121,-2,-26,-2.62
122,-2,-30,-2.73
123,-2,-42,-3.43
124,-2,-44,-3.05
125,-2,-30,-2.53
126,-2,-43,-3.37
127,-2,-50,-2.82
128,-2,-32,-2.96
129,-2,-47,-3.61
130,-2,-50,-3
131,-2,-40,-3.29
132,-2,-50,-3.4
133,-2,-44,-2.91
134,-2,-37,-2.81
135,-2,-39,-3.16
136,-2,-44,-3.29
137,-2,-28,-2.84
138,-2,-38,-2.97
139,-2,-39,-2.95
140,-2,-33,-2.76
141,-2,-26,-2.69
142,-2,-24,-2.72
143,-2,-31,-2.72
144,-2,-17,-2.56
145,-2,-48,-3.06
146,-2,-45,-3.03
147,-2,-32,-2.95
148,-2,-39,-3.31
149,-2,-20,-2.38
150,-2,-45,-3.33
151,-2,-44,-3.18
152,-2,-42,-2.97
153,-2,-47,-3.31
154,-2,-48,-3.1
155,-2,-31,-2.81
156,-2,-22,-2.57
157,-2,-31,-2.99
158,-2,-32,-2.58
159,-2,-19,-2.58
160,-2,-45,-3.4
161,-2,-34,-3.11
162,-2,-31,-2.85
163,-2,-47,-2.94
164,-2,-24,-2.6
165,-2,-36,-2.68
166,-2,-22,-2.5
167,-2,-48,-3.47
168,-2,-39,-2.78
169,-2,-50,-3.73
170,-2,-38,-2.91
171,-2,-31,-2.77
172,-2,-45,-3.37
173,-2,-49,-3.52
174,-2,-47,-3.1
175,-2,-32,-2.73
176,-2,-30,-2.71
177,-2,-25,-2.64
178,-2,-43,-3.49
179,-2,-49,-3.33
180,-2,-38,-3.08
181,-2,-47,-3.09
182,-2,-43,-3.14
183,-2,-43,-2.9
184,-2,-37,-2.96
185,-2,-46,-2.83
186,-2,-47,-3.13
187,-2,-42,-2.86
188,-2,-42,-2.84
189,-2,-40,-2.61
190,-2,-39,-3.17
191,-2,-38,-3.37
192,-2,-31,-2.69
193,-2,-35,-2.74
194,-2,-37,-3.43
195,-2,-43,-2.62
196,-2,-26,-2.66
197,-2,-26,-2.49
198,-2,-38,-3.01
199,-2,-48,-3.27
200,-2,-44,-3.07
201,-2,-36,-2.76
202,-2,-41,-3.05
203,-2,-33,-2.52
204,-2,-35,-2.81
205,-2,-47,-3.1
206,-2,-42,-3.19
207,-2,-39,-3.06
208,-2,-47,-3.21
209,-2,-42,-3
210,-2,-42,-3.04
211,-2,-29,-2.74
212,-2,-39,-2.94
213,-2,-51,-3.52
214,-2,-35,-3.03
215,-2,-34,-2.97
216,-2,-51,-3.81
217,-2,-43,-3.33
218,-2,-20,-2.42
219,-2,-33,-2.48
220,-2,-51,-3.26
221,-2,-12,-2.28
222,-2,-35,-2.87
223,-2,-35,-2.46
224,-2,-28,-2.78
225,-2,-46,-3.74
226,-2,-18,-2.44
227,-2,-30,-2.65
228,-2,-44,-3.46
229,-2,-37,-2.77
230,-2,-32,-3.1
231,-2,-44,-3.18
232,-2,-41,-2.87
233,-2,-20,-2.56
234,-2,-29,-3.05
235,-2,-32,-2.9
236,-2,-34,-2.74
237,-2,-37,-2.86
238,-2,-36,-2.81
239,-2,-43,-2.66
240,-2,-34,-2.99
241,-2,-38,-3.23
242,-2,-46,-2.77
243,-2,-24,-2.65
244,-2,-47,-3.29
245,-2,-27,-2.68
246,-2,-38,-2.9
247,-2,-45,-2.91
248,-2,-34,-2.65
249,-2,-47,-3.38
250,-2,-42,-3.35
251,-2,-40,-3.16
252,-2,-35,-3.06
253,-2,-47,-3.51
254,-2,-43,-3.01
255,-2,-35,-2.94
256,-2,-42,-2.97
257,-2,-50,-3.38
258,-2,-40,-3.03
259,-2,-47,-3.3
260,-2,-42,-3.21
261,-2,-40,-3
262,-2,-39,-3.31
263,-2,-39,-3.37
264,-2,-27,-2.66
265,-2,-27,-2.51
266,-2,-50,-3.28
267,-2,-27,-2.76
268,-2,-44,-3.37
269,-2,-39,-3.1
270,-2,-17,-2.57
271,-2,-48,-3.47
272,-2,-48,-3.26
273,-2,-30,-2.75
274,-2,-46,-2.99
275,-2,-32,-2.95
276,-2,-34,-3.15
277,-2,-34,-2.93
278,-2,-43,-3.18
279,-1,-32,-2.51
280,-1,-40,-3.32
281,-1,-37,-2.55
282,-1,-35,-1.63
283,-1,-31,-1.87
284,-1,-47,-1.8
285,-1,-12,-1.36
286,-1,-39,-2.26
287,-1,-28,-1.72
288,-1,-23,-1.57
289,-1,-36,-1.85
290,0,-42,-1.98
1,-81,-205,-137.88
2,-51,-164,-105.68
3,-43,-118,-79.72
4,-43,-90,-55.01
5,-43,-91,-51.6
6,-43,-82,-49.93
7,-43,-76,-45.16
8,-38,-81,-43.43
9,-38,-83,-43.62
10,-38,-77,-43.18
11,-37,-76,-40.39
12,-37,-81,-39.07
13,-36,-70,-38.52
14,-34,-77,-37.93
15,-33,-76,-37.87
16,-33,-74,-37.03
17,-33,-54,-35.68
18,-31,-69,-34.54
19,-31,-64,-33.98
20,-30,-66,-33.2
21,-30,-67,-32.43
22,-30,-48,-30.89
23,-30,-68,-31.23
24,-30,-73,-30.84
25,-30,-59,-31
26,-30,-64,-30.99
27,-30,-66,-30.82
28,-30,-61,-31.09
29,-24,-62,-30.6
30,-23,-63,-30.23
31,-23,-57,-30.06
32,-23,-48,-28.33
33,-23,-58,-24.44
34,-22,-42,-23.31
35,-22,-46,-23.72
36,-19,-65,-23.93
37,-19,-33,-22.63
38,-18,-66,-22.91
39,-18,-62,-21.92
40,-18,-49,-19.04
41,-18,-57,-19.49
42,-17,-55,-18.78
43,-17,-50,-18.77
44,-17,-60,-18.64
45,-17,-55,-17.83
46,-17,-58,-18.58
47,-17,-56,-17.96
48,-17,-61,-18.65
49,-17,-59,-18.04
50,-17,-36,-17.43
51,-13,-39,-17.39
52,-12,-45,-17.57
53,-12,-46,-17.45
54,-12,-43,-16.59
55,-12,-60,-15.9
56,-11,-44,-12.85
57,-11,-28,-12.41
58,-11,-49,-12.84
59,-11,-50,-12.71
60,-11,-32,-12.33
61,-11,-55,-12.64
62,-10,-50,-11.62
63,-10,-28,-11.42
64,-10,-23,-10.9
65,-9,-40,-10.62
66,-9,-38,-10.49
67,-9,-50,-10.48
68,-9,-36,-9.79
69,-8,-40,-9.74
70,-8,-46,-10.29
71,-8,-22,-9.03
72,-7,-30,-8.47
73,-7,-48,-9.06
74,-7,-17,-7.98
75,-7,-54,-8.01
76,-7,-55,-8.62
77,-7,-36,-7.7
78,-7,-53,-7.97
79,-7,-42,-7.98
80,-7,-42,-8.41
81,-7,-52,-8.09
82,-7,-49,-8.46
83,-7,-47,-7.75
84,-7,-51,-7.93
85,-5,-46,-7.52
86,-5,-51,-8.43
87,-5,-40,-7.81
88,-5,-46,-8.2
89,-5,-42,-7.79
90,-5,-46,-6.38
91,-5,-47,-6.32
92,-5,-49,-6.26
93,-5,-44,-5.59
94,-5,-19,-5.26
95,-5,-44,-6.24
96,-5,-38,-5.62
97,-5,-46,-6.23
98,-5,-47,-6.43
99,-5,-14,-5.25
100,-5,-44,-6.01
101,-5,-34,-5.62
102,-5,-22,-5.5
103,-5,-32,-5.68
104,-5,-29,-5.93
105,-4,-43,-5.58
106,-4,-33,-5.72
107,-4,-49,-6.21
108,-4,-26,-5.57
109,-4,-50,-5.77
110,-4,-47,-5.18
111,-4,-39,-4.99
112,-4,-38,-4.83
113,-4,-39,-4.82
114,-4,-43,-5.29
115,-4,-50,-5.28
116,-4,-49,-5.34
117,-4,-13,-4.2
118,-4,-15,-4.29
119,-4,-38,-4.98
120,-4,-31,-4.43
121,-4,-39,-4.65
122,-4,-46,-5.22
123,-4,-52,-5.16
124,-4,-12,-4.24
125,-4,-36,-4.97
126,-4,-44,-4.76
127,-4,-52,-5.39
128,-4,-32,-4.46
129,-4,-38,-5.07
130,-2,-24,-4.42
131,-2,-54,-5.3
132,-2,-40,-3.87
133,-2,-38,-3.39
134,-2,-24,-2.6
135,-2,-46,-3.4
136,-2,-36,-2.63
137,-2,-35,-2.87
138,-2,-39,-2.51
139,-2,-30,-3.11
140,-2,-23,-2.61
141,-1,-13,-2.13
142,-1,-20,-2.38
143,-1,-38,-2.48
144,-1,-43,-1.97
145,-1,-35,-1.51
146,-1,-29,-1.79
147,-1,-36,-1.99
148,-1,-36,-1.64
149,-1,-36,-2.26
150,-1,-43,-2.12
151,-1,-26,-1.62
152,-1,-32,-1.88
153,-1,-34,-1.62
154,-1,-31,-1.71
155,-1,-42,-1.96
156,-1,-21,-1.82
157,-1,-28,-1.66
158,-1,-28,-1.62
159,-1,-26,-1.73
160,-1,-36,-1.7
161,-1,-27,-1.61
162,-1,-36,-1.89
163,-1,-31,-1.66
164,-1,-19,-1.35
165,-1,-43,-2.46
166,-1,-48,-2.47
167,-1,-46,-2.52
168,-1,-47,-2.17
169,-1,-40,-2.16
170,-1,-42,-1.61
171,-1,-46,-2.09
172,-1,-37,-2.03
173,-1,-38,-2
174,-1,-42,-2.26
175,-1,-35,-1.83
176,-1,-34,-1.88
177,-1,-40,-2.24
178,-1,-32,-2.19
179,-1,-48,-1.92
180,-1,-51,-2.28
181,-1,-29,-2.05
182,-1,-26,-1.53
183,-1,-35,-1.76
184,-1,-41,-2.1
185,-1,-34,-1.85
186,-1,-34,-1.73
187,0,-27,-1.74
1,-83,-173,-136.63
2,-79,-149,-109.96
3,-76,-122,-89.29
4,-75,-98,-79.12
5,-75,-99,-79.08
6,-71,-88,-77.54
7,-71,-118,-75.76
8,-69,-89,-72.77
9,-69,-93,-71.27
10,-68,-100,-71.01
11,-67,-93,-69.46
12,-64,-88,-69.15
13,-59,-84,-68.23
14,-59,-87,-67.04
15,-57,-106,-65.49
16,-57,-94,-64.5
17,-57,-100,-64.31
18,-46,-101,-62.61
19,-46,-80,-57.32
20,-39,-76,-55.37
21,-39,-81,-50.44
22,-39,-63,-39.83
23,-39,-57,-39.45
24,-39,-79,-40.14
25,-39,-75,-39.59
26,-37,-74,-39.57
27,-37,-71,-39.59
28,-37,-75,-40.19
29,-37,-84,-39.64
30,-36,-72,-38.54
31,-33,-65,-37.66
32,-32,-64,-36.46
33,-31,-73,-35.22
34,-24,-61,-32.25
35,-23,-74,-32.23
36,-23,-63,-30.38
37,-23,-63,-26.26
38,-20,-62,-23.52
39,-20,-60,-23.93
40,-20,-72,-24.4
41,-20,-63,-23.99
42,-20,-58,-23.85
43,-20,-51,-22.45
44,-20,-53,-20.92
45,-20,-53,-21.13
46,-19,-57,-20.54
47,-19,-45,-20.57
48,-19,-64,-21.03
49,-19,-59,-20.29
50,-19,-53,-19.87
51,-19,-62,-20.35
52,-19,-58,-19.86
53,-19,-59,-20.2
54,-19,-57,-19.75
55,-19,-48,-19.85
56,-19,-54,-20.29
57,-19,-38,-19.66
58,-19,-54,-20.11
59,-19,-52,-19.78
60,-15,-56,-19.61
61,-15,-68,-20.22
62,-15,-57,-19.49
63,-15,-64,-17.04
64,-10,-59,-16.14
65,-10,-43,-15.28
66,-10,-46,-14.32
67,-10,-43,-11.08
68,-10,-37,-10.75
69,-10,-36,-10.56
70,-10,-46,-11.02
71,-10,-56,-11.31
72,-10,-43,-10.95
73,-10,-44,-11.09
74,-10,-46,-10.81
75,-10,-50,-11.07
76,-10,-56,-10.93
77,-10,-44,-10.9
78,-10,-43,-10.86
79,-10,-57,-11.33
80,-10,-29,-10.36
81,-10,-48,-11.13
82,-10,-47,-11.13
83,-10,-36,-10.65
84,-10,-35,-10.69
85,-10,-55,-11.28
86,-10,-49,-11.01
87,-10,-46,-10.82
88,-10,-49,-11.09
89,-10,-59,-11.23
90,-8,-47,-10.78
91,-8,-45,-11.09
92,-8,-40,-10.58
93,-8,-58,-10.48
94,-8,-47,-8.96
95,-8,-56,-9.4
96,-8,-38,-8.51
97,-8,-28,-8.64
98,-8,-33,-8.78
99,-8,-41,-8.77
100,-7,-50,-9.08
101,-8,-48,-8.91
102,-8,-45,-8.95
103,-8,-39,-9.03
104,-8,-31,-8.67
105,-7,-54,-8.97
106,-7,-39,-8.63
107,-7,-41,-8.96
108,-7,-42,-8.9
109,-7,-50,-8.16
110,-7,-52,-8.31
111,-7,-32,-7.58
112,-7,-45,-8.16
113,-7,-47,-7.81
114,-7,-40,-7.81
115,-7,-42,-7.98
116,-6,-27,-7.33
117,-6,-25,-7.37
118,-6,-41,-8.09
119,-6,-43,-7.72
120,-6,-48,-6.72
121,-6,-25,-6.37
122,-6,-31,-6.65
123,-6,-49,-7.16
124,-6,-35,-6.62
125,-6,-44,-6.85
126,-6,-46,-6.65
127,-6,-36,-6.73
128,-6,-43,-7.08
129,-6,-36,-6.81
130,-5,-31,-6.69
131,-5,-34,-6.96
132,-5,-32,-6.51
133,-5,-46,-6.89
134,-5,-47,-5.65
135,-5,-25,-5.47
136,-5,-33,-5.64
137,-5,-38,-6.02
138,-5,-52,-6.74
139,-5,-51,-5.93
140,-5,-41,-5.7
141,-5,-40,-5.8
142,-5,-36,-5.72
143,-5,-26,-5.67
144,-5,-40,-5.71
145,-5,-46,-6.54
146,-5,-47,-6.12
147,-4,-34,-5.68
148,-4,-44,-5.95
149,-4,-36,-5.65
150,-4,-42,-5.51
151,-4,-49,-5.54
152,-4,-37,-4.58
153,-4,-44,-5.39
154,-4,-48,-5.2
155,-4,-39,-4.77
156,-4,-39,-4.82
157,-4,-40,-5.21
158,-4,-45,-5.35
159,-4,-38,-5.18
160,-4,-47,-4.97
161,-4,-53,-5.12
162,-4,-15,-4.34
163,-3,-30,-4.63
164,-3,-29,-4.62
165,-3,-32,-4.52
166,-3,-38,-4.9
167,-3,-43,-5.01
168,-3,-35,-3.63
169,-3,-12,-3.23
170,-3,-36,-3.98
171,-3,-52,-4.06
172,-2,-43,-3.6
173,-2,-28,-3.47
174,-2,-31,-3.61
175,-2,-31,-3.02
176,-2,-45,-3.25
177,-2,-43,-3.1
178,-2,-50,-3.15
179,-2,-34,-3.28
180,-2,-29,-2.8
181,-2,-28,-2.34
182,-2,-45,-3.05
183,-2,-37,-2.95
184,-2,-24,-2.46
185,-2,-42,-3.14
186,-2,-46,-3.89
187,-2,-25,-2.79
188,-2,-25,-2.34
189,-2,-47,-3.29
190,-2,-31,-2.78
191,-2,-13,-2.2
192,-2,-42,-3.4
193,-2,-44,-3.1
194,-2,-35,-2.87
195,-2,-22,-2.68
196,-2,-42,-2.98
197,-2,-41,-3.14
198,-2,-38,-2.84
199,-2,-45,-3.19
200,-2,-37,-2.7
201,-2,-29,-2.69
202,-2,-38,-2.84
203,-2,-30,-2.79
204,-2,-30,-2.75
205,-2,-35,-3.08
206,-2,-51,-3.24
207,-2,-30,-2.65
208,-2,-41,-2.98
209,-2,-34,-2.67
210,-2,-51,-3.23
211,-2,-33,-2.83
212,-2,-48,-2.93
213,-2,-49,-3.41
214,-2,-38,-2.6
215,-2,-37,-2.9
216,-2,-39,-3.28
217,-2,-45,-3.03
218,-2,-33,-2.91
219,-2,-43,-3.11
220,-2,-25,-2.46
221,-2,-33,-2.77
222,-2,-50,-3.47
223,-2,-38,-2.81
224,-2,-40,-3.17
225,-2,-35,-2.97
226,-2,-45,-2.98
227,-2,-40,-3.08
228,-2,-41,-2.87
229,-2,-35,-3.01
230,-2,-14,-2.36
231,-2,-26,-2.82
232,-2,-23,-2.53
233,-2,-49,-3.66
234,-2,-35,-2.84
235,-2,-50,-3.44
236,-2,-45,-3.39
237,-2,-41,-3.21
238,-2,-32,-2.59
239,-2,-39,-3.03
240,-2,-43,-3.39
241,-2,-42,-2.94
242,-2,-37,-3.17
243,-2,-42,-3.32
244,-2,-36,-2.65
245,-2,-28,-2.45
246,-2,-41,-3.02
247,-2,-36,-2.69
248,-2,-41,-2.93
249,-2,-22,-2.45
250,-2,-50,-3.03
251,-2,-8,-2.15
252,-2,-38,-2.71
253,-2,-43,-2.75
254,-2,-44,-2.62
255,-2,-30,-2.69
256,-2,-45,-3.05
257,-2,-44,-3.45
258,-2,-36,-2.73
259,-2,-46,-2.95
260,-2,-32,-2.81
261,-2,-39,-2.7
262,-2,-48,-3.34
263,-2,-49,-3.59
264,-2,-37,-2.94
265,-2,-26,-2.71
266,-2,-25,-2.5
267,-2,-45,-3.4
268,-2,-41,-3.35
269,-2,-20,-2.44
270,-2,-44,-3.18
271,-2,-42,-2.94
272,-2,-24,-2.72
273,-2,-18,-2.32
274,-2,-47,-2.69
275,-2,-23,-2.42
276,-2,-24,-2.63
277,-2,-49,-3.26
278,-2,-30,-3.1
279,-2,-29,-2.68
280,-2,-15,-2.39
281,-2,-37,-3.09
282,-2,-49,-3.25
283,-2,-29,-2.97
284,-2,-21,-2.46
285,-2,-42,-2.62
286,-2,-27,-2.62
287,-2,-16,-2.26
288,-2,-39,-2.88
289,-1,-23,-2.49
290,-1,-42,-3.08
291,-1,-39,-2.68
292,-1,-37,-1.81
293,-1,-31,-1.69
294,-1,-46,-2.38
295,-1,-40,-2.27
296,-1,-30,-1.89
297,-1,-32,-1.43
298,-1,-29,-1.95
299,-1,-47,-2.27
300,-1,-26,-1.55
301,-1,-44,-1.89
302,0,-40,-2.25
1,-69,-201,-131.95
2,-51,-145,-99.67
3,-47,-116,-72.34
4,-46,-85,-52.18
5,-42,-89,-50.07
6,-42,-97,-47.73
7,-38,-84,-45.91
8,-38,-89,-42.91
9,-31,-82,-42.15
10,-27,-65,-38.81
11,-27,-63,-36.42
12,-27,-57,-30.8
13,-25,-44,-27.34
14,-25,-52,-27.33
15,-25,-72,-27.24
16,-25,-60,-25.93
17,-22,-70,-26.05
18,-22,-51,-25.48
19,-22,-65,-25.75
20,-22,-59,-25.52
21,-21,-74,-25.15
22,-20,-43,-22.7
23,-16,-63,-21.5
24,-16,-56,-20.57
25,-16,-57,-19.39
26,-13,-52,-16.84
27,-13,-58,-17.09
28,-13,-54,-16.22
29,-13,-36,-14.76
30,-13,-44,-14.2
31,-13,-47,-13.57
32,-13,-53,-14.05
33,-13,-41,-13.81
34,-13,-48,-13.73
35,-12,-49,-13.95
36,-12,-45,-13.82
37,-9,-48,-13.6
38,-9,-50,-13.39
39,-8,-53,-13.02
40,-8,-38,-12.05
41,-8,-52,-11.09
42,-8,-48,-8.87
43,-8,-48,-8.64
44,-8,-26,-8.4
45,-8,-46,-9.3
46,-8,-31,-8.62
47,-8,-29,-8.61
48,-8,-26,-8.51
49,-8,-53,-9.18
50,-8,-34,-8.73
51,-8,-37,-8.55
52,-8,-51,-8.84
53,-8,-42,-8.92
54,-8,-41,-9.12
55,-8,-57,-8.92
56,-8,-27,-8.5
57,-8,-41,-9.1
58,-8,-43,-9.02
59,-8,-47,-9.12
60,-8,-48,-8.65
61,-7,-32,-8.4
62,-7,-49,-8.88
63,-7,-41,-8.63
64,-7,-33,-8.02
65,-7,-21,-7.44
66,-5,-50,-8.19
67,-5,-21,-7.32
68,-5,-18,-7.35
69,-5,-50,-7.69
70,-5,-40,-7
71,-4,-32,-5.43
72,-4,-36,-5.62
73,-4,-28,-5.43
74,-4,-48,-6.42
75,-4,-36,-4.93
76,-4,-45,-4.96
77,-4,-47,-5.47
78,-4,-34,-4.79
79,-4,-35,-4.74
80,-4,-45,-4.93
81,-4,-44,-5.1
82,-4,-44,-5.29
83,-4,-37,-4.72
84,-4,-37,-4.44
85,-4,-36,-4.9
86,-4,-48,-5.21
87,-4,-37,-5.01
88,-4,-31,-4.83
89,-4,-52,-5.73
90,-4,-44,-5.25
91,-4,-38,-4.59
92,-4,-44,-5.11
93,-3,-45,-5.01
94,-3,-33,-4.78
95,-3,-47,-4.95
96,-3,-32,-4.3
97,-3,-41,-4.61
98,-3,-29,-3.83
99,-3,-51,-3.85
100,-3,-46,-3.91
101,-3,-42,-3.91
102,-3,-45,-3.66
103,-3,-34,-3.72
104,-3,-51,-4.18
105,-3,-26,-3.43
106,-3,-24,-3.67
107,-3,-43,-3.81
108,-3,-34,-4.09
109,-3,-39,-4.06
110,-3,-34,-4
111,-3,-38,-3.92
112,-3,-33,-3.53
113,-3,-30,-3.61
114,-3,-32,-4.01
115,-3,-29,-3.46
116,-3,-39,-4.42
117,-3,-24,-3.46
118,-3,-43,-4.26
119,-3,-41,-3.68
120,-3,-36,-3.49
121,-3,-33,-3.62
122,-3,-33,-3.75
123,-3,-43,-3.92
124,-3,-38,-3.68
125,-3,-35,-3.65
126,-3,-34,-3.7
127,-3,-37,-3.86
128,-3,-18,-3.49
129,-3,-53,-4.4
130,-3,-44,-4.06
131,-3,-43,-4.13
132,-3,-32,-3.66
133,-3,-42,-4.31
134,-3,-43,-3.86
135,-3,-36,-4.08
136,-3,-45,-3.89
137,-3,-39,-4.19
138,-3,-47,-4.44
139,-3,-44,-4.18
140,-3,-45,-4.59
141,-3,-41,-4.06
142,-3,-23,-3.59
143,-3,-37,-3.92
144,-3,-36,-3.84
145,-3,-31,-3.57
146,-3,-36,-3.94
147,-3,-31,-3.93
148,-3,-44,-3.76
149,-3,-47,-4.06
150,-3,-48,-4.29
151,-3,-46,-4.11
152,-3,-48,-4.29
153,-3,-31,-3.81
154,-3,-37,-4.08
155,-3,-37,-3.97
156,-3,-39,-4.3
157,-3,-50,-4.25
158,-3,-43,-3.97
159,-3,-43,-3.74
160,-3,-46,-4.2
161,-3,-46,-3.81
162,-3,-39,-4.37
163,-3,-49,-4.19
164,-3,-27,-3.69
165,-3,-29,-3.9
166,-3,-43,-4.15
167,-3,-45,-3.87
168,-3,-50,-4.26
169,-3,-40,-3.84
170,-3,-33,-3.58
171,-3,-35,-3.95
172,-3,-42,-4.04
173,-3,-40,-3.89
174,-3,-46,-3.99
175,-3,-33,-3.81
176,-3,-42,-3.8
177,-3,-46,-4.38
178,-3,-45,-4.73
179,-3,-40,-3.6
180,-3,-20,-3.58
181,-3,-44,-4.25
182,-3,-20,-3.48
183,-3,-31,-3.7
184,-3,-49,-4.31
185,-3,-47,-4.32
186,-3,-31,-3.63
187,-2,-49,-4.05
188,-2,-30,-3.36
189,-2,-19,-3.19
190,-2,-45,-2.92
191,-2,-42,-3.11
192,-2,-24,-2.46
193,-2,-46,-2.9
194,-2,-46,-3.13
195,-2,-34,-2.9
196,-2,-36,-2.76
197,-2,-39,-2.71
198,-2,-31,-2.48
199,-2,-39,-2.78
200,-2,-43,-3.19
201,-2,-33,-2.84
202,-2,-45,-2.99
203,-2,-14,-2.39
204,-2,-27,-2.76
205,-2,-28,-2.75
206,-2,-33,-3.05
207,-2,-34,-2.61
208,-2,-40,-2.94
209,-2,-45,-3.31
210,-2,-24,-2.66
211,-2,-49,-2.88
212,-2,-37,-2.97
213,-2,-43,-3
214,-2,-33,-2.71
215,-2,-16,-2.35
216,-2,-48,-2.98
217,-2,-41,-2.91
218,-2,-37,-2.88
219,-1,-31,-2.67
220,-1,-49,-2.76
221,-1,-46,-2.47
222,-1,-41,-1.87
223,-1,-32,-2.01
224,-1,-31,-1.75
225,-1,-44,-2.37
226,-1,-46,-2.16
227,-1,-40,-1.59
228,-1,-43,-2.16
229,-1,-16,-1.52
230,-1,-32,-1.71
231,-1,-40,-2.35
232,-1,-36,-2.36
233,-1,-28,-1.69
234,-1,-47,-2.15
235,-1,-43,-1.98
236,-1,-38,-1.73
237,-1,-45,-2.05
238,-1,-47,-2.1
239,-1,-23,-1.6
240,-1,-43,-2.45
241,-1,-32,-1.91
242,-1,-44,-2.14
243,-1,-42,-1.95
244,-1,-33,-1.75
245,-1,-44,-1.82
246,-1,-26,-1.56
247,-1,-25,-1.51
248,-1,-44,-1.92
249,-1,-42,-2.42
250,-1,-50,-2.38
251,-1,-34,-2.09
252,-1,-45,-1.81
253,-1,-51,-2.18
254,-1,-46,-2.17
255,-1,-38,-1.93
256,-1,-42,-2.21
257,-1,-37,-1.58
258,-1,-35,-1.87
259,-1,-34,-2.33
260,-1,-47,-2.05
261,-1,-41,-2.23
262,-1,-41,-2.47
263,-1,-43,-2.14
264,-1,-46,-2.03
265,-1,-44,-2.08
266,-1,-35,-2.03
267,-1,-41,-2.06
268,-1,-30,-1.53
269,-1,-51,-2.28
270,-1,-35,-1.72
271,-1,-40,-1.99
272,-1,-17,-1.61
273,-1,-43,-2.7
274,-1,-46,-2.19
275,-1,-21,-1.68
276,-1,-40,-1.6
277,-1,-48,-2.04
278,-1,-44,-1.85
279,-1,-34,-1.72
280,-1,-26,-1.49
281,-1,-42,-1.92
282,-1,-41,-2.13
283,-1,-41,-1.7
284,-1,-39,-2.08
285,-1,-41,-2.15
286,-1,-43,-2.27
287,-1,-47,-2.34
288,-1,-44,-1.8
289,-1,-27,-1.48
290,-1,-41,-2.24
291,-1,-44,-2.39
292,-1,-18,-1.53
293,-1,-24,-1.7
294,-1,-33,-1.64
295,-1,-43,-2.13
296,-1,-12,-1.19
297,-1,-35,-2.01
298,-1,-30,-1.79
299,-1,-32,-2.16
300,-1,-46,-2.41
301,-1,-34,-1.85
302,-1,-29,-1.47
303,-1,-29,-1.84
304,-1,-40,-2.1
305,-1,-33,-1.69
306,-1,-18,-1.46
307,-1,-36,-1.82
308,-1,-41,-1.78
309,-1,-27,-1.87
310,-1,-34,-1.81
311,-1,-45,-1.77
312,-1,-18,-1.63
313,-1,-30,-2.1
314,-1,-49,-2.41
315,-1,-33,-1.92
316,-1,-45,-1.98
317,-1,-30,-2.11
318,-1,-37,-2.01
319,-1,-36,-2.1
320,-1,-44,-2.28
321,-1,-39,-1.95
322,-1,-46,-1.86
323,-1,-39,-1.87
324,-1,-31,-1.54
325,-1,-47,-2.25
326,-1,-42,-2.11
327,-1,-33,-1.96
328,-1,-41,-1.72
329,-1,-33,-1.98
330,-1,-40,-2.11
331,-1,-40,-1.86
332,-1,-39,-2.32
333,-1,-22,-1.81
334,-1,-28,-1.65
335,-1,-35,-2.02
336,-1,-40,-1.79
337,-1,-24,-1.62
338,-1,-39,-1.63
339,-1,-44,-2.6
340,-1,-35,-2.32
341,-1,-47,-2.1
342,-1,-36,-2.03
343,-1,-43,-2.14
344,-1,-45,-2.27
345,-1,-45,-2.15
346,-1,-15,-1.48
347,-1,-40,-1.91
348,-1,-14,-1.39
349,-1,-41,-2.16
350,-1,-42,-2.14
351,-1,-28,-1.68
352,-1,-43,-1.72
353,-1,-40,-1.88
354,-1,-46,-1.85
355,-1,-11,-1.2
356,-1,-34,-1.83
357,-1,-46,-2.34
358,-1,-37,-2
359,-1,-19,-1.36
360,-1,-43,-2.21
361,-1,-39,-1.77
362,-1,-10,-1.23
363,-1,-43,-2.47
364,-1,-50,-1.87
365,-1,-38,-2.01
366,-1,-45,-2.79
367,-1,-18,-1.4
368,-1,-42,-1.91
369,-1,-51,-2.19
370,-1,-42,-1.88
371,-1,-36,-1.98
372,-1,-44,-2.6
373,-1,-30,-1.61
374,-1,-43,-2.57
375,-1,-29,-1.61
376,-1,-35,-1.88
377,-1,-45,-2.15
378,-1,-22,-1.6
379,-1,-21,-1.37
380,-1,-41,-2.05
381,-1,-31,-1.69
382,-1,-36,-1.97
383,-1,-38,-1.77
384,-1,-27,-1.66
385,-1,-36,-1.94
386,-1,-44,-2.33
387,-1,-46,-2.08
388,-1,-42,-2.23
389,-1,-20,-1.58
390,-1,-40,-2.5
391,-1,-31,-1.44
392,-1,-24,-1.4
393,-1,-33,-1.64
394,-1,-21,-1.53
395,-1,-46,-2.22
396,-1,-28,-1.74
397,-1,-31,-1.96
398,-1,-44,-2.47
399,-1,-47,-2.71
400,-1,-42,-2.21
401,-1,-38,-2.2
402,-1,-39,-2.59
403,-1,-24,-1.7
404,-1,-42,-2.41
405,-1,-43,-1.87
406,-1,-44,-2.24
407,-1,-38,-1.9
408,-1,-49,-2.05
409,-1,-44,-2.34
410,-1,-43,-2.09
411,-1,-41,-2.07
412,-1,-26,-1.42
413,-1,-42,-2.16
414,-1,-21,-1.37
415,-1,-38,-1.76
416,-1,-36,-1.73
417,-1,-29,-1.54
418,-1,-38,-2.28
419,-1,-11,-1.27
420,-1,-43,-2.18
421,-1,-40,-1.72
422,-1,-36,-2.09
423,-1,-23,-1.71
424,-1,-28,-1.79
425,-1,-22,-1.46
426,-1,-39,-2.12
427,-1,-41,-1.95
428,-1,-44,-2.31
429,-1,-29,-1.78
430,-1,-49,-2.08
431,-1,-32,-1.87
432,-1,-31,-2.15
433,-1,-28,-1.66
434,-1,-19,-1.54
435,-1,-44,-2.01
436,-1,-40,-2.29
437,-1,-50,-2.47
438,-1,-31,-1.73
439,-1,-45,-2.43
440,-1,-41,-1.93
441,-1,-29,-1.87
442,-1,-43,-2.35
443,-1,-50,-2.69
444,-1,-42,-2.11
445,-1,-33,-2.05
446,-1,-29,-1.53
447,0,-21,-1.5
